possessor,possessed,gender,tier,example
his,enter,male,pronoun,"However little known the feelings or views of such a man may be on his first entering a neighbourhood, this truth is so well fixed in the minds of the"
his,lady,male,pronoun,"“My dear Mr. Bennet,” said his lady to him one day, “have you heard that Netherfield Park is let at last?”"
his,wife,male,pronoun,"“Do not you want to know who has taken it?” cried his wife, impatiently."
his,servant,male,pronoun,"“Why, my dear, you must know, Mrs. Long says that Netherfield is taken by a young man of large fortune from the north of England; that he came down on"
his,name,male,pronoun,“What is his name?”
his,wife,male,pronoun,"“My dear Mr. Bennet,” replied his wife, “how can you be so tiresome?"
his,design,male,pronoun,“Is that his design in settling here?”
her,beauty,female,pronoun,"When a woman has five grown-up daughters, she ought to give over thinking of her own beauty.”"
his,marrying,male,pronoun,I dare say Mr. Bingley will be very glad to see you; and I will send a few lines by you to assure him of my hearty consent to his marrying whichever h
her,sister,female,pronoun,"“They have none of them much to recommend them,” replied he: “they are all silly and ignorant like other girls; but Lizzy has something more of quickn"
his,wife,male,pronoun,"Mr. Bennet was so odd a mixture of quick parts, sarcastic humour, reserve, and caprice, that the experience of three-and-twenty years had been insuffi"
his,character,male,pronoun,"Mr. Bennet was so odd a mixture of quick parts, sarcastic humour, reserve, and caprice, that the experience of three-and-twenty years had been insuffi"
she,mind,female,pronoun,Her_ mind was less difficult to develope.
her,life,female,pronoun,The business of her life was to get her daughters married: its solace was visiting and news.
her,daughter,female,pronoun,The business of her life was to get her daughters married: its solace was visiting and news.
his,wife,male,pronoun,"He had always intended to visit him, though to the last always assuring his wife that he should not go; and till the evening after the visit was paid "
his,daughter,male,pronoun,"Observing his second daughter employed in trimming a hat, he suddenly addressed her with,--"
her,mother,female,pronoun,"Mr. Bingley likes,” said her mother, resentfully, “since we are not to visit.”"
her,own,female,pronoun,She has two nieces of her own.
her,daughter,female,pronoun,"Mrs. Bennet deigned not to make any reply; but, unable to contain herself, began scolding one of her daughters."
her,cough,female,pronoun,"“Kitty has no discretion in her coughs,” said her father; “she times them ill.”"
her,father,female,pronoun,"“Kitty has no discretion in her coughs,” said her father; “she times them ill.”"
her,mother,female,pronoun,"“Ay, so it is,” cried her mother, “and Mrs. Long does not come back till the day before; so, it will be impossible for her to introduce him, for she w"
her,niece,female,pronoun,"But if _we_ do not venture, somebody else will; and after all, Mrs. Long and her nieces must stand their chance; and, therefore, as she will think it "
her,idea,female,pronoun,"“While Mary is adjusting her ideas,” he continued, “let us return to Mr. Bingley.”"
his,wife,male,pronoun,"“I am sick of Mr. Bingley,” cried his wife."
his,wife,male,pronoun,"“Now, Kitty, you may cough as much as you choose,” said Mr. Bennet; and, as he spoke, he left the room, fatigued with the raptures of his wife."
his,kindness,male,pronoun,"“I do not know how you will ever make him amends for his kindness; or me either, for that matter."
bennet,visit,male,name,"The rest of the evening was spent in conjecturing how soon he would return Mr. Bennet’s visit, and determining when they should ask him to dinner."
her,daughter,female,pronoun,"[Illustration] Not all that Mrs. Bennet, however, with the assistance of her five daughters, could ask on the subject, was sufficient to draw from her"
her,husband,female,pronoun,"[Illustration] Not all that Mrs. Bennet, however, with the assistance of her five daughters, could ask on the subject, was sufficient to draw from her"
her,report,female,pronoun,Her report was highly favourable.
bingley,heart,male,name,To be fond of dancing was a certain step towards falling in love; and very lively hopes of Mr. Bingley’s heart were entertained.
her,husband,female,pronoun,"“If I can but see one of my daughters happily settled at Netherfield,” said Mrs. Bennet to her husband, “and all the others equally well married, I sh"
bennet,visit,male,name,"In a few days Mr. Bingley returned Mr. Bennet’s visit, and sat about ten minutes with him in his library."
his,library,male,pronoun,"In a few days Mr. Bingley returned Mr. Bennet’s visit, and sat about ten minutes with him in his library."
her,housekeeping,female,pronoun,"An invitation to dinner was soon afterwards despatched; and already had Mrs. Bennet planned the courses that were to do credit to her housekeeping, wh"
his,arrival,male,pronoun,She could not imagine what business he could have in town so soon after his arrival in Hertfordshire; and she began to fear that he might always be fl
her,fear,female,pronoun,Lady Lucas quieted her fears a little by starting the idea of his [Illustration: “When the Party entered”
his,illustration,male,pronoun,Lady Lucas quieted her fears a little by starting the idea of his [Illustration: “When the Party entered”
his,sister,male,pronoun,"The girls grieved over such a number of ladies; but were comforted the day before the ball by hearing that, instead of twelve, he had brought only six"
his,sister,male,pronoun,"And when the party entered the assembly-room, it consisted of only five altogether: Mr. Bingley, his two sisters, the husband of the eldest, and anoth"
his,sister,male,pronoun,"His sisters were fine women, with an air of decided fashion."
his,brother,male,pronoun,"His brother-in-law, Mr. Hurst, merely looked the gentleman; but his friend Mr. Darcy soon drew the attention of the room by his fine, tall person, han"
his,friend,male,pronoun,"His brother-in-law, Mr. Hurst, merely looked the gentleman; but his friend Mr. Darcy soon drew the attention of the room by his fine, tall person, han"
his,person,male,pronoun,"His brother-in-law, Mr. Hurst, merely looked the gentleman; but his friend Mr. Darcy soon drew the attention of the room by his fine, tall person, han"
his,entrance,male,pronoun,"His brother-in-law, Mr. Hurst, merely looked the gentleman; but his friend Mr. Darcy soon drew the attention of the room by his fine, tall person, han"
his,manner,male,pronoun,"The gentlemen pronounced him to be a fine figure of a man, the ladies declared he was much handsomer than Mr. Bingley, and he was looked at with great"
his,popularity,male,pronoun,"The gentlemen pronounced him to be a fine figure of a man, the ladies declared he was much handsomer than Mr. Bingley, and he was looked at with great"
his,company,male,pronoun,"The gentlemen pronounced him to be a fine figure of a man, the ladies declared he was much handsomer than Mr. Bingley, and he was looked at with great"
his,estate,male,pronoun,"The gentlemen pronounced him to be a fine figure of a man, the ladies declared he was much handsomer than Mr. Bingley, and he was looked at with great"
his,friend,male,pronoun,"The gentlemen pronounced him to be a fine figure of a man, the ladies declared he was much handsomer than Mr. Bingley, and he was looked at with great"
his,friend,male,pronoun,What a contrast between him and his friend!
his,party,male,pronoun,"Mr. Darcy danced only once with Mrs. Hurst and once with Miss Bingley, declined being introduced to any other lady, and spent the rest of the evening "
his,character,male,pronoun,His character was decided.
his,behaviour,male,pronoun,"Amongst the most violent against him was Mrs. Bennet, whose dislike of his general behaviour was sharpened into particular resentment by his having sl"
her,daughter,female,pronoun,"Amongst the most violent against him was Mrs. Bennet, whose dislike of his general behaviour was sharpened into particular resentment by his having sl"
his,friend,male,pronoun,"Elizabeth Bennet had been obliged, by the scarcity of gentlemen, to sit down for two dances; and during part of that time, Mr. Darcy had been standing"
her,sister,female,pronoun,"But there is one of her sisters sitting down just behind you, who is very pretty, and I dare say very agreeable."
her,eye,female,pronoun,"[_Copyright 1894 by George Allen._]] “Which do you mean?” and turning round, he looked for a moment at Elizabeth, till, catching her eye, he withdrew "
his,own,male,pronoun,"[_Copyright 1894 by George Allen._]] “Which do you mean?” and turning round, he looked for a moment at Elizabeth, till, catching her eye, he withdrew "
her,smile,female,pronoun,"You had better return to your partner and enjoy her smiles, for you are wasting your time with me.”"
his,advice,male,pronoun,Mr. Bingley followed his advice.
her,friend,female,pronoun,"She told the story, however, with great spirit among her friends; for she had a lively, playful disposition, which delighted in anything ridiculous."
her,daughter,female,pronoun,Mrs. Bennet had seen her eldest daughter much admired by the Netherfield party.
his,sister,male,pronoun,"Mr. Bingley had danced with her twice, and she had been distinguished by his sisters."
her,mother,female,pronoun,"Jane was as much gratified by this as her mother could be, though in a quieter way."
his,wife,male,pronoun,He had rather hoped that all his wife’s views on the stranger would be disappointed; but he soon found that he had a very different story to hear.
wife,view,female,role_noun,He had rather hoped that all his wife’s views on the stranger would be disappointed; but he soon found that he had a very different story to hear.
her,husband,female,pronoun,"Then, the two third he danced with Miss King, and the two fourth with Maria Lucas, and the two fifth with Jane again, and the two sixth with Lizzy, an"
his,partner,male,pronoun,"For God’s sake, say no more of his partners."
his,ancle,male,pronoun,O that he had sprained his ancle in the first dance!”
his,sister,male,pronoun,and his sisters are charming women.
his,_,male,pronoun,"“But I can assure you,” she added, “that Lizzy does not lose much by not suiting _his_ fancy; for he is a most disagreeable, horrid man, not at all wo"
her,praise,female,pronoun,"[Illustration] When Jane and Elizabeth were alone, the former, who had been cautious in her praise of Mr. Bingley before, expressed to her sister how "
her,sister,female,pronoun,"[Illustration] When Jane and Elizabeth were alone, the former, who had been cautious in her praise of Mr. Bingley before, expressed to her sister how "
his,character,male,pronoun,His character is thereby complete.”
his,gallantry,male,pronoun,No thanks to his gallantry for that.
man,sister,male,role_noun,"And so, you like this man’s sisters, too, do you?"
her,brother,female,pronoun,"Miss Bingley is to live with her brother, and keep his house; and I am much mistaken if we shall not find a very charming neighbour in her.”"
his,house,male,pronoun,"Miss Bingley is to live with her brother, and keep his house; and I am much mistaken if we shall not find a very charming neighbour in her.”"
her,sister,female,pronoun,"Elizabeth listened in silence, but was not convinced: their behaviour at the assembly had not been calculated to please in general; and with more quic"
brother,fortune,male,role_noun,They were of a respectable family in the north of England; a circumstance more deeply impressed on their memories than that their brother’s fortune an
his,father,male,pronoun,"Mr. Bingley inherited property to the amount of nearly a hundred thousand pounds from his father, who had intended to purchase an estate, but did not "
his,county,male,pronoun,"Mr. Bingley intended it likewise, and sometimes made choice of his county; but, as he was now provided with a good house and the liberty of a manor, i"
his,temper,male,pronoun,"Mr. Bingley intended it likewise, and sometimes made choice of his county; but, as he was now provided with a good house and the liberty of a manor, i"
his,day,male,pronoun,"Mr. Bingley intended it likewise, and sometimes made choice of his county; but, as he was now provided with a good house and the liberty of a manor, i"
his,sister,male,pronoun,"His sisters were very anxious for his having an estate of his own; but though he was now established only as a tenant, Miss Bingley was by no means un"
his,own,male,pronoun,"His sisters were very anxious for his having an estate of his own; but though he was now established only as a tenant, Miss Bingley was by no means un"
his,table,male,pronoun,"His sisters were very anxious for his having an estate of his own; but though he was now established only as a tenant, Miss Bingley was by no means un"
his,house,male,pronoun,"His sisters were very anxious for his having an estate of his own; but though he was now established only as a tenant, Miss Bingley was by no means un"
her,home,female,pronoun,"His sisters were very anxious for his having an estate of his own; but though he was now established only as a tenant, Miss Bingley was by no means un"
his,temper,male,pronoun,"Bingley was endeared to Darcy by the easiness, openness, and ductility of his temper, though no disposition could offer a greater contrast to his own,"
his,own,male,pronoun,"Bingley was endeared to Darcy by the easiness, openness, and ductility of his temper, though no disposition could offer a greater contrast to his own,"
his,own,male,pronoun,"Bingley was endeared to Darcy by the easiness, openness, and ductility of his temper, though no disposition could offer a greater contrast to his own,"
darcy,regard,male,name,"On the strength of Darcy’s regard, Bingley had the firmest reliance, and of his judgment the highest opinion."
his,judgment,male,pronoun,"On the strength of Darcy’s regard, Bingley had the firmest reliance, and of his judgment the highest opinion."
his,manner,male,pronoun,"He was at the same time haughty, reserved, and fastidious; and his manners, though well bred, were not inviting."
his,friend,male,pronoun,In that respect his friend had greatly the advantage.
his,life,male,pronoun,Bingley had never met with pleasanter people or prettier girls in his life; everybody had been most kind and attentive to him; there had been no forma
her,sister,female,pronoun,"Mrs. Hurst and her sister allowed it to be so; but still they admired her and liked her, and pronounced her to be a sweet girl, and one whom they shou"
his,mayoralty,male,pronoun,"Sir William Lucas had been formerly in trade in Meryton, where he had made a tolerable fortune, and risen to the honour of knighthood by an address to"
his,business,male,pronoun,"It had given him a disgust to his business and to his residence in a small market town; and, quitting them both, he had removed with his family to a h"
his,residence,male,pronoun,"It had given him a disgust to his business and to his residence in a small market town; and, quitting them both, he had removed with his family to a h"
his,family,male,pronoun,"It had given him a disgust to his business and to his residence in a small market town; and, quitting them both, he had removed with his family to a h"
his,importance,male,pronoun,"It had given him a disgust to his business and to his residence in a small market town; and, quitting them both, he had removed with his family to a h"
his,rank,male,pronoun,"For, though elated by his rank, it did not render him supercilious; on the contrary, he was all attention to everybody."
his,presentation,male,pronoun,"By nature inoffensive, friendly, and obliging, his presentation at St. James’s had made him courteous."
elizabeth,friend,female,name,"The eldest of them, a sensible, intelligent young woman, about twenty-seven, was Elizabeth’s intimate friend."
bingley,choice,male,name,“_You_ were Mr. Bingley’s first choice.”
his,well,male,pronoun,“Yes; but he seemed to like his second better.”
his,friend,male,pronoun,"“Mr. Darcy is not so well worth listening to as his friend, is he?"
his,treatment,male,pronoun,"“I beg you will not put it into Lizzy’s head to be vexed by his ill-treatment, for he is such a disagreeable man that it would be quite a misfortune t"
his,lip,male,pronoun,Mrs. Long told me last night that he sat close to her for half an hour without once opening his lips.”
his,lip,male,pronoun,[Illustration: “Without once opening his lips”
his,acquaintance,male,pronoun,"“Miss Bingley told me,” said Jane, “that he never speaks much unless among his intimate acquaintance."
her,mother,female,pronoun,"“Another time, Lizzy,” said her mother, “I would not dance with _him_, if I were you.”"
his,pride,male,pronoun,"“His pride,” said Miss Lucas, “does not offend _me_ so much as pride often does, because there is an excuse for it."
his,favour,male,pronoun,"One cannot wonder that so very fine a young man, with family, fortune, everything in his favour, should think highly of himself."
his,pride,male,pronoun,"“That is very true,” replied Elizabeth, “and I could easily forgive _his_ pride, if he had not mortified _mine_.”"
her,reflection,female,pronoun,"“Pride,” observed Mary, who piqued herself upon the solidity of her reflections, “is a very common failing, I believe."
his,sister,male,pronoun,"“If I were as rich as Mr. Darcy,” cried a young Lucas, who came with his sisters, “I should not care how proud I was."
bennet,manner,male,name,"Miss Bennet’s pleasing manners grew on the good-will of Mrs. Hurst and Miss Bingley; and though the mother was found to be intolerable, and the younge"
her,sister,female,pronoun,"By Jane this attention was received with the greatest pleasure; but Elizabeth still saw superciliousness in their treatment of everybody, hardly excep"
brother,admiration,male,role_noun,"By Jane this attention was received with the greatest pleasure; but Elizabeth still saw superciliousness in their treatment of everybody, hardly excep"
her,friend,female,pronoun,"She mentioned this to her friend, Miss Lucas."
her,affection,female,pronoun,"If a woman conceals her affection with the same skill from the object of it, she may lose the opportunity of fixing him; and it will then be but poor "
her,nature,female,pronoun,"“But she does help him on, as much as her nature will allow."
her,regard,female,pronoun,"If _I_ can perceive her regard for him, he must be a simpleton indeed not to discover it too.”"
his,attention,male,pronoun,Jane should therefore make the most of every half hour in which she can command his attention.
her,regard,female,pronoun,"As yet she cannot even be certain of the degree of her own regard, nor of its reasonableness."
his,house,male,pronoun,"She danced four dances with him at Meryton; she saw him one morning at his own house, and has since dined in company with him four times."
his,character,male,pronoun,This is not quite enough to make her understand his character.”
his,character,male,pronoun,"“Well,” said Charlotte, “I wish Jane success with all my heart; and if she were married to him to-morrow, I should think she had as good a chance of h"
bingley,attention,male,name,"Occupied in observing Mr. Bingley’s attention to her sister, Elizabeth was far from suspecting that she was herself becoming an object of some interes"
her,sister,female,pronoun,"Occupied in observing Mr. Bingley’s attention to her sister, Elizabeth was far from suspecting that she was herself becoming an object of some interes"
his,friend,male,pronoun,"Occupied in observing Mr. Bingley’s attention to her sister, Elizabeth was far from suspecting that she was herself becoming an object of some interes"
his,friend,male,pronoun,"But no sooner had he made it clear to himself and his friends that she had hardly a good feature in her face, than he began to find it was rendered un"
her,face,female,pronoun,"But no sooner had he made it clear to himself and his friends that she had hardly a good feature in her face, than he began to find it was rendered un"
her,eye,female,pronoun,"But no sooner had he made it clear to himself and his friends that she had hardly a good feature in her face, than he began to find it was rendered un"
her,form,female,pronoun,"Though he had detected with a critical eye more than one failure of perfect symmetry in her form, he was forced to acknowledge her figure to be light "
her,figure,female,pronoun,"Though he had detected with a critical eye more than one failure of perfect symmetry in her form, he was forced to acknowledge her figure to be light "
her,manner,female,pronoun,"Though he had detected with a critical eye more than one failure of perfect symmetry in her form, he was forced to acknowledge her figure to be light "
her,conversation,female,pronoun,"He began to wish to know more of her; and, as a step towards conversing with her himself, attended to her conversation with others."
his,do,male,pronoun,His doing so drew her notice.
her,notice,female,pronoun,His doing so drew her notice.
her,friend,female,pronoun,"[Illustration: “The entreaties of several” [_Copyright 1894 by George Allen._]] On his approaching them soon afterwards, though without seeming to hav"
her,performance,female,pronoun,"Her performance was pleasing, though by no means capital."
her,sister,female,pronoun,"After a song or two, and before she could reply to the entreaties of several that she would sing again, she was eagerly succeeded at the instrument by"
her,application,female,pronoun,"Mary had neither genius nor taste; and though vanity had given her application, it had given her likewise a pedantic air and conceited manner, which w"
her,sister,female,pronoun,"Elizabeth, easy and unaffected, had been listened to with much more pleasure, though not playing half so well; and Mary, at the end of a long concerto"
his,thought,male,pronoun,"Mr. Darcy stood near them in silent indignation at such a mode of passing the evening, to the exclusion of all conversation, and was too much engrosse"
his,neighbour,male,pronoun,"Mr. Darcy stood near them in silent indignation at such a mode of passing the evening, to the exclusion of all conversation, and was too much engrosse"
his,companion,male,pronoun,"He paused in hopes of an answer: but his companion was not disposed to make any; and Elizabeth at that instant moving towards them, he was struck with"
her,hand,female,pronoun,"And, taking her hand, he would have given it to Mr. Darcy, who, though extremely surprised, was not unwilling to receive it, when she instantly drew b"
her,hand,female,pronoun,"Mr. Darcy, with grave propriety, requested to be allowed the honour of her hand, but in vain."
her,purpose,female,pronoun,Elizabeth was determined; nor did Sir William at all shake her purpose by his attempt at persuasion.
his,attempt,male,pronoun,Elizabeth was determined; nor did Sir William at all shake her purpose by his attempt at persuasion.
his,complaisance,male,pronoun,"“He is, indeed: but considering the inducement, my dear Miss Eliza, we cannot wonder at his complaisance; for who would object to such a partner?”"
her,resistance,female,pronoun,"Her resistance had not injured her with the gentleman, and he was thinking of her with some complacency, when thus accosted by Miss Bingley,-- “I can "
her,eye,female,pronoun,"Miss Bingley immediately fixed her eyes on his face, and desired he would tell her what lady had the credit of inspiring such reflections."
his,face,male,pronoun,"Miss Bingley immediately fixed her eyes on his face, and desired he would tell her what lady had the credit of inspiring such reflections."
lady,imagination,female,role_noun,"A lady’s imagination is very rapid; it jumps from admiration to love, from love to matrimony, in a moment."
his,composure,male,pronoun,"He listened to her with perfect indifference, while she chose to entertain herself in this manner; and as his composure convinced her that all was saf"
her,wit,female,pronoun,"He listened to her with perfect indifference, while she chose to entertain herself in this manner; and as his composure convinced her that all was saf"
bennet,property,male,name,"[Illustration] Mr. Bennet’s property consisted almost entirely in an estate of two thousand a year, which, unfortunately for his daughters, was entail"
his,daughter,male,pronoun,"[Illustration] Mr. Bennet’s property consisted almost entirely in an estate of two thousand a year, which, unfortunately for his daughters, was entail"
mother,fortune,female,role_noun,"[Illustration] Mr. Bennet’s property consisted almost entirely in an estate of two thousand a year, which, unfortunately for his daughters, was entail"
her,situation,female,pronoun,"[Illustration] Mr. Bennet’s property consisted almost entirely in an estate of two thousand a year, which, unfortunately for his daughters, was entail"
her,father,female,pronoun,"Her father had been an attorney in Meryton, and had left her four thousand pounds."
she,pound,female,pronoun,"Her father had been an attorney in Meryton, and had left her four thousand pounds."
his,niece,male,pronoun,"Mr. Philips visited them all, and this opened to his nieces a source of felicity unknown before."
her,admiration,female,pronoun,"Catherine was disconcerted, and made no answer; but Lydia, with perfect indifference, continued to express her admiration of Captain Carter, and her h"
her,hope,female,pronoun,"Catherine was disconcerted, and made no answer; but Lydia, with perfect indifference, continued to express her admiration of Captain Carter, and her h"
his,regimental,male,pronoun,"I remember the time when I liked a red coat myself very well--and, indeed, so I do still at my heart; and if a smart young colonel, with five or six t"
bennet,eye,male,name,"Mrs. Bennet’s eyes sparkled with pleasure, and she was eagerly calling out, while her daughter read,-- “Well, Jane, who is it from?"
her,daughter,female,pronoun,"Mrs. Bennet’s eyes sparkled with pleasure, and she was eagerly calling out, while her daughter read,-- “Well, Jane, who is it from?"
her,home,female,pronoun,"“That would be a good scheme,” said Elizabeth, “if you were sure that they would not offer to send her home.”"
bingley,chaise,male,name,"“Oh, but the gentlemen will have Mr. Bingley’s chaise to go to Meryton; and the Hursts have no horses to theirs.”"
mother,purpose,female,role_noun,"“But if you have got them to-day,” said Elizabeth, “my mother’s purpose will be answered.”"
her,father,female,pronoun,"She did at last extort from her father an acknowledgment that the horses were engaged; Jane was therefore obliged to go on horseback, and her mother a"
her,mother,female,pronoun,"She did at last extort from her father an acknowledgment that the horses were engaged; Jane was therefore obliged to go on horseback, and her mother a"
her,hope,female,pronoun,Her hopes were answered; Jane had not been gone long before it rained hard.
her,sister,female,pronoun,"Her sisters were uneasy for her, but her mother was delighted."
her,mother,female,pronoun,"Her sisters were uneasy for her, but her mother was delighted."
her,own,female,pronoun,"“This was a lucky idea of mine, indeed!” said Mrs. Bennet, more than once, as if the credit of making it rain were all her own."
her,contrivance,female,pronoun,"Till the next morning, however, she was not aware of all the felicity of her contrivance."
her,die,female,pronoun,"“Oh, I am not at all afraid of her dying."
her,alternative,female,pronoun,"Elizabeth, feeling really anxious, determined to go to her, though the carriage was not to be had: and as she was no horsewoman, walking was her only "
her,resolution,female,pronoun,She declared her resolution.
her,mother,female,pronoun,"“How can you be so silly,” cried her mother, “as to think of such a thing, in all this dirt!"
her,father,female,pronoun,"“Is this a hint to me, Lizzy,” said her father, “to send for the horses?”"
her,walk,female,pronoun,"In Meryton they parted: the two youngest repaired to the lodgings of one of the officers’ wives, and Elizabeth continued her walk alone, crossing fiel"
her,appearance,female,pronoun,"She was shown into the breakfast parlour, where all but Jane were assembled, and where her appearance created a great deal of surprise."
brother,manner,male,role_noun,"She was received, however, very politely by them; and in their brother’s manners there was something better than politeness--there was good-humour and"
her,complexion,female,pronoun,The former was divided between admiration of the brilliancy which exercise had given to her complexion and doubt as to the occasion’s justifying her c
his,breakfast,male,pronoun,The latter was thinking only of his breakfast.
her,inquiry,female,pronoun,Her inquiries after her sister were not very favourably answered.
her,sister,female,pronoun,Her inquiries after her sister were not very favourably answered.
her,room,female,pronoun,"Miss Bennet had slept ill, and though up, was very feverish, and not well enough to leave her room."
her,note,female,pronoun,"Elizabeth was glad to be taken to her immediately; and Jane, who had only been withheld by the fear of giving alarm or inconvenience, from expressing "
her,entrance,female,pronoun,"Elizabeth was glad to be taken to her immediately; and Jane, who had only been withheld by the fear of giving alarm or inconvenience, from expressing "
his,patient,male,pronoun,"The apothecary came; and having examined his patient, said, as might be supposed, that she had caught a violent cold, and that they must endeavour to "
her,head,female,pronoun,"The advice was followed readily, for the feverish symptoms increased, and her head ached acutely."
her,room,female,pronoun,"Elizabeth did not quit her room for a moment, nor were the other ladies often absent; the gentlemen being out, they had in fact nothing to do elsewher"
her,stay,female,pronoun,"Elizabeth most thankfully consented, and a servant was despatched to Longbourn, to acquaint the family with her stay, and bring back a supply of cloth"
her,dislike,female,pronoun,"The sisters, on hearing this, repeated three or four times how much they were grieved, how shocking it was to have a bad cold, and how excessively the"
his,anxiety,male,pronoun,"His anxiety for Jane was evident, and his attentions to herself most pleasing; and they prevented her feeling herself so much an intruder as she belie"
his,attention,male,pronoun,"His anxiety for Jane was evident, and his attentions to herself most pleasing; and they prevented her feeling herself so much an intruder as she belie"
her,sister,female,pronoun,"Miss Bingley was engrossed by Mr. Darcy, her sister scarcely less so; and as for Mr. Hurst, by whom Elizabeth sat, he was an indolent man, who lived o"
her,manner,female,pronoun,"Her manners were pronounced to be very bad indeed,--a mixture of pride and impertinence: she had no conversation, no style, no taste, no beauty."
her,appearance,female,pronoun,I shall never forget her appearance this morning.
her,sister,female,pronoun,"Why must _she_ be scampering about the country, because her sister had a cold?"
her,hair,female,pronoun,"Her hair so untidy, so blowzy!”"
her,petticoat,female,pronoun,"“Yes, and her petticoat; I hope you saw her petticoat, six inches deep in mud, I am absolutely certain, and the gown which had been let down to hide i"
her,petticoat,female,pronoun,"“Yes, and her petticoat; I hope you saw her petticoat, six inches deep in mud, I am absolutely certain, and the gown which had been let down to hide i"
her,petticoat,female,pronoun,Her dirty petticoat quite escaped my notice.”
her,ancle,female,pronoun,"“To walk three miles, or four miles, or five miles, or whatever it is, above her ancles in dirt, and alone, quite alone!"
her,sister,female,pronoun,"“It shows an affection for her sister that is very pleasing,” said Bingley."
her,eye,female,pronoun,"“I am afraid, Mr. Darcy,” observed Miss Bingley, in a half whisper, “that this adventure has rather affected your admiration of her fine eyes.”"
her,sister,female,pronoun,"“That is capital,” added her sister; and they both laughed heartily."
his,sister,male,pronoun,"To this speech Bingley made no answer; but his sisters gave it their hearty assent, and indulged their mirth for some time at the expense of their dea"
her,room,female,pronoun,"With a renewal of tenderness, however, they repaired to her room on leaving the dining-parlour, and sat with her till summoned to coffee."
her,sister,female,pronoun,"On entering the drawing-room, she found the whole party at loo, and was immediately invited to join them; but suspecting them to be playing high, she "
her,heart,female,pronoun,"Elizabeth thanked him from her heart, and then walked towards a table where a few books were lying."
her,other,female,pronoun,He immediately offered to fetch her others; all that his library afforded.
his,library,male,pronoun,He immediately offered to fetch her others; all that his library afforded.
her,book,female,pronoun,"Elizabeth was so much caught by what passed, as to leave her very little attention for her book; and, soon laying it wholly aside, she drew near the c"
his,sister,male,pronoun,"Elizabeth was so much caught by what passed, as to leave her very little attention for her book; and, soon laying it wholly aside, she drew near the c"
bennet,height,male,name,"She is now about Miss Elizabeth Bennet’s height, or rather taller.”"
her,age,female,pronoun,"Such a countenance, such manners, and so extremely accomplished for her age!"
her,performance,female,pronoun,Her performance on the pianoforte is exquisite.”
his,assistant,male,pronoun,"“Oh, certainly,” cried his faithful assistant, “no one can be really esteemed accomplished who does not greatly surpass what is usually met with."
her,air,female,pronoun,"A woman must have a thorough knowledge of music, singing, drawing, dancing, and the modern languages, to deserve the word; and, besides all this, she "
her,voice,female,pronoun,"A woman must have a thorough knowledge of music, singing, drawing, dancing, and the modern languages, to deserve the word; and, besides all this, she "
her,address,female,pronoun,"A woman must have a thorough knowledge of music, singing, drawing, dancing, and the modern languages, to deserve the word; and, besides all this, she "
her,mind,female,pronoun,"“All this she must possess,” added Darcy; “and to all she must yet add something more substantial in the improvement of her mind by extensive reading."
her,doubt,female,pronoun,"Mrs. Hurst and Miss Bingley both cried out against the injustice of her implied doubt, and were both protesting that they knew many women who answered"
her,sister,female,pronoun,"Elizabeth joined them again only to say that her sister was worse, and that she could not leave her."
his,sister,male,pronoun,"Bingley urged Mr. Jones’s being sent for immediately; while his sisters, convinced that no country advice could be of any service, recommended an expr"
brother,proposal,male,role_noun,This she would not hear of; but she was not so unwilling to comply with their brother’s proposal; and it was settled that Mr. Jones should be sent for
his,sister,male,pronoun,Bingley was quite uncomfortable; his sisters declared that they were miserable.
his,feeling,male,pronoun,"They solaced their wretchedness, however, by duets after supper; while he could find no better relief to his feelings than by giving his housekeeper d"
his,direction,male,pronoun,"They solaced their wretchedness, however, by duets after supper; while he could find no better relief to his feelings than by giving his housekeeper d"
her,sister,female,pronoun,"They solaced their wretchedness, however, by duets after supper; while he could find no better relief to his feelings than by giving his housekeeper d"
her,girl,female,pronoun,[Illustration: M^{rs} Bennet and her two youngest girls [_Copyright 1894 by George Allen._]] CHAPTER IX.
her,sister,female,pronoun,"[Illustration] Elizabeth passed the chief of the night in her sister’s room, and in the morning had the pleasure of being able to send a tolerable ans"
sister,room,female,role_noun,"[Illustration] Elizabeth passed the chief of the night in her sister’s room, and in the morning had the pleasure of being able to send a tolerable ans"
his,sister,male,pronoun,"[Illustration] Elizabeth passed the chief of the night in her sister’s room, and in the morning had the pleasure of being able to send a tolerable ans"
her,mother,female,pronoun,"In spite of this amendment, however, she requested to have a note sent to Longbourn, desiring her mother to visit Jane, and form her own judgment of h"
her,judgment,female,pronoun,"In spite of this amendment, however, she requested to have a note sent to Longbourn, desiring her mother to visit Jane, and form her own judgment of h"
her,situation,female,pronoun,"In spite of this amendment, however, she requested to have a note sent to Longbourn, desiring her mother to visit Jane, and form her own judgment of h"
her,girl,female,pronoun,"Mrs. Bennet, accompanied by her two youngest girls, reached Netherfield soon after the family breakfast."
her,illness,female,pronoun,"Had she found Jane in any apparent danger, Mrs. Bennet would have been very miserable; but being satisfied on seeing her that her illness was not alar"
her,restoration,female,pronoun,"Had she found Jane in any apparent danger, Mrs. Bennet would have been very miserable; but being satisfied on seeing her that her illness was not alar"
her,daughter,female,pronoun,"She would not listen, therefore, to her daughter’s proposal of being carried home; neither did the apothecary, who arrived about the same time, think "
daughter,proposal,female,role_noun,"She would not listen, therefore, to her daughter’s proposal of being carried home; neither did the apothecary, who arrived about the same time, think "
bingley,appearance,male,name,"After sitting a little while with Jane, on Miss Bingley’s appearance and invitation, the mother and three daughters all attended her into the breakfas"
her,answer,female,pronoun,"“Indeed I have, sir,” was her answer."
her,removal,female,pronoun,"My sister, I am sure, will not hear of her removal.”"
her,acknowledgment,female,pronoun,Mrs. Bennet was profuse in her acknowledgments.
her,mother,female,pronoun,"“Lizzy,” cried her mother, “remember where you are, and do not run on in the wild manner that you are suffered to do at home.”"
his,manner,male,pronoun,"“Yes, indeed,” cried Mrs. Bennet, offended by his manner of mentioning a country neighbourhood."
her,"triumph,--",female,pronoun,"Mrs. Bennet, who fancied she had gained a complete victory over him, continued her triumph,-- “I cannot see that London has any great advantage over t"
her,mother,female,pronoun,"“Indeed, mamma, you are mistaken,” said Elizabeth, blushing for her mother."
his,countenance,male,pronoun,Nothing but concern for Elizabeth could enable Bingley to keep his countenance.
his,sister,male,pronoun,"His sister was less delicate, and directed her eye towards Mr. Darcy with a very expressive smile."
her,eye,female,pronoun,"His sister was less delicate, and directed her eye towards Mr. Darcy with a very expressive smile."
her,mother,female,pronoun,"Elizabeth, for the sake of saying something that might turn her mother’s thoughts, now asked her if Charlotte Lucas had been at Longbourn since _her_ "
mother,thought,female,role_noun,"Elizabeth, for the sake of saying something that might turn her mother’s thoughts, now asked her if Charlotte Lucas had been at Longbourn since _her_ "
her,father,female,pronoun,"“Yes, she called yesterday with her father."
jane,beauty,female,name,"Lady Lucas herself has often said so, and envied me Jane’s beauty."
his,affection,male,pronoun,"“And so ended his affection,” said Elizabeth, impatiently."
her,mother,female,pronoun,Darcy only smiled; and the general pause which ensued made Elizabeth tremble lest her mother should be exposing herself again.
she,thank,female,pronoun,"She longed to speak, but could think of nothing to say; and after a short silence Mrs. Bennet began repeating her thanks to Mr. Bingley for his kindne"
his,kindness,male,pronoun,"She longed to speak, but could think of nothing to say; and after a short silence Mrs. Bennet began repeating her thanks to Mr. Bingley for his kindne"
his,answer,male,pronoun,"Mr. Bingley was unaffectedly civil in his answer, and forced his younger sister to be civil also, and say what the occasion required."
his,sister,male,pronoun,"Mr. Bingley was unaffectedly civil in his answer, and forced his younger sister to be civil also, and say what the occasion required."
her,part,female,pronoun,"She performed her part, indeed, without much graciousness, but Mrs. Bennet was satisfied, and soon afterwards ordered her carriage."
her,carriage,female,pronoun,"She performed her part, indeed, without much graciousness, but Mrs. Bennet was satisfied, and soon afterwards ordered her carriage."
her,daughter,female,pronoun,"Upon this signal, the youngest of her daughters put herself forward."
his,first,male,pronoun,"The two girls had been whispering to each other during the whole visit; and the result of it was, that the youngest should tax Mr. Bingley with having"
her,mother,female,pronoun,"Lydia was a stout, well-grown girl of fifteen, with a fine complexion and good-humoured countenance; a favourite with her mother, whose affection had "
her,uncle,female,pronoun,"She had high animal spirits, and a sort of natural self-consequence, which the attentions of the officers, to whom her uncle’s good dinners and her ow"
her,manner,female,pronoun,"She had high animal spirits, and a sort of natural self-consequence, which the attentions of the officers, to whom her uncle’s good dinners and her ow"
his,promise,male,pronoun,"She was very equal, therefore, to address Mr. Bingley on the subject of the ball, and abruptly reminded him of his promise; adding, that it would be t"
his,answer,male,pronoun,His answer to this sudden attack was delightful to her mother’s ear.
her,mother,female,pronoun,His answer to this sudden attack was delightful to her mother’s ear.
mother,ear,female,role_noun,His answer to this sudden attack was delightful to her mother’s ear.
her,daughter,female,pronoun,"Mrs. Bennet and her daughters then departed, and Elizabeth returned instantly to Jane, leaving her own and her relations’ behaviour to the remarks of "
her,own,female,pronoun,"Mrs. Bennet and her daughters then departed, and Elizabeth returned instantly to Jane, leaving her own and her relations’ behaviour to the remarks of "
her,relation,female,pronoun,"Mrs. Bennet and her daughters then departed, and Elizabeth returned instantly to Jane, leaving her own and her relations’ behaviour to the remarks of "
bingley,witticism,male,name,"Mrs. Bennet and her daughters then departed, and Elizabeth returned instantly to Jane, leaving her own and her relations’ behaviour to the remarks of "
his,letter,male,pronoun,"Mr. Darcy was writing, and Miss Bingley, seated near him, was watching the progress of his letter, and repeatedly calling off his attention by message"
his,attention,male,pronoun,"Mr. Darcy was writing, and Miss Bingley, seated near him, was watching the progress of his letter, and repeatedly calling off his attention by message"
his,sister,male,pronoun,"Mr. Darcy was writing, and Miss Bingley, seated near him, was watching the progress of his letter, and repeatedly calling off his attention by message"
his,companion,male,pronoun,"Elizabeth took up some needlework, and was sufficiently amused in attending to what passed between Darcy and his companion."
his,writing,male,pronoun,"The perpetual commendations of the lady either on his hand-writing, or on the evenness of his lines, or on the length of his letter, with the perfect "
his,line,male,pronoun,"The perpetual commendations of the lady either on his hand-writing, or on the evenness of his lines, or on the length of his letter, with the perfect "
his,letter,male,pronoun,"The perpetual commendations of the lady either on his hand-writing, or on the evenness of his lines, or on the length of his letter, with the perfect "
her,praise,female,pronoun,"The perpetual commendations of the lady either on his hand-writing, or on the evenness of his lines, or on the length of his letter, with the perfect "
her,opinion,female,pronoun,"The perpetual commendations of the lady either on his hand-writing, or on the evenness of his lines, or on the length of his letter, with the perfect "
her,improvement,female,pronoun,"“Tell your sister I am delighted to hear of her improvement on the harp, and pray let her know that I am quite in raptures with her beautiful little d"
her,design,female,pronoun,"“Tell your sister I am delighted to hear of her improvement on the harp, and pray let her know that I am quite in raptures with her beautiful little d"
her,brother,female,pronoun,"“That will not do for a compliment to Darcy, Caroline,” cried her brother, “because he does _not_ write with ease."
his,word,male,pronoun,"He leaves out half his words, and blots the rest.”"
his,disposition,male,pronoun,"“You have only proved by this,” cried Elizabeth, “that Mr. Bingley did not do justice to his own disposition."
his,return,male,pronoun,"Allowing the case, however, to stand according to your representation, you must remember, Miss Bennet, that the friend who is supposed to desire his r"
his,plan,male,pronoun,"Allowing the case, however, to stand according to your representation, you must remember, Miss Bennet, that the friend who is supposed to desire his r"
his,behaviour,male,pronoun,"We may as well wait, perhaps, till the circumstance occurs, before we discuss the discretion of his behaviour thereupon."
his,house,male,pronoun,"I declare I do not know a more awful object than Darcy on particular occasions, and in particular places; at his own house especially, and of a Sunday"
her,laugh,female,pronoun,"Mr. Darcy smiled; but Elizabeth thought she could perceive that he was rather offended, and therefore checked her laugh."
her,brother,female,pronoun,"Miss Bingley warmly resented the indignity he had received, in an expostulation with her brother for talking such nonsense."
his,friend,male,pronoun,"“I see your design, Bingley,” said his friend."
his,letter,male,pronoun,"“What you ask,” said Elizabeth, “is no sacrifice on my side; and Mr. Darcy had much better finish his letter.”"
her,advice,female,pronoun,"Mr. Darcy took her advice, and did finish his letter."
his,letter,male,pronoun,"Mr. Darcy took her advice, and did finish his letter."
her,sister,female,pronoun,"Mrs. Hurst sang with her sister; and while they were thus employed, Elizabeth could not help observing, as she turned over some music-books that lay o"
darcy,eye,male,name,"Mrs. Hurst sang with her sister; and while they were thus employed, Elizabeth could not help observing, as she turned over some music-books that lay o"
his,notice,male,pronoun,"She could only imagine, however, at last, that she drew his notice because there was something about her more wrong and reprehensible, according to hi"
her,wrong,female,pronoun,"She could only imagine, however, at last, that she drew his notice because there was something about her more wrong and reprehensible, according to hi"
his,idea,male,pronoun,"She could only imagine, however, at last, that she drew his notice because there was something about her more wrong and reprehensible, according to hi"
his,approbation,male,pronoun,She liked him too little to care for his approbation.
her,silence,female,pronoun,"He repeated the question, with some surprise at her silence."
his,gallantry,male,pronoun,"Elizabeth, having rather expected to affront him, was amazed at his gallantry; but there was a mixture of sweetness and archness in her manner which m"
her,manner,female,pronoun,"Elizabeth, having rather expected to affront him, was amazed at his gallantry; but there was a mixture of sweetness and archness in her manner which m"
her,connection,female,pronoun,"He really believed that, were it not for the inferiority of her connections, he should be in some danger."
her,anxiety,female,pronoun,"Miss Bingley saw, or suspected, enough to be jealous; and her great anxiety for the recovery of her dear friend Jane received some assistance from her"
her,friend,female,pronoun,"Miss Bingley saw, or suspected, enough to be jealous; and her great anxiety for the recovery of her dear friend Jane received some assistance from her"
her,desire,female,pronoun,"Miss Bingley saw, or suspected, enough to be jealous; and her great anxiety for the recovery of her dear friend Jane received some assistance from her"
her,guest,female,pronoun,"She often tried to provoke Darcy into disliking her guest, by talking of their supposed marriage, and planning his happiness in such an alliance."
his,happiness,male,pronoun,"She often tried to provoke Darcy into disliking her guest, by talking of their supposed marriage, and planning his happiness in such an alliance."
her,tongue,female,pronoun,"“I hope,” said she, as they were walking together in the shrubbery the next day, “you will give your mother-in-law a few hints, when this desirable ev"
her,room,female,pronoun,Jane was already so much recovered as to intend leaving her room for a couple of hours that evening.
her,sister,female,pronoun,"[Illustration] When the ladies removed after dinner Elizabeth ran up to her sister, and seeing her well guarded from cold, attended her into the drawi"
her,friend,female,pronoun,"[Illustration] When the ladies removed after dinner Elizabeth ran up to her sister, and seeing her well guarded from cold, attended her into the drawi"
bingley,eye,male,name,"But when the gentlemen entered, Jane was no longer the first object; Miss Bingley’s eyes were instantly turned towards Darcy, and she had something to"
bingley,salutation,male,name,"He addressed himself directly to Miss Bennet with a polite congratulation; Mr. Hurst also made her a slight bow, and said he was “very glad;” but diff"
his,desire,male,pronoun,"The first half hour was spent in piling up the fire, lest she should suffer from the change of room; and she removed, at his desire, to the other side"
his,sister,male,pronoun,When tea was over Mr. Hurst reminded his sister-in-law of the card-table--but in vain.
his,petition,male,pronoun,"She had obtained private intelligence that Mr. Darcy did not wish for cards, and Mr. Hurst soon found even his open petition rejected."
her,bracelet,female,pronoun,"Miss Bingley did the same; and Mrs. Hurst, principally occupied in playing with her bracelets and rings, joined now and then in her brother’s conversa"
her,brother,female,pronoun,"Miss Bingley did the same; and Mrs. Hurst, principally occupied in playing with her bracelets and rings, joined now and then in her brother’s conversa"
brother,conversation,male,role_noun,"Miss Bingley did the same; and Mrs. Hurst, principally occupied in playing with her bracelets and rings, joined now and then in her brother’s conversa"
bingley,attention,male,name,"Miss Bingley’s attention was quite as much engaged in watching Mr. Darcy’s progress through _his_ book, as in reading her own; and she was perpetually"
darcy,progress,male,name,"Miss Bingley’s attention was quite as much engaged in watching Mr. Darcy’s progress through _his_ book, as in reading her own; and she was perpetually"
his,book,male,pronoun,"Miss Bingley’s attention was quite as much engaged in watching Mr. Darcy’s progress through _his_ book, as in reading her own; and she was perpetually"
her,own,female,pronoun,"Miss Bingley’s attention was quite as much engaged in watching Mr. Darcy’s progress through _his_ book, as in reading her own; and she was perpetually"
his,page,male,pronoun,"Miss Bingley’s attention was quite as much engaged in watching Mr. Darcy’s progress through _his_ book, as in reading her own; and she was perpetually"
her,question,female,pronoun,"She could not win him, however, to any conversation; he merely answered her question and read on."
her,book,female,pronoun,"At length, quite exhausted by the attempt to be amused with her own book, which she had only chosen because it was the second volume of his, she gave "
her,book,female,pronoun,"She then yawned again, threw aside her book, and cast her eyes round the room in quest of some amusement; when, hearing her brother mentioning a ball "
her,eye,female,pronoun,"She then yawned again, threw aside her book, and cast her eyes round the room in quest of some amusement; when, hearing her brother mentioning a ball "
her,brother,female,pronoun,"She then yawned again, threw aside her book, and cast her eyes round the room in quest of some amusement; when, hearing her brother mentioning a ball "
her,brother,female,pronoun,"“If you mean Darcy,” cried her brother, “he may go to bed, if he chooses, before it begins; but as for the ball, it is quite a settled thing, and as s"
her,figure,female,pronoun,"Her figure was elegant, and she walked well; but Darcy, at whom it was all aimed, was still inflexibly studious."
her,feeling,female,pronoun,"In the desperation of her feelings, she resolved on one effort more; and, turning to Elizabeth, said,-- “Miss Eliza Bennet, let me persuade you to fol"
her,civility,female,pronoun,Miss Bingley succeeded no less in the real object of her civility: Mr. Darcy looked up.
his,book,male,pronoun,"He was as much awake to the novelty of attention in that quarter as Elizabeth herself could be, and unconsciously closed his book."
his,meaning,male,pronoun,She was dying to know what could be his meaning--and asked Elizabeth whether she could at all understand him.
her,answer,female,pronoun,"“Not at all,” was her answer; “but, depend upon it, he means to be severe on us, and our surest way of disappointing him will be to ask nothing about "
his,motive,male,pronoun,"Miss Bingley, however, was incapable of disappointing Mr. Darcy in anything, and persevered, therefore, in requiring an explanation of his two motives"
her,sister,female,pronoun,"Her sister made not the smallest objection, and the pianoforte was opened; and Darcy, after a few moments’ recollection, was not sorry for it."
her,mother,female,pronoun,"[Illustration] In consequence of an agreement between the sisters, Elizabeth wrote the next morning to her mother, to beg that the carriage might be s"
her,daughter,female,pronoun,"But Mrs. Bennet, who had calculated on her daughters remaining at Netherfield till the following Tuesday, which would exactly finish Jane’s week, coul"
jane,week,female,name,"But Mrs. Bennet, who had calculated on her daughters remaining at Netherfield till the following Tuesday, which would exactly finish Jane’s week, coul"
her,answer,female,pronoun,"Her answer, therefore, was not propitious, at least not to Elizabeth’s wishes, for she was impatient to get home."
elizabeth,wish,female,name,"Her answer, therefore, was not propitious, at least not to Elizabeth’s wishes, for she was impatient to get home."
her,postscript,female,pronoun,"Mrs. Bennet sent them word that they could not possibly have the carriage before Tuesday; and in her postscript it was added, that if Mr. Bingley and "
his,sister,male,pronoun,"Mrs. Bennet sent them word that they could not possibly have the carriage before Tuesday; and in her postscript it was added, that if Mr. Bingley and "
bingley,carriage,male,name,"Against staying longer, however, Elizabeth was positively resolved--nor did she much expect it would be asked; and fearful, on the contrary, of being "
her,jealousy,female,pronoun,Miss Bingley was then sorry that she had proposed the delay; for her jealousy and dislike of one sister much exceeded her affection for the other.
her,affection,female,pronoun,Miss Bingley was then sorry that she had proposed the delay; for her jealousy and dislike of one sister much exceeded her affection for the other.
his,felicity,male,pronoun,He wisely resolved to be particularly careful that no sign of admiration should _now_ escape him--nothing that could elevate her with the hope of infl
his,behaviour,male,pronoun,He wisely resolved to be particularly careful that no sign of admiration should _now_ escape him--nothing that could elevate her with the hope of infl
his,purpose,male,pronoun,"Steady to his purpose, he scarcely spoke ten words to her through the whole of Saturday: and though they were at one time left by themselves for half "
his,book,male,pronoun,"Steady to his purpose, he scarcely spoke ten words to her through the whole of Saturday: and though they were at one time left by themselves for half "
bingley,civility,male,name,"Miss Bingley’s civility to Elizabeth increased at last very rapidly, as well as her affection for Jane; and when they parted, after assuring the latte"
her,affection,female,pronoun,"Miss Bingley’s civility to Elizabeth increased at last very rapidly, as well as her affection for Jane; and when they parted, after assuring the latte"
his,expression,male,pronoun,"But their father, though very laconic in his expressions of pleasure, was really glad to see them; he had felt their importance in the family circle."
his,wife,male,pronoun,"[Illustration] “I hope, my dear,” said Mr. Bennet to his wife, as they were at breakfast the next morning, “that you have ordered a good dinner to-day"
bennet,eye,male,name,Mrs. Bennet’s eyes sparkled.
her,husband,female,pronoun,"“It is _not_ Mr. Bingley,” said her husband; “it is a person whom I never saw in the whole course of my life.”"
his,wife,male,pronoun,This roused a general astonishment; and he had the pleasure of being eagerly questioned by his wife and five daughters at once.
his,wife,male,pronoun,"“Oh, my dear,” cried his wife, “I cannot bear to hear that mentioned."
his,letter,male,pronoun,"But if you will listen to his letter, you may, perhaps, be a little softened by his manner of expressing himself.”"
his,manner,male,pronoun,"But if you will listen to his letter, you may, perhaps, be a little softened by his manner of expressing himself.”"
his,father,male,pronoun,"Why could not he keep on quarrelling with you, as his father did before him?”"
his,memory,male,pronoun,"*/ “Dear Sir, “The disagreement subsisting between yourself and my late honoured father always gave me much uneasiness; and, since I have had the misf"
her,ladyship,female,pronoun,"mind, however, is now made up on the subject; for, having received ordination at Easter, I have been so fortunate as to be distinguished by the patron"
his,credit,male,pronoun,"“Though it is difficult,” said Jane, “to guess in what way he can mean to make us the atonement he thinks our due, the wish is certainly to his credit"
his,deference,male,pronoun,"Elizabeth was chiefly struck with his extraordinary deference for Lady Catherine, and his kind intention of christening, marrying, and burying his par"
his,intention,male,pronoun,"Elizabeth was chiefly struck with his extraordinary deference for Lady Catherine, and his kind intention of christening, marrying, and burying his par"
his,parishioner,male,pronoun,"Elizabeth was chiefly struck with his extraordinary deference for Lady Catherine, and his kind intention of christening, marrying, and burying his par"
his,style,male,pronoun,There is something very pompous in his style.
his,letter,male,pronoun,There is a mixture of servility and self-importance in his letter which promises well.
his,letter,male,pronoun,"“In point of composition,” said Mary, “his letter does not seem defective."
collins,letter,male,name,"As for their mother, Mr. Collins’s letter had done away much of her ill-will, and she was preparing to see him with a degree of composure which astoni"
her,will,female,pronoun,"As for their mother, Mr. Collins’s letter had done away much of her ill-will, and she was preparing to see him with a degree of composure which astoni"
her,husband,female,pronoun,"As for their mother, Mr. Collins’s letter had done away much of her ill-will, and she was preparing to see him with a degree of composure which astoni"
his,time,male,pronoun,"Mr. Collins was punctual to his time, and was received with great politeness by the whole family."
his,air,male,pronoun,"His air was grave and stately, and his manners were very formal."
his,manner,male,pronoun,"His air was grave and stately, and his manners were very formal."
his,hearer,male,pronoun,"This gallantry was not much to the taste of some of his hearers; but Mrs. Bennet, who quarrelled with no compliments, answered most readily,-- “You ar"
collins,admiration,male,name,They were not the only objects of Mr. Collins’s admiration.
his,commendation,male,pronoun,"The hall, the dining-room, and all its furniture, were examined and praised; and his commendation of everything would have touched Mrs. Bennet’s heart"
bennet,heart,male,name,"The hall, the dining-room, and all its furniture, were examined and praised; and his commendation of everything would have touched Mrs. Bennet’s heart"
his,property,male,pronoun,"The hall, the dining-room, and all its furniture, were examined and praised; and his commendation of everything would have touched Mrs. Bennet’s heart"
his,cousin,male,pronoun,"The dinner, too, in its turn, was highly admired; and he begged to know to which of his fair cousins the excellence of its cookery was owing."
her,daughter,female,pronoun,"But here he was set right by Mrs. Bennet, who assured him, with some asperity, that they were very well able to keep a good cook, and that her daughte"
his,guest,male,pronoun,"[Illustration] During dinner, Mr. Bennet scarcely spoke at all; but when the servants were withdrawn, he thought it time to have some conversation wit"
his,patroness,male,pronoun,"[Illustration] During dinner, Mr. Bennet scarcely spoke at all; but when the servants were withdrawn, he thought it time to have some conversation wit"
his,wish,male,pronoun,"Lady Catherine de Bourgh’s attention to his wishes, and consideration for his comfort, appeared very remarkable."
his,comfort,male,pronoun,"Lady Catherine de Bourgh’s attention to his wishes, and consideration for his comfort, appeared very remarkable."
her,praise,female,pronoun,Mr. Collins was eloquent in her praise.
his,life,male,pronoun,The subject elevated him to more than usual solemnity of manner; and with a most important aspect he protested that he had never in his life witnessed
her,pool,female,pronoun,"She had also asked him twice to dine at Rosings, and had sent for him only the Saturday before, to make up her pool of quadrille in the evening."
his,join,male,pronoun,She had always spoken to him as she would to any other gentleman; she made not the smallest objection to his joining in the society of the neighbourho
his,parish,male,pronoun,She had always spoken to him as she would to any other gentleman; she made not the smallest objection to his joining in the society of the neighbourho
his,relation,male,pronoun,She had always spoken to him as she would to any other gentleman; she made not the smallest objection to his joining in the society of the neighbourho
his,parsonage,male,pronoun,"She had even condescended to advise him to marry as soon as he could, provided he chose with discretion; and had once paid him a visit in his humble p"
her,ladyship,female,pronoun,"“The garden in which stands my humble abode is separated only by a lane from Rosings Park, her Ladyship’s residence.”"
her,head,female,pronoun,"“Ah,” cried Mrs. Bennet, shaking her head, “then she is better off than many girls."
her,sex,female,pronoun,"Lady Catherine herself says that, in point of true beauty, Miss de Bourgh is far superior to the handsomest of her sex; because there is that in her f"
her,feature,female,pronoun,"Lady Catherine herself says that, in point of true beauty, Miss de Bourgh is far superior to the handsomest of her sex; because there is that in her f"
her,education,female,pronoun,"She is unfortunately of a sickly constitution, which has prevented her making that progress in many accomplishments which she could not otherwise have"
her,phaeton,female,pronoun,"But she is perfectly amiable, and often condescends to drive by my humble abode in her little phaeton and ponies.”"
her,name,female,pronoun,I do not remember her name among the ladies at court.”
her,state,female,pronoun,"“Her indifferent state of health unhappily prevents her being in town; and by that means, as I told Lady Catherine myself one day, has deprived the Br"
her,ladyship,female,pronoun,Her Ladyship seemed pleased with the idea; and you may imagine that I am happy on every occasion to offer those little delicate compliments which are 
her,daughter,female,pronoun,"I have more than once observed to Lady Catherine, that her charming daughter seemed born to be a duchess; and that the most elevated rank, instead of "
her,consequence,female,pronoun,"I have more than once observed to Lady Catherine, that her charming daughter seemed born to be a duchess; and that the most elevated rank, instead of "
her,ladyship,female,pronoun,"These are the kind of little things which please her Ladyship, and it is a sort of attention which I conceive myself peculiarly bound to pay.”"
bennet,expectation,male,name,Mr. Bennet’s expectations were fully answered.
his,cousin,male,pronoun,"His cousin was as absurd as he had hoped; and he listened to him with the keenest enjoyment, maintaining at the same time the most resolute composure "
his,pleasure,male,pronoun,"His cousin was as absurd as he had hoped; and he listened to him with the keenest enjoyment, maintaining at the same time the most resolute composure "
his,guest,male,pronoun,"By tea-time, however, the dose had been enough, and Mr. Bennet was glad to take his guest into the drawing-room again, and when tea was over, glad to "
her,sister,female,pronoun,"Lydia was bid by her two eldest sisters to hold her tongue; but Mr. Collins, much offended, laid aside his book, and said,-- “I have often observed ho"
her,tongue,female,pronoun,"Lydia was bid by her two eldest sisters to hold her tongue; but Mr. Collins, much offended, laid aside his book, and said,-- “I have often observed ho"
his,book,male,pronoun,"Lydia was bid by her two eldest sisters to hold her tongue; but Mr. Collins, much offended, laid aside his book, and said,-- “I have often observed ho"
his,antagonist,male,pronoun,"Then, turning to Mr. Bennet, he offered himself as his antagonist at backgammon."
her,daughter,female,pronoun,"Mrs. Bennet and her daughters apologized most civilly for Lydia’s interruption, and promised that it should not occur again, if he would resume his bo"
lydia,interruption,female,name,"Mrs. Bennet and her daughters apologized most civilly for Lydia’s interruption, and promised that it should not occur again, if he would resume his bo"
his,book,male,pronoun,"Mrs. Bennet and her daughters apologized most civilly for Lydia’s interruption, and promised that it should not occur again, if he would resume his bo"
his,cousin,male,pronoun,"Mrs. Bennet and her daughters apologized most civilly for Lydia’s interruption, and promised that it should not occur again, if he would resume his bo"
her,behaviour,female,pronoun,"Mrs. Bennet and her daughters apologized most civilly for Lydia’s interruption, and promised that it should not occur again, if he would resume his bo"
his,life,male,pronoun,"[Illustration] Mr. Collins was not a sensible man, and the deficiency of nature had been but little assisted by education or society; the greatest par"
his,father,male,pronoun,The subjection in which his father had brought him up had given him originally great humility of manner; but it was now a good deal counteracted by th
her,rank,female,pronoun,A fortunate chance had recommended him to Lady Catherine de Bourgh when the living of Hunsford was vacant; and the respect which he felt for her high 
his,veneration,male,pronoun,A fortunate chance had recommended him to Lady Catherine de Bourgh when the living of Hunsford was vacant; and the respect which he felt for her high 
his,patroness,male,pronoun,A fortunate chance had recommended him to Lady Catherine de Bourgh when the living of Hunsford was vacant; and the respect which he felt for her high 
his,authority,male,pronoun,A fortunate chance had recommended him to Lady Catherine de Bourgh when the living of Hunsford was vacant; and the respect which he felt for her high 
his,right,male,pronoun,A fortunate chance had recommended him to Lady Catherine de Bourgh when the living of Hunsford was vacant; and the respect which he felt for her high 
his,plan,male,pronoun,"This was his plan of amends--of atonement--for inheriting their father’s estate; and he thought it an excellent one, full of eligibility and suitablen"
father,estate,male,role_noun,"This was his plan of amends--of atonement--for inheriting their father’s estate; and he thought it an excellent one, full of eligibility and suitablen"
his,part,male,pronoun,"This was his plan of amends--of atonement--for inheriting their father’s estate; and he thought it an excellent one, full of eligibility and suitablen"
his,plan,male,pronoun,His plan did not vary on seeing them.
bennet,face,male,name,"Miss Bennet’s lovely face confirmed his views, and established all his strictest notions of what was due to seniority; and for the first evening _"
his,view,male,pronoun,"Miss Bennet’s lovely face confirmed his views, and established all his strictest notions of what was due to seniority; and for the first evening _"
his,notion,male,pronoun,"Miss Bennet’s lovely face confirmed his views, and established all his strictest notions of what was due to seniority; and for the first evening _"
his,choice,male,pronoun,she_ was his settled choice.
his,house,male,pronoun,"The next morning, however, made an alteration; for in a quarter of an hour’s _tête-à-tête_ with Mrs. Bennet before breakfast, a conversation beginning"
his,hope,male,pronoun,"The next morning, however, made an alteration; for in a quarter of an hour’s _tête-à-tête_ with Mrs. Bennet before breakfast, a conversation beginning"
her,grace,female,pronoun,"Mrs. Bennet treasured up the hint, and trusted that she might soon have two daughters married; and the man whom she could not bear to speak of the day"
lydia,intention,female,name,"Lydia’s intention of walking to Meryton was not forgotten: every sister except Mary agreed to go with her; and Mr. Collins was to attend them, at the "
his,library,male,pronoun,"Lydia’s intention of walking to Meryton was not forgotten: every sister except Mary agreed to go with her; and Mr. Collins was to attend them, at the "
his,house,male,pronoun,"Lydia’s intention of walking to Meryton was not forgotten: every sister except Mary agreed to go with her; and Mr. Collins was to attend them, at the "
his,library,male,pronoun,"In his library he had been always sure of leisure and tranquillity; and though prepared, as he told Elizabeth, to meet with folly and conceit in every"
his,civility,male,pronoun,"In his library he had been always sure of leisure and tranquillity; and though prepared, as he told Elizabeth, to meet with folly and conceit in every"
his,daughter,male,pronoun,"In his library he had been always sure of leisure and tranquillity; and though prepared, as he told Elizabeth, to meet with folly and conceit in every"
his,book,male,pronoun,"In his library he had been always sure of leisure and tranquillity; and though prepared, as he told Elizabeth, to meet with folly and conceit in every"
his,side,male,pronoun,"In pompous nothings on his side, and civil assents on that of his cousins, their time passed till they entered Meryton."
his,cousin,male,pronoun,"In pompous nothings on his side, and civil assents on that of his cousins, their time passed till they entered Meryton."
his,friend,male,pronoun,"Mr. Denny addressed them directly, and entreated permission to introduce his friend, Mr. Wickham, who had returned with him the day before from town, "
his,appearance,male,pronoun,"His appearance was greatly in his favour: he had all the best parts of beauty, a fine countenance, a good figure, and very pleasing address."
his,favour,male,pronoun,"His appearance was greatly in his favour: he had all the best parts of beauty, a fine countenance, a good figure, and very pleasing address."
his,side,male,pronoun,The introduction was followed up on his side by a happy readiness of conversation--a readiness at the same time perfectly correct and unassuming; and 
his,way,male,pronoun,"He was then, he said, on his way to Longbourn on purpose to inquire after her."
his,eye,male,pronoun,"Mr. Darcy corroborated it with a bow, and was beginning to determine not to fix his eyes on Elizabeth, when they were suddenly arrested by the sight o"
his,hat,male,pronoun,"Mr. Wickham, after a few moments, touched his hat--a salutation which Mr. Darcy just deigned to return."
his,friend,male,pronoun,"In another minute Mr. Bingley, but without seeming to have noticed what passed, took leave and rode on with his friend."
lydia,entreaty,female,name,"Mr. Denny and Mr. Wickham walked with the young ladies to the door of Mr. Philips’s house, and then made their bows, in spite of Miss Lydia’s pressing"
her,niece,female,pronoun,"Mrs. Philips was always glad to see her nieces; and the two eldest, from their recent absence, were particularly welcome; and she was eagerly expressi"
her,surprise,female,pronoun,"Mrs. Philips was always glad to see her nieces; and the two eldest, from their recent absence, were particularly welcome; and she was eagerly expressi"
her,civility,female,pronoun,"Mrs. Philips was always glad to see her nieces; and the two eldest, from their recent absence, were particularly welcome; and she was eagerly expressi"
jane,introduction,female,name,"Mrs. Philips was always glad to see her nieces; and the two eldest, from their recent absence, were particularly welcome; and she was eagerly expressi"
her,politeness,female,pronoun,"She received him with her very best politeness, which he returned with as much more, apologizing for his intrusion, without any previous acquaintance "
his,intrusion,male,pronoun,"She received him with her very best politeness, which he returned with as much more, apologizing for his intrusion, without any previous acquaintance "
his,relationship,male,pronoun,"She received him with her very best politeness, which he returned with as much more, apologizing for his intrusion, without any previous acquaintance "
her,notice,female,pronoun,"She received him with her very best politeness, which he returned with as much more, apologizing for his intrusion, without any previous acquaintance "
her,contemplation,female,pronoun,Mrs. Philips was quite awed by such an excess of good breeding; but her contemplation of one stranger was soon put an end to by exclamations and inqui
her,niece,female,pronoun,Mrs. Philips was quite awed by such an excess of good breeding; but her contemplation of one stranger was soon put an end to by exclamations and inqui
her,husband,female,pronoun,"Some of them were to dine with the Philipses the next day, and their aunt promised to make her husband call on Mr. Wickham, and give him an invitation"
his,apology,male,pronoun,"Mr. Collins repeated his apologies in quitting the room, and was assured, with unwearying civility, that they were perfectly needless."
her,sister,female,pronoun,"As they walked home, Elizabeth related to Jane what she had seen pass between the two gentlemen; but though Jane would have defended either or both, h"
his,return,male,pronoun,Mr. Collins on his return highly gratified Mrs. Bennet by admiring Mrs. Philips’s manners and politeness.
her,daughter,female,pronoun,"He protested that, except Lady Catherine and her daughter, he had never seen a more elegant woman; for she had not only received him with the utmost c"
her,invitation,female,pronoun,"He protested that, except Lady Catherine and her daughter, he had never seen a more elegant woman; for she had not only received him with the utmost c"
his,connection,male,pronoun,"Something, he supposed, might be attributed to his connection with them, but yet he had never met with so much attention in the whole course of his li"
his,life,male,pronoun,"Something, he supposed, might be attributed to his connection with them, but yet he had never met with so much attention in the whole course of his li"
collins,scruple,male,name,"[Illustration] As no objection was made to the young people’s engagement with their aunt, and all Mr. Collins’s scruples of leaving Mr. and Mrs. Benne"
his,visit,male,pronoun,"[Illustration] As no objection was made to the young people’s engagement with their aunt, and all Mr. Collins’s scruples of leaving Mr. and Mrs. Benne"
his,cousin,male,pronoun,"[Illustration] As no objection was made to the young people’s engagement with their aunt, and all Mr. Collins’s scruples of leaving Mr. and Mrs. Benne"
catherine,room,female,name,"When this information was given, and they had all taken their seats, Mr. Collins was at leisure to look around him and admire, and he was so much stru"
her,mansion,female,pronoun,"In describing to her all the grandeur of Lady Catherine and her mansion, with occasional digressions in praise of his own humble abode, and the improv"
his,abode,male,pronoun,"In describing to her all the grandeur of Lady Catherine and her mansion, with occasional digressions in praise of his own humble abode, and the improv"
his,consequence,male,pronoun,"In describing to her all the grandeur of Lady Catherine and her mansion, with occasional digressions in praise of his own humble abode, and the improv"
her,neighbour,female,pronoun,"In describing to her all the grandeur of Lady Catherine and her mansion, with occasional digressions in praise of his own humble abode, and the improv"
her,watchfulness,female,pronoun,"With such rivals for the notice of the fair as Mr. Wickham and the officers, Mr. Collins seemed to sink into insignificance; to the young ladies he ce"
his,compliance,male,pronoun,"“I know little of the game at present,” said he, “but I shall be glad to improve myself; for in my situation of life----” Mrs. Philips was very thankf"
his,reason,male,pronoun,"“I know little of the game at present,” said he, “but I shall be glad to improve myself; for in my situation of life----” Mrs. Philips was very thankf"
his,acquaintance,male,pronoun,"Allowing for the common demands of the game, Mr. Wickham was therefore at leisure to talk to Elizabeth, and she was very willing to hear him, though w"
her,curiosity,female,pronoun,"Her curiosity, however, was unexpectedly relieved."
her,answer,female,pronoun,"He inquired how far Netherfield was from Meryton; and, after receiving her answer, asked in a hesitating manner how long Mr. Darcy had been staying th"
his,estate,male,pronoun,"“Yes,” replied Wickham; “his estate there is a noble one."
his,family,male,pronoun,You could not have met with a person more capable of giving you certain information on that head than myself--for I have been connected with his famil
his,be,male,pronoun,"“I have no right to give _my_ opinion,” said Wickham, “as to his being agreeable or otherwise."
his,pride,male,pronoun,Everybody is disgusted with his pride.
his,fortune,male,pronoun,"The world is blinded by his fortune and consequence, or frightened by his high and imposing manners, and sees him only as he chooses to be seen.”"
his,manner,male,pronoun,"The world is blinded by his fortune and consequence, or frightened by his high and imposing manners, and sees him only as he chooses to be seen.”"
his,head,male,pronoun,Wickham only shook his head.
his,be,male,pronoun,I hope your plans in favour of the ----shire will not be affected by his being in the neighbourhood.”
his,father,male,pronoun,"His father, Miss Bennet, the late Mr. Darcy, was one of the best men that ever breathed, and the truest friend I ever had; and I can never be in compa"
his,behaviour,male,pronoun,"His behaviour to myself has been scandalous; but I verily believe I could forgive him anything and everything, rather than his disappointing the hopes"
his,father,male,pronoun,"His behaviour to myself has been scandalous; but I verily believe I could forgive him anything and everything, rather than his disappointing the hopes"
her,heart,female,pronoun,"Elizabeth found the interest of the subject increase, and listened with all her heart; but the delicacy of it prevented further inquiry."
his,account,male,pronoun,"I know it to be a most respectable, agreeable corps; and my friend Denny tempted me further by his account of their present quarters, and the very gre"
his,gift,male,pronoun,“Yes--the late Mr. Darcy bequeathed me the next presentation of the best living in his gift.
his,kindness,male,pronoun,I cannot do justice to his kindness.
his,father,male,pronoun,"Till I can forget his father, I can never defy or expose _him_.”"
his,motive,male,pronoun,"“But what,” said she, after a pause, “can have been his motive?"
his,son,male,pronoun,"Had the late Mr. Darcy liked me less, his son might have borne with me better; but his father’s uncommon attachment to me irritated him, I believe, ve"
his,father,male,pronoun,"Had the late Mr. Darcy liked me less, his son might have borne with me better; but his father’s uncommon attachment to me irritated him, I believe, ve"
father,attachment,male,role_noun,"Had the late Mr. Darcy liked me less, his son might have borne with me better; but his father’s uncommon attachment to me irritated him, I believe, ve"
his,creature,male,pronoun,"“I had not thought Mr. Darcy so bad as this--though I have never liked him, I had not thought so very ill of him--I had supposed him to be despising h"
his,boasting,male,pronoun,"After a few minutes’ reflection, however, she continued, “I _do_ remember his boasting one day, at Netherfield, of the implacability of his resentment"
his,resentment,male,pronoun,"After a few minutes’ reflection, however, she continued, “I _do_ remember his boasting one day, at Netherfield, of the implacability of his resentment"
his,disposition,male,pronoun,His disposition must be dreadful.”
his,father,male,pronoun,"Elizabeth was again deep in thought, and after a time exclaimed, “To treat in such a manner the godson, the friend, the favourite of his father!”"
his,companion,male,pronoun,"But she contented herself with--“And one, too, who had probably been his own companion from childhood, connected together, as I think you said, in the"
his,time,male,pronoun,"My_ father began life in the profession which your uncle, Mr. Philips, appears to do so much credit to; but he gave up everything to be of use to the "
father,superintendence,male,role_noun,"Mr. Darcy often acknowledged himself to be under the greatest obligations to my father’s active superintendence; and when, immediately before my fathe"
father,death,male,role_noun,"Mr. Darcy often acknowledged himself to be under the greatest obligations to my father’s active superintendence; and when, immediately before my fathe"
his,action,male,pronoun,"“It _is_ wonderful,” replied Wickham; “for almost all his actions may be traced to pride; and pride has often been his best friend."
his,friend,male,pronoun,"“It _is_ wonderful,” replied Wickham; “for almost all his actions may be traced to pride; and pride has often been his best friend."
his,behaviour,male,pronoun,But we are none of us consistent; and in his behaviour to me there were stronger impulses even than pride.”
his,money,male,pronoun,"“Yes; it has often led him to be liberal and generous; to give his money freely, to display hospitality, to assist his tenants, and relieve the poor."
his,tenant,male,pronoun,"“Yes; it has often led him to be liberal and generous; to give his money freely, to display hospitality, to assist his tenants, and relieve the poor."
his,father,male,pronoun,"Family pride, and _filial_ pride, for he is very proud of what his father was, have done this."
his,family,male,pronoun,"Not to appear to disgrace his family, to degenerate from the popular qualities, or lose the influence of the Pemberley House, is a powerful motive."
his,sister,male,pronoun,"He has also _brotherly_ pride, which, with _some_ brotherly affection, makes him a very kind and careful guardian of his sister; and you will hear him"
his,head,male,pronoun,He shook his head.
her,"brother,--very",female,pronoun,"It gives me pain to speak ill of a Darcy; but she is too much like her brother,--very, very proud."
her,amusement,female,pronoun,"As a child, she was affectionate and pleasing, and extremely fond of me; and I have devoted hours and hours to her amusement."
her,father,female,pronoun,"Since her father’s death her home has been London, where a lady lives with her, and superintends her education.”"
father,death,male,role_noun,"Since her father’s death her home has been London, where a lady lives with her, and superintends her education.”"
her,home,female,pronoun,"Since her father’s death her home has been London, where a lady lives with her, and superintends her education.”"
her,education,female,pronoun,"Since her father’s death her home has been London, where a lady lives with her, and superintends her education.”"
his,intimacy,male,pronoun,"After many pauses and many trials of other subjects, Elizabeth could not help reverting once more to the first, and saying,-- “I am astonished at his "
his,while,male,pronoun,He can be a conversible companion if he thinks it worth his while.
his,equal,male,pronoun,"Among those who are at all his equals in consequence, he is a very different man from what he is to the less prosperous."
his,pride,male,pronoun,"His pride never deserts him; but with the rich he is liberal-minded, just, sincere, rational, honourable, and, perhaps, agreeable,--allowing something"
his,station,male,pronoun,"The whist party soon afterwards breaking up, the players gathered round the other table, and Mr. Collins took his station between his cousin Elizabeth"
his,cousin,male,pronoun,"The whist party soon afterwards breaking up, the players gathered round the other table, and Mr. Collins took his station between his cousin Elizabeth"
his,success,male,pronoun,The usual inquiries as to his success were made by the latter.
her,concern,female,pronoun,"It had not been very great; he had lost every point; but when Mrs. Philips began to express her concern thereupon, he assured her, with much earnest g"
wickham,attention,male,name,"Mr. Wickham’s attention was caught; and after observing Mr. Collins for a few moments, he asked Elizabeth in a low voice whether her relations were ve"
her,relation,female,pronoun,"Mr. Wickham’s attention was caught; and after observing Mr. Collins for a few moments, he asked Elizabeth in a low voice whether her relations were ve"
her,notice,female,pronoun,"I hardly know how Mr. Collins was first introduced to her notice, but he certainly has not known her long.”"
she,long,female,pronoun,"I hardly know how Mr. Collins was first introduced to her notice, but he certainly has not known her long.”"
catherine,connection,female,name,I knew nothing at all of Lady Catherine’s connections.
her,existence,female,pronoun,I never heard of her existence till the day before yesterday.”
her,daughter,female,pronoun,"“Her daughter, Miss de Bourgh, will have a very large fortune, and it is believed that she and her cousin will unite the two estates.”"
her,cousin,female,pronoun,"“Her daughter, Miss de Bourgh, will have a very large fortune, and it is believed that she and her cousin will unite the two estates.”"
her,attention,female,pronoun,"Vain indeed must be all her attentions, vain and useless her affection for his sister and her praise of himself, if he were already self-destined to a"
her,affection,female,pronoun,"Vain indeed must be all her attentions, vain and useless her affection for his sister and her praise of himself, if he were already self-destined to a"
his,sister,male,pronoun,"Vain indeed must be all her attentions, vain and useless her affection for his sister and her praise of himself, if he were already self-destined to a"
her,praise,female,pronoun,"Vain indeed must be all her attentions, vain and useless her affection for his sister and her praise of himself, if he were already self-destined to a"
her,daughter,female,pronoun,"“Mr. Collins,” said she, “speaks highly both of Lady Catherine and her daughter; but, from some particulars that he has related of her Ladyship, I sus"
her,ladyship,female,pronoun,"“Mr. Collins,” said she, “speaks highly both of Lady Catherine and her daughter; but, from some particulars that he has related of her Ladyship, I sus"
his,gratitude,male,pronoun,"“Mr. Collins,” said she, “speaks highly both of Lady Catherine and her daughter; but, from some particulars that he has related of her Ladyship, I sus"
his,patroness,male,pronoun,"“Mr. Collins,” said she, “speaks highly both of Lady Catherine and her daughter; but, from some particulars that he has related of her Ladyship, I sus"
her,manner,female,pronoun,"“I believe her to be both in a great degree,” replied Wickham; “I have not seen her for many years; but I very well remember that I never liked her, a"
her,ability,female,pronoun,"She has the reputation of being remarkably sensible and clever; but I rather believe she derives part of her abilities from her rank and fortune, part"
her,rank,female,pronoun,"She has the reputation of being remarkably sensible and clever; but I rather believe she derives part of her abilities from her rank and fortune, part"
her,manner,female,pronoun,"She has the reputation of being remarkably sensible and clever; but I rather believe she derives part of her abilities from her rank and fortune, part"
her,nephew,female,pronoun,"She has the reputation of being remarkably sensible and clever; but I rather believe she derives part of her abilities from her rank and fortune, part"
wickham,attention,male,name,"Elizabeth allowed that he had given a very rational account of it, and they continued talking together with mutual satisfaction till supper put an end"
his,manner,male,pronoun,"There could be no conversation in the noise of Mrs. Philips’s supper party, but his manners recommended him to everybody."
her,head,female,pronoun,Elizabeth went away with her head full of him.
his,name,male,pronoun,"She could think of nothing but of Mr. Wickham, and of what he had told her, all the way home; but there was not time for her even to mention his name "
his,loss,male,pronoun,"Lydia talked incessantly of lottery tickets, of the fish she had lost and the fish she had won; and Mr. Collins, in describing the civility of Mr. and"
his,cousin,male,pronoun,"Lydia talked incessantly of lottery tickets, of the fish she had lost and the fish she had won; and Mr. Collins, in describing the civility of Mr. and"
bingley,regard,male,name,Jane listened with astonishment and concern: she knew not how to believe that Mr. Darcy could be so unworthy of Mr. Bingley’s regard; and yet it was n
her,nature,female,pronoun,Jane listened with astonishment and concern: she knew not how to believe that Mr. Darcy could be so unworthy of Mr. Bingley’s regard; and yet it was n
her,feeling,female,pronoun,The possibility of his having really endured such unkindness was enough to interest all her tender feelings; and nothing therefore remained to be done
his,father,male,pronoun,"My dearest Lizzy, do but consider in what a disgraceful light it places Mr. Darcy, to be treating his father’s favourite in such a manner,--one whom h"
father,favourite,male,role_noun,"My dearest Lizzy, do but consider in what a disgraceful light it places Mr. Darcy, to be treating his father’s favourite in such a manner,--one whom h"
his,father,male,pronoun,"My dearest Lizzy, do but consider in what a disgraceful light it places Mr. Darcy, to be treating his father’s favourite in such a manner,--one whom h"
his,character,male,pronoun,"No man of common humanity, no man who had any value for his character, could be capable of it."
his,friend,male,pronoun,Can his most intimate friends be so excessively deceived in him?
his,look,male,pronoun,"Besides, there was truth in his looks.”"
his,sister,male,pronoun,"The two young ladies were summoned from the shrubbery, where this conversation passed, by the arrival of some of the very persons of whom they had bee"
bennet,civility,male,name,"They were soon gone again, rising from their seats with an activity which took their brother by surprise, and hurrying off as if eager to escape from "
her,daughter,female,pronoun,"Mrs. Bennet chose to consider it as given in compliment to her eldest daughter, and was particularly flattered by receiving the invitation from Mr. Bi"
her,friend,female,pronoun,"Jane pictured to herself a happy evening in the society of her two friends, and the attentions of their brother; and Elizabeth thought with pleasure o"
darcy,look,male,name,"Jane pictured to herself a happy evening in the society of her two friends, and the attentions of their brother; and Elizabeth thought with pleasure o"
her,family,female,pronoun,And even Mary could assure her family that she had no disinclination for it.
elizabeth,spirit,female,name,"Elizabeth’s spirits were so high on the occasion, that though she did not often speak unnecessarily to Mr. Collins, she could not help asking him whet"
bingley,invitation,male,name,"Elizabeth’s spirits were so high on the occasion, that though she did not often speak unnecessarily to Mr. Collins, she could not help asking him whet"
wickham,happiness,male,name,"Mr. Wickham’s happiness and her own was perforce delayed a little longer, and Mr. Collins’s proposal accepted with as good a grace as she could."
her,own,female,pronoun,"Mr. Wickham’s happiness and her own was perforce delayed a little longer, and Mr. Collins’s proposal accepted with as good a grace as she could."
collins,proposal,male,name,"Mr. Wickham’s happiness and her own was perforce delayed a little longer, and Mr. Collins’s proposal accepted with as good a grace as she could."
his,gallantry,male,pronoun,"She was not the better pleased with his gallantry, from the idea it suggested of something more."
her,sister,female,pronoun,"she_ was selected from among her sisters as worthy of being the mistress of Hunsford Parsonage, and of assisting to form a quadrille table at Rosings,"
his,civility,male,pronoun,"The idea soon reached to conviction, as she observed his increasing civilities towards herself, and heard his frequent attempt at a compliment on her "
his,attempt,male,pronoun,"The idea soon reached to conviction, as she observed his increasing civilities towards herself, and heard his frequent attempt at a compliment on her "
her,wit,female,pronoun,"The idea soon reached to conviction, as she observed his increasing civilities towards herself, and heard his frequent attempt at a compliment on her "
her,charm,female,pronoun,"The idea soon reached to conviction, as she observed his increasing civilities towards herself, and heard his frequent attempt at a compliment on her "
her,mother,female,pronoun,"The idea soon reached to conviction, as she observed his increasing civilities towards herself, and heard his frequent attempt at a compliment on her "
her,patience,female,pronoun,Even Elizabeth might have found some trial of her patience in weather which totally suspended the improvement of her acquaintance with Mr. Wickham; an
her,acquaintance,female,pronoun,Even Elizabeth might have found some trial of her patience in weather which totally suspended the improvement of her acquaintance with Mr. Wickham; an
his,being,male,pronoun,"[Illustration] Till Elizabeth entered the drawing-room at Netherfield, and looked in vain for Mr. Wickham among the cluster of red coats there assembl"
his,heart,male,pronoun,"She had dressed with more than usual care, and prepared in the highest spirits for the conquest of all that remained unsubdued of his heart, trusting "
his,omit,male,pronoun,"But in an instant arose the dreadful suspicion of his being purposely omitted, for Mr. Darcy’s pleasure, in the Bingleys’ invitation to the officers; "
darcy,pleasure,male,name,"But in an instant arose the dreadful suspicion of his being purposely omitted, for Mr. Darcy’s pleasure, in the Bingleys’ invitation to the officers; "
his,absence,male,pronoun,"But in an instant arose the dreadful suspicion of his being purposely omitted, for Mr. Darcy’s pleasure, in the Bingleys’ invitation to the officers; "
his,friend,male,pronoun,"But in an instant arose the dreadful suspicion of his being purposely omitted, for Mr. Darcy’s pleasure, in the Bingleys’ invitation to the officers; "
his,business,male,pronoun,"But in an instant arose the dreadful suspicion of his being purposely omitted, for Mr. Darcy’s pleasure, in the Bingleys’ invitation to the officers; "
his,intelligence,male,pronoun,"This part of his intelligence, though unheard by Lydia, was caught by Elizabeth; and, as it assured her that Darcy was not less answerable for Wickham"
wickham,absence,male,name,"This part of his intelligence, though unheard by Lydia, was caught by Elizabeth; and, as it assured her that Darcy was not less answerable for Wickham"
her,surmise,female,pronoun,"This part of his intelligence, though unheard by Lydia, was caught by Elizabeth; and, as it assured her that Darcy was not less answerable for Wickham"
her,own,female,pronoun,"But Elizabeth was not formed for ill-humour; and though every prospect of her own was destroyed for the evening, it could not dwell long on her spirit"
her,spirit,female,pronoun,"But Elizabeth was not formed for ill-humour; and though every prospect of her own was destroyed for the evening, it could not dwell long on her spirit"
her,grief,female,pronoun,"But Elizabeth was not formed for ill-humour; and though every prospect of her own was destroyed for the evening, it could not dwell long on her spirit"
her,cousin,female,pronoun,"But Elizabeth was not formed for ill-humour; and though every prospect of her own was destroyed for the evening, it could not dwell long on her spirit"
her,notice,female,pronoun,"But Elizabeth was not formed for ill-humour; and though every prospect of her own was destroyed for the evening, it could not dwell long on her spirit"
her,release,female,pronoun,The moment of her release from him was ecstasy.
his,application,male,pronoun,"When those dances were over, she returned to Charlotte Lucas, and was in conversation with her, when she found herself suddenly addressed by Mr. Darcy"
her,hand,female,pronoun,"When those dances were over, she returned to Charlotte Lucas, and was in conversation with her, when she found herself suddenly addressed by Mr. Darcy"
her,want,female,pronoun,"He walked away again immediately, and she was left to fret over her own want of presence of mind: Charlotte tried to console her."
her,hand,female,pronoun,"When the dancing recommenced, however, and Darcy approached to claim her hand, Charlotte could not help cautioning her, in a whisper, not to be a simp"
her,fancy,female,pronoun,"When the dancing recommenced, however, and Darcy approached to claim her hand, Charlotte could not help cautioning her, in a whisper, not to be a simp"
his,consequence,male,pronoun,"When the dancing recommenced, however, and Darcy approached to claim her hand, Charlotte could not help cautioning her, in a whisper, not to be a simp"
her,place,female,pronoun,"Elizabeth made no answer, and took her place in the set, amazed at the dignity to which she was arrived in being allowed to stand opposite to Mr. Darc"
her,neighbour,female,pronoun,"Elizabeth made no answer, and took her place in the set, amazed at the dignity to which she was arrived in being allowed to stand opposite to Mr. Darc"
her,partner,female,pronoun,"They stood for some time without speaking a word; and she began to imagine that their silence was to last through the two dances, and, at first, was r"
her,sister,female,pronoun,"He made no answer; and they were again silent till they had gone down the dance, when he asked her if she and her sisters did not very often walk to M"
his,feature,male,pronoun,"A deeper shade of _hauteur_ overspread his features, but he said not a word; and Elizabeth, though blaming herself for her own weakness, could not go "
her,weakness,female,pronoun,"A deeper shade of _hauteur_ overspread his features, but he said not a word; and Elizabeth, though blaming herself for her own weakness, could not go "
his,_,male,pronoun,"“Mr. Wickham is blessed with such happy manners as may insure his _making_ friends; whether he may be equally capable of _retaining_ them, is less cer"
his,life,male,pronoun,"“He has been so unlucky as to lose your friendship,” replied Elizabeth, with emphasis, “and in a manner which he is likely to suffer from all his life"
his,dancing,male,pronoun,"At that moment Sir William Lucas appeared close to them, meaning to pass through the set to the other side of the room; but, on perceiving Mr. Darcy, "
his,partner,male,pronoun,"At that moment Sir William Lucas appeared close to them, meaning to pass through the set to the other side of the room; but, on perceiving Mr. Darcy, "
her,sister,female,pronoun,"Allow me to say, however, that your fair partner does not disgrace you: and that I must hope to have this pleasure often repeated, especially when a c"
his,friend,male,pronoun,[_Copyright 1894 by George Allen._]] The latter part of this address was scarcely heard by Darcy; but Sir William’s allusion to his friend seemed to s
his,eye,male,pronoun,[_Copyright 1894 by George Allen._]] The latter part of this address was scarcely heard by Darcy; but Sir William’s allusion to his friend seemed to s
his,partner,male,pronoun,"Recovering himself, however, shortly, he turned to his partner, and said,-- “Sir William’s interruption has made me forget what we were talking of.”"
her,thought,female,pronoun,"“Yes, always,” she replied, without knowing what she said; for her thoughts had wandered far from the subject, as soon afterwards appeared by her sudd"
her,gravity,female,pronoun,"“Merely to the illustration of _your_ character,” said she, endeavouring to shake off her gravity."
her,head,female,pronoun,She shook her head.
darcy,breast,male,name,"She said no more, and they went down the other dance and parted in silence; on each side dissatisfied, though not to an equal degree; for in Darcy’s b"
her,pardon,female,pronoun,"She said no more, and they went down the other dance and parted in silence; on each side dissatisfied, though not to an equal degree; for in Darcy’s b"
his,anger,male,pronoun,"She said no more, and they went down the other dance and parted in silence; on each side dissatisfied, though not to an equal degree; for in Darcy’s b"
his,communication,male,pronoun,"Your sister has been talking to me about him, and asking me a thousand questions; and I find that the young man forgot to tell you, among his other co"
his,assertion,male,pronoun,"Let me recommend you, however, as a friend, not to give implicit confidence to all his assertions; for, as to Mr. Darcy’s using him ill, it is perfect"
his,invitation,male,pronoun,"I do not know the particulars, but I know very well that Mr. Darcy is not in the least to blame; that he cannot bear to hear George Wickham mentioned;"
his,descent,male,pronoun,"I pity you, Miss Eliza, for this discovery of your favourite’s guilt; but really, considering his descent, one could not expect much better.”"
his,guilt,male,pronoun,"“His guilt and his descent appear, by your account, to be the same,” said Elizabeth, angrily; “for I have heard you accuse him of nothing worse than o"
his,descent,male,pronoun,"“His guilt and his descent appear, by your account, to be the same,” said Elizabeth, angrily; “for I have heard you accuse him of nothing worse than o"
her,sister,female,pronoun,"She then sought her eldest sister, who had undertaken to make inquiries on the same subject of Bingley."
her,feeling,female,pronoun,"Elizabeth instantly read her feelings; and, at that moment, solicitude for Wickham, resentment against his enemies, and everything else, gave way befo"
his,enemy,male,pronoun,"Elizabeth instantly read her feelings; and, at that moment, solicitude for Wickham, resentment against his enemies, and everything else, gave way befo"
her,sister,female,pronoun,"“I want to know,” said she, with a countenance no less smiling than her sister’s, “what you have learnt about Mr. Wickham."
his,history,male,pronoun,"Mr. Bingley does not know the whole of his history, and is quite ignorant of the circumstances which have principally offended Mr. Darcy; but he will "
his,friend,male,pronoun,"Mr. Bingley does not know the whole of his history, and is quite ignorant of the circumstances which have principally offended Mr. Darcy; but he will "
his,account,male,pronoun,"Mr. Bingley does not know the whole of his history, and is quite ignorant of the circumstances which have principally offended Mr. Darcy; but he will "
his,sister,male,pronoun,"Mr. Bingley does not know the whole of his history, and is quite ignorant of the circumstances which have principally offended Mr. Darcy; but he will "
darcy,regard,male,name,"I am afraid he has been very imprudent, and has deserved to lose Mr. Darcy’s regard.”"
bingley,sincerity,male,name,"“I have not a doubt of Mr. Bingley’s sincerity,” said Elizabeth warmly, “but you must excuse my not being convinced by assurances only."
bingley,defence,male,name,"Mr. Bingley’s defence of his friend was a very able one, I dare say; but since he is unacquainted with several parts of the story, and has learnt the "
his,friend,male,pronoun,"Mr. Bingley’s defence of his friend was a very able one, I dare say; but since he is unacquainted with several parts of the story, and has learnt the "
bingley,regard,male,name,"Elizabeth listened with delight to the happy though modest hopes which Jane entertained of Bingley’s regard, and said all in her power to heighten her"
her,power,female,pronoun,"Elizabeth listened with delight to the happy though modest hopes which Jane entertained of Bingley’s regard, and said all in her power to heighten her"
her,confidence,female,pronoun,"Elizabeth listened with delight to the happy though modest hopes which Jane entertained of Bingley’s regard, and said all in her power to heighten her"
her,partner,female,pronoun,"On their being joined by Mr. Bingley himself, Elizabeth withdrew to Miss Lucas; to whose inquiry after the pleasantness of her last partner she had sc"
his,cousin,male,pronoun,"I happened to overhear the gentleman himself mentioning to the young lady who does the honours of this house the names of his cousin Miss De Bourgh, a"
her,mother,female,pronoun,"I happened to overhear the gentleman himself mentioning to the young lady who does the honours of this house the names of his cousin Miss De Bourgh, a"
his,pardon,male,pronoun,I shall entreat his pardon for not having done it earlier.
her,ladyship,female,pronoun,It will be in my power to assure him that her Ladyship was quite well yesterday se’nnight.”
his,aunt,male,pronoun,Elizabeth tried hard to dissuade him from such a scheme; assuring him that Mr. Darcy would consider his addressing him without introduction as an impe
his,inclination,male,pronoun,"Mr. Collins listened to her with the determined air of following his own inclination, and when she ceased speaking, replied thus,-- “My dear Miss Eliz"
his,advance,male,pronoun,"Pardon me for neglecting to profit by your advice, which on every other subject shall be my constant guide, though in the case before us I consider my"
her,cousin,female,pronoun,"Her cousin prefaced his speech with a solemn bow, and though she could not hear a word of it, she felt as if hearing it all, and saw in the motion of "
his,speech,male,pronoun,"Her cousin prefaced his speech with a solemn bow, and though she could not hear a word of it, she felt as if hearing it all, and saw in the motion of "
his,lip,male,pronoun,"Her cousin prefaced his speech with a solemn bow, and though she could not hear a word of it, she felt as if hearing it all, and saw in the motion of "
darcy,contempt,male,name,"Mr. Collins, however, was not discouraged from speaking again, and Mr. Darcy’s contempt seemed abundantly increasing with the length of his second spe"
his,speech,male,pronoun,"Mr. Collins, however, was not discouraged from speaking again, and Mr. Darcy’s contempt seemed abundantly increasing with the length of his second spe"
catherine,discernment,female,name,"He answered me with the utmost civility, and even paid me the compliment of saying, that he was so well convinced of Lady Catherine’s discernment as t"
her,own,female,pronoun,"As Elizabeth had no longer any interest of her own to pursue, she turned her attention almost entirely on her sister and Mr. Bingley; and the train of"
her,attention,female,pronoun,"As Elizabeth had no longer any interest of her own to pursue, she turned her attention almost entirely on her sister and Mr. Bingley; and the train of"
her,sister,female,pronoun,"As Elizabeth had no longer any interest of her own to pursue, she turned her attention almost entirely on her sister and Mr. Bingley; and the train of"
her,observation,female,pronoun,"As Elizabeth had no longer any interest of her own to pursue, she turned her attention almost entirely on her sister and Mr. Bingley; and the train of"
bingley,sister,male,name,"She saw her in idea settled in that very house, in all the felicity which a marriage of true affection could bestow; and she felt capable, under such "
her,mother,female,pronoun,"Her mother’s thoughts she plainly saw were bent the same way, and she determined not to venture near her, lest she might hear too much."
mother,thought,female,role_noun,"Her mother’s thoughts she plainly saw were bent the same way, and she determined not to venture near her, lest she might hear too much."
her,mother,female,pronoun,"When they sat down to supper, therefore, she considered it a most unlucky perverseness which placed them within one of each other; and deeply was she "
her,expectation,female,pronoun,"When they sat down to supper, therefore, she considered it a most unlucky perverseness which placed them within one of each other; and deeply was she "
her,daughter,female,pronoun,"It was, moreover, such a promising thing for her younger daughters, as Jane’s marrying so greatly must throw them in the way of other rich men; and, l"
her,time,female,pronoun,"It was, moreover, such a promising thing for her younger daughters, as Jane’s marrying so greatly must throw them in the way of other rich men; and, l"
her,daughter,female,pronoun,"It was, moreover, such a promising thing for her younger daughters, as Jane’s marrying so greatly must throw them in the way of other rich men; and, l"
her,life,female,pronoun,"It was necessary to make this circumstance a matter of pleasure, because on such occasions it is the etiquette; but no one was less likely than Mrs. B"
her,mother,female,pronoun,"In vain did Elizabeth endeavour to check the rapidity of her mother’s words, or persuade her to describe her felicity in a less audible whisper; for t"
mother,word,female,role_noun,"In vain did Elizabeth endeavour to check the rapidity of her mother’s words, or persuade her to describe her felicity in a less audible whisper; for t"
her,felicity,female,pronoun,"In vain did Elizabeth endeavour to check the rapidity of her mother’s words, or persuade her to describe her felicity in a less audible whisper; for t"
her,vexation,female,pronoun,"In vain did Elizabeth endeavour to check the rapidity of her mother’s words, or persuade her to describe her felicity in a less audible whisper; for t"
her,mother,female,pronoun,Her mother only scolded her for being nonsensical.
his,friend,male,pronoun,You will never recommend yourself to his friend by so doing.”
her,mother,female,pronoun,Her mother would talk of her views in the same intelligible tone.
her,view,female,pronoun,Her mother would talk of her views in the same intelligible tone.
her,eye,female,pronoun,"She could not help frequently glancing her eye at Mr. Darcy, though every glance convinced her of what she dreaded; for though he was not always looki"
her,mother,female,pronoun,"She could not help frequently glancing her eye at Mr. Darcy, though every glance convinced her of what she dreaded; for though he was not always looki"
his,attention,male,pronoun,"She could not help frequently glancing her eye at Mr. Darcy, though every glance convinced her of what she dreaded; for though he was not always looki"
his,face,male,pronoun,The expression of his face changed gradually from indignant contempt to a composed and steady gravity.
her,song,female,pronoun,"By many significant looks and silent entreaties did she endeavour to prevent such a proof of complaisance,--but in vain; Mary would not understand the"
elizabeth,eye,female,name,"Elizabeth’s eyes were fixed on her, with most painful sensations; and she watched her progress through the several stanzas with an impatience which wa"
her,progress,female,pronoun,"Elizabeth’s eyes were fixed on her, with most painful sensations; and she watched her progress through the several stanzas with an impatience which wa"
mary,power,female,name,"Mary’s powers were by no means fitted for such a display; her voice was weak, and her manner affected."
her,voice,female,pronoun,"Mary’s powers were by no means fitted for such a display; her voice was weak, and her manner affected."
her,manner,female,pronoun,"Mary’s powers were by no means fitted for such a display; her voice was weak, and her manner affected."
his,sister,male,pronoun,"She looked at his two sisters, and saw them making signs of derision at each other, and at Darcy, who continued, however, impenetrably grave."
her,father,female,pronoun,"She looked at her father to entreat his interference, lest Mary should be singing all night."
his,interference,male,pronoun,"She looked at her father to entreat his interference, lest Mary should be singing all night."
her,song,female,pronoun,"He took the hint, and, when Mary had finished her second song, said aloud,-- “That will do extremely well, child."
her,father,female,pronoun,"Mary, though pretending not to hear, was somewhat disconcerted; and Elizabeth, sorry for her, and sorry for her father’s speech, was afraid her anxiet"
father,speech,male,role_noun,"Mary, though pretending not to hear, was somewhat disconcerted; and Elizabeth, sorry for her, and sorry for her father’s speech, was afraid her anxiet"
her,anxiety,female,pronoun,"Mary, though pretending not to hear, was somewhat disconcerted; and Elizabeth, sorry for her, and sorry for her father’s speech, was afraid her anxiet"
his,patron,male,pronoun,"In the first place, he must make such an agreement for tithes as may be beneficial to himself and not offensive to his patron."
his,sermon,male,pronoun,"He must write his own sermons; and the time that remains will not be too much for his parish duties, and the care and improvement of his dwelling, whi"
his,duty,male,pronoun,"He must write his own sermons; and the time that remains will not be too much for his parish duties, and the care and improvement of his dwelling, whi"
his,dwelling,male,pronoun,"He must write his own sermons; and the time that remains will not be too much for his parish duties, and the care and improvement of his dwelling, whi"
his,preferment,male,pronoun,"And I do not think it of light importance that he should have attentive and conciliatory manners towards everybody, especially towards those to whom h"
his,respect,male,pronoun,I cannot acquit him of that duty; nor could I think well of the man who should omit an occasion of testifying his respect towards anybody connected wi
his,speech,male,pronoun,"And with a bow to Mr. Darcy, he concluded his speech, which had been spoken so loud as to be heard by half the room."
his,wife,male,pronoun,"Many stared--many smiled; but no one looked more amused than Mr. Bennet himself, while his wife seriously commended Mr. Collins for having spoken so s"
her,family,female,pronoun,"To Elizabeth it appeared, that had her family made an agreement to expose themselves as much as they could during the evening, it would have been impo"
her,sister,female,pronoun,"To Elizabeth it appeared, that had her family made an agreement to expose themselves as much as they could during the evening, it would have been impo"
his,notice,male,pronoun,"To Elizabeth it appeared, that had her family made an agreement to expose themselves as much as they could during the evening, it would have been impo"
his,feeling,male,pronoun,"To Elizabeth it appeared, that had her family made an agreement to expose themselves as much as they could during the evening, it would have been impo"
his,sister,male,pronoun,"That his two sisters and Mr. Darcy, however, should have such an opportunity of ridiculing her relations was bad enough; and she could not determine w"
her,relation,female,pronoun,"That his two sisters and Mr. Darcy, however, should have such an opportunity of ridiculing her relations was bad enough; and she could not determine w"
she,amusement,female,pronoun,The rest of the evening brought her little amusement.
her,side,female,pronoun,"She was teased by Mr. Collins, who continued most perseveringly by her side; and though he could not prevail with her to dance with him again, put it "
her,power,female,pronoun,"She was teased by Mr. Collins, who continued most perseveringly by her side; and though he could not prevail with her to dance with him again, put it "
his,object,male,pronoun,"He assured her that, as to dancing, he was perfectly indifferent to it; that his chief object was, by delicate attentions, to recommend himself to her"
her,relief,female,pronoun,"She owed her greatest relief to her friend Miss Lucas, who often joined them, and good-naturedly engaged Mr. Collins’s conversation to herself."
her,friend,female,pronoun,"She owed her greatest relief to her friend Miss Lucas, who often joined them, and good-naturedly engaged Mr. Collins’s conversation to herself."
collins,conversation,male,name,"She owed her greatest relief to her friend Miss Lucas, who often joined them, and good-naturedly engaged Mr. Collins’s conversation to herself."
darcy,notice,male,name,"She was at least free from the offence of Mr. Darcy’s further notice: though often standing within a very short distance of her, quite disengaged, he "
her,allusion,female,pronoun,"She felt it to be the probable consequence of her allusions to Mr. Wickham, and rejoiced in it."
her,sister,female,pronoun,"Mrs. Hurst and her sister scarcely opened their mouths except to complain of fatigue, and were evidently impatient to have the house to themselves."
his,sister,male,pronoun,"They repulsed every attempt of Mrs. Bennet at conversation, and, by so doing, threw a languor over the whole party, which was very little relieved by "
her,hope,female,pronoun,"When at length they arose to take leave, Mrs. Bennet was most pressingly civil in her hope of seeing the whole family soon at Longbourn; and addressed"
his,return,male,pronoun,"Bingley was all grateful pleasure; and he readily engaged for taking the earliest opportunity of waiting on her after his return from London, whither "
her,daughter,female,pronoun,"Mrs. Bennet was perfectly satisfied; and quitted the house under the delightful persuasion that, allowing for the necessary preparations of settlement"
her,child,female,pronoun,"Elizabeth was the least dear to her of all her children; and though the man and the match were quite good enough for _her_, the worth of each was ecli"
his,declaration,male,pronoun,Mr. Collins made his declaration in form.
his,leave,male,pronoun,"Having resolved to do it without loss of time, as his leave of absence extended only to the following Saturday, and having no feelings of diffidence t"
her,work,female,pronoun,"And gathering her work together, she was hastening away, when Elizabeth called out,-- “Dear ma’am, do not go."
mother,permission,female,role_noun,You would have been less amiable in my eyes had there _not_ been this little unwillingness; but allow me to assure you that I have your respected moth
his,composure,male,pronoun,"The idea of Mr. Collins, with all his solemn composure, being run away with by his feelings, made Elizabeth so near laughing that she could not use th"
his,feeling,male,pronoun,"The idea of Mr. Collins, with all his solemn composure, being run away with by his feelings, made Elizabeth so near laughing that she could not use th"
his,parish,male,pronoun,"The idea of Mr. Collins, with all his solemn composure, being run away with by his feelings, made Elizabeth so near laughing that she could not use th"
her,opinion,female,pronoun,Twice has she condescended to give me her opinion (unasked too!)
her,manner,female,pronoun,"You will find her manners beyond anything I can describe; and your wit and vivacity, I think, must be acceptable to her, especially when tempered with"
her,rank,female,pronoun,"You will find her manners beyond anything I can describe; and your wit and vivacity, I think, must be acceptable to her, especially when tempered with"
his,daughter,male,pronoun,"But the fact is, that being, as I am, to inherit this estate after the death of your honoured father (who, however, may live many years longer), I cou"
mother,decease,female,role_noun,"To fortune I am perfectly indifferent, and shall make no demand of that nature on your father, since I am well aware that it could not be complied wit"
her,ladyship,female,pronoun,"“Were it certain that Lady Catherine would think so,” said Mr. Collins, very gravely--“but I cannot imagine that her Ladyship would at all disapprove "
her,heart,female,pronoun,"Do not consider me now as an elegant female intending to plague you, but as a rational creature speaking the truth from her heart.”"
her,refusal,female,pronoun,"To such perseverance in wilful self-deception Elizabeth would make no reply, and immediately and in silence withdrew; determined, that if he persisted"
her,father,female,pronoun,"To such perseverance in wilful self-deception Elizabeth would make no reply, and immediately and in silence withdrew; determined, that if he persisted"
his,love,male,pronoun,"[Illustration] Mr. Collins was not left long to the silent contemplation of his successful love; for Mrs. Bennet, having dawdled about in the vestibul"
his,cousin,male,pronoun,"Mr. Collins received and returned these felicitations with equal pleasure, and then proceeded to relate the particulars of their interview, with the r"
her,modesty,female,pronoun,"Mr. Collins received and returned these felicitations with equal pleasure, and then proceeded to relate the particulars of their interview, with the r"
her,character,female,pronoun,"Mr. Collins received and returned these felicitations with equal pleasure, and then proceeded to relate the particulars of their interview, with the r"
her,daughter,female,pronoun,"This information, however, startled Mrs. Bennet: she would have been glad to be equally satisfied that her daughter had meant to encourage him by prot"
his,proposal,male,pronoun,"This information, however, startled Mrs. Bennet: she would have been glad to be equally satisfied that her daughter had meant to encourage him by prot"
her,interest,female,pronoun,"She is a very headstrong, foolish girl, and does not know her own interest; but I will _make_ her know it.”"
her,husband,female,pronoun,"She would not give him time to reply, but hurrying instantly to her husband, called out, as she entered the library,-- “Oh, Mr. Bennet, you are wanted"
his,mind,male,pronoun,"You must come and make Lizzy marry Mr. Collins, for she vows she will not have him; and if you do not make haste he will change his mind and not have "
his,eye,male,pronoun,"Mr. Bennet raised his eyes from his book as she entered, and fixed them on her face with a calm unconcern, which was not in the least altered by her c"
his,book,male,pronoun,"Mr. Bennet raised his eyes from his book as she entered, and fixed them on her face with a calm unconcern, which was not in the least altered by her c"
her,face,female,pronoun,"Mr. Bennet raised his eyes from his book as she entered, and fixed them on her face with a calm unconcern, which was not in the least altered by her c"
her,communication,female,pronoun,"Mr. Bennet raised his eyes from his book as she entered, and fixed them on her face with a calm unconcern, which was not in the least altered by her c"
her,speech,female,pronoun,"“I have not the pleasure of understanding you,” said he, when she had finished her speech."
her,father,female,pronoun,"“Come here, child,” cried her father as she appeared."
her,husband,female,pronoun,"Elizabeth could not but smile at such a conclusion of such a beginning; but Mrs. Bennet, who had persuaded herself that her husband regarded the affai"
her,husband,female,pronoun,"“My dear,” replied her husband, “I have two small favours to request."
her,disappointment,female,pronoun,"Not yet, however, in spite of her disappointment in her husband, did Mrs. Bennet give up the point."
her,husband,female,pronoun,"Not yet, however, in spite of her disappointment in her husband, did Mrs. Bennet give up the point."
her,interest,female,pronoun,"She endeavoured to secure Jane in her interest, but Jane, with all possible mildness, declined interfering; and Elizabeth, sometimes with real earnest"
her,attack,female,pronoun,"She endeavoured to secure Jane in her interest, but Jane, with all possible mildness, declined interfering; and Elizabeth, sometimes with real earnest"
her,manner,female,pronoun,"Though her manner varied, however, her determination never did."
her,determination,female,pronoun,"Though her manner varied, however, her determination never did."
his,cousin,male,pronoun,"He thought too well of himself to comprehend on what motive his cousin could refuse him; and though his pride was hurt, he suffered in no other way."
his,pride,male,pronoun,"He thought too well of himself to comprehend on what motive his cousin could refuse him; and though his pride was hurt, he suffered in no other way."
his,regard,male,pronoun,His regard for her was quite imaginary; and the possibility of her deserving her mother’s reproach prevented his feeling any regret.
her,mother,female,pronoun,His regard for her was quite imaginary; and the possibility of her deserving her mother’s reproach prevented his feeling any regret.
mother,reproach,female,role_noun,His regard for her was quite imaginary; and the possibility of her deserving her mother’s reproach prevented his feeling any regret.
his,feeling,male,pronoun,His regard for her was quite imaginary; and the possibility of her deserving her mother’s reproach prevented his feeling any regret.
her,compassion,female,pronoun,"Charlotte had hardly time to answer before they were joined by Kitty, who came to tell the same news; and no sooner had they entered the breakfast-roo"
her,friend,female,pronoun,"Charlotte had hardly time to answer before they were joined by Kitty, who came to tell the same news; and no sooner had they entered the breakfast-roo"
her,family,female,pronoun,"Charlotte had hardly time to answer before they were joined by Kitty, who came to tell the same news; and no sooner had they entered the breakfast-roo"
charlotte,reply,female,name,Charlotte’s reply was spared by the entrance of Jane and Elizabeth.
her,way,female,pronoun,"“Ay, there she comes,” continued Mrs. Bennet, “looking as unconcerned as may be, and caring no more for us than if we were at York, provided she can h"
her,daughter,female,pronoun,"Her daughters listened in silence to this effusion, sensible that any attempt to reason with or soothe her would only increase the irritation."
her,ground,female,pronoun,"Elizabeth passed quietly out of the room, Jane and Kitty followed, but Lydia stood her ground, determined to hear all she could; and Charlotte, detain"
her,family,female,pronoun,"Elizabeth passed quietly out of the room, Jane and Kitty followed, but Lydia stood her ground, determined to hear all she could; and Charlotte, detain"
his,displeasure,male,pronoun,"Far be it from me,” he presently continued, in a voice that marked his displeasure, “to resent the behaviour of your daughter."
her,hand,female,pronoun,"Perhaps not the less so from feeling a doubt of my positive happiness had my fair cousin honoured me with her hand; for I have often observed, that re"
daughter,favour,female,role_noun,"You will not, I hope, consider me as showing any disrespect to your family, my dear madam, by thus withdrawing my pretensions to your daughter’s favou"
daughter,lip,female,role_noun,"My conduct may, I fear, be objectionable in having accepted my dismission from your daughter’s lips instead of your own; but we are all liable to erro"
collins,offer,male,name,"[Illustration] The discussion of Mr. Collins’s offer was now nearly at an end, and Elizabeth had only to suffer from the uncomfortable feelings necess"
her,mother,female,pronoun,"[Illustration] The discussion of Mr. Collins’s offer was now nearly at an end, and Elizabeth had only to suffer from the uncomfortable feelings necess"
her,friend,female,pronoun,He scarcely ever spoke to her; and the assiduous attentions which he had been so sensible of himself were transferred for the rest of the day to Miss 
bennet,humour,male,name,The morrow produced no abatement of Mrs. Bennet’s ill humour or ill health.
his,resentment,male,pronoun,"Elizabeth had hoped that his resentment might shorten his visit, but his plan did not appear in the least affected by it."
his,visit,male,pronoun,"Elizabeth had hoped that his resentment might shorten his visit, but his plan did not appear in the least affected by it."
his,plan,male,pronoun,"Elizabeth had hoped that his resentment might shorten his visit, but his plan did not appear in the least affected by it."
his,absence,male,pronoun,"After breakfast, the girls walked to Meryton, to inquire if Mr. Wickham were returned, and to lament over his absence from the Netherfield ball."
his,regret,male,pronoun,"He joined them on their entering the town, and attended them to their aunt’s, where his regret and vexation and the concern of everybody were well tal"
his,absence,male,pronoun,"To Elizabeth, however, he voluntarily acknowledged that the necessity of his absence _had_ been self-imposed."
his,forbearance,male,pronoun,"She highly approved his forbearance; and they had leisure for a full discussion of it, and for all the commendations which they civilly bestowed on ea"
her,father,female,pronoun,His accompanying them was a double advantage: she felt all the compliment it offered to herself; and it was most acceptable as an occasion of introduc
lady,hand,female,role_noun,"The envelope contained a sheet of elegant, little, hot-pressed paper, well covered with a lady’s fair, flowing hand; and Elizabeth saw her sister’s co"
her,sister,female,pronoun,"The envelope contained a sheet of elegant, little, hot-pressed paper, well covered with a lady’s fair, flowing hand; and Elizabeth saw her sister’s co"
sister,change,female,role_noun,"The envelope contained a sheet of elegant, little, hot-pressed paper, well covered with a lady’s fair, flowing hand; and Elizabeth saw her sister’s co"
her,dwelling,female,pronoun,"The envelope contained a sheet of elegant, little, hot-pressed paper, well covered with a lady’s fair, flowing hand; and Elizabeth saw her sister’s co"
her,cheerfulness,female,pronoun,"Jane recollected herself soon; and putting the letter away, tried to join, with her usual cheerfulness, in the general conversation: but Elizabeth fel"
her,attention,female,pronoun,"Jane recollected herself soon; and putting the letter away, tried to join, with her usual cheerfulness, in the general conversation: but Elizabeth fel"
his,companion,male,pronoun,"Jane recollected herself soon; and putting the letter away, tried to join, with her usual cheerfulness, in the general conversation: but Elizabeth fel"
she,upstairs,female,pronoun,"Jane recollected herself soon; and putting the letter away, tried to join, with her usual cheerfulness, in the general conversation: but Elizabeth fel"
her,letter,female,pronoun,"When they had gained their own room, Jane, taking out her letter, said, “This is from Caroline Bingley: what it contains has surprised me a good deal."
his,hour,male,pronoun,"“‘When my brother left us yesterday, he imagined that the business which took him to London might be concluded in three or four days; but as we are ce"
his,doing,male,pronoun,It must be his own doing; he is his own master.
his,master,male,pronoun,It must be his own doing; he is his own master.
his,sister,male,pronoun,"‘Mr. Darcy is impatient to see his sister; and to confess the truth, _we_ are scarcely less eager to meet her again."
her,relation,female,pronoun,My brother admires her greatly already; he will have frequent opportunity now of seeing her on the most intimate footing; her relations all wish the c
his,own,male,pronoun,My brother admires her greatly already; he will have frequent opportunity now of seeing her on the most intimate footing; her relations all wish the c
sister,partiality,female,role_noun,My brother admires her greatly already; he will have frequent opportunity now of seeing her on the most intimate footing; her relations all wish the c
woman,heart,female,role_noun,My brother admires her greatly already; he will have frequent opportunity now of seeing her on the most intimate footing; her relations all wish the c
her,sister,female,pronoun,Does it not expressly declare that Caroline neither expects nor wishes me to be her sister; that she is perfectly convinced of her brother’s indiffere
her,brother,female,pronoun,Does it not expressly declare that Caroline neither expects nor wishes me to be her sister; that she is perfectly convinced of her brother’s indiffere
brother,indifference,male,role_noun,Does it not expressly declare that Caroline neither expects nor wishes me to be her sister; that she is perfectly convinced of her brother’s indiffere
her,brother,female,pronoun,Miss Bingley sees that her brother is in love with you and wants him to marry Miss Darcy.
her,head,female,pronoun,Jane shook her head.
his,affection,male,pronoun,"No one who has ever seen you together can doubt his affection; Miss Bingley, I am sure, cannot: she is not such a simpleton."
her,clothe,female,pronoun,"Could she have seen half as much love in Mr. Darcy for herself, she would have ordered her wedding clothes."
her,brother,female,pronoun,"But the case is this:--we are not rich enough or grand enough for them; and she is the more anxious to get Miss Darcy for her brother, from the notion"
her,brother,female,pronoun,"But, my dearest Jane, you cannot seriously imagine that, because Miss Bingley tells you her brother greatly admires Miss Darcy, he is in the smallest "
her,power,female,pronoun,"But, my dearest Jane, you cannot seriously imagine that, because Miss Bingley tells you her brother greatly admires Miss Darcy, he is in the smallest "
her,friend,female,pronoun,"But, my dearest Jane, you cannot seriously imagine that, because Miss Bingley tells you her brother greatly admires Miss Darcy, he is in the smallest "
his,sister,male,pronoun,"“You must decide for yourself,” said Elizabeth; “and if, upon mature deliberation, you find that the misery of disobliging his two sisters is more tha"
his,wife,male,pronoun,"“You must decide for yourself,” said Elizabeth; “and if, upon mature deliberation, you find that the misery of disobliging his two sisters is more tha"
caroline,wish,female,name,"It appeared to her merely the suggestion of Caroline’s interested wishes; and she could not for a moment suppose that those wishes, however openly or "
her,sister,female,pronoun,"She represented to her sister, as forcibly as possible, what she felt on the subject, and had soon the pleasure of seeing its happy effect."
jane,temper,female,name,"Jane’s temper was not desponding; and she was gradually led to hope, though the diffidence of affection sometimes overcame the hope, that Bingley woul"
her,heart,female,pronoun,"Jane’s temper was not desponding; and she was gradually led to hope, though the diffidence of affection sometimes overcame the hope, that Bingley woul"
gentleman,conduct,male,role_noun,"They agreed that Mrs. Bennet should only hear of the departure of the family, without being alarmed on the score of the gentleman’s conduct; but even "
her,friend,female,pronoun,"Charlotte assured her friend of her satisfaction in being useful, and that it amply repaid her for the little sacrifice of her time."
her,satisfaction,female,pronoun,"Charlotte assured her friend of her satisfaction in being useful, and that it amply repaid her for the little sacrifice of her time."
her,time,female,pronoun,"Charlotte assured her friend of her satisfaction in being useful, and that it amply repaid her for the little sacrifice of her time."
charlotte,kindness,female,name,This was very amiable; but Charlotte’s kindness extended farther than Elizabeth had any conception of:--its object was nothing less than to secure her
collins,address,male,name,This was very amiable; but Charlotte’s kindness extended farther than Elizabeth had any conception of:--its object was nothing less than to secure her
his,character,male,pronoun,But here she did injustice to the fire and independence of his character; for it led him to escape out of Longbourn House the next morning with admira
her,foot,female,pronoun,But here she did injustice to the fire and independence of his character; for it led him to escape out of Longbourn House the next morning with admira
his,cousin,male,pronoun,"He was anxious to avoid the notice of his cousins, from a conviction that, if they saw him depart, they could not fail to conjecture his design, and h"
his,design,male,pronoun,"He was anxious to avoid the notice of his cousins, from a conviction that, if they saw him depart, they could not fail to conjecture his design, and h"
his,reception,male,pronoun,"His reception, however, was of the most flattering kind."
collins,speech,male,name,"In as short a time as Mr. Collins’s long speeches would allow, everything was settled between them to the satisfaction of both; and as they entered th"
his,happiness,male,pronoun,"In as short a time as Mr. Collins’s long speeches would allow, everything was settled between them to the satisfaction of both; and as they entered th"
his,courtship,male,pronoun,The stupidity with which he was favoured by nature must guard his courtship from any charm that could make a woman wish for its continuance; and Miss 
collins,circumstance,male,name,"Mr. Collins’s present circumstances made it a most eligible match for their daughter, to whom they could give little fortune; and his prospects of fut"
his,prospect,male,pronoun,"Mr. Collins’s present circumstances made it a most eligible match for their daughter, to whom they could give little fortune; and his prospects of fut"
his,opinion,male,pronoun,"[_Copyright 1894 by George Allen._]] excited before, how many years longer Mr. Bennet was likely to live; and Sir William gave it as his decided opini"
his,wife,male,pronoun,"[_Copyright 1894 by George Allen._]] excited before, how many years longer Mr. Bennet was likely to live; and Sir William gave it as his decided opini"
her,point,female,pronoun,"She had gained her point, and had time to consider of it."
her,reflection,female,pronoun,Her reflections were in general satisfactory.
his,society,male,pronoun,"Mr. Collins, to be sure, was neither sensible nor agreeable: his society was irksome, and his attachment to her must be imaginary."
his,attachment,male,pronoun,"Mr. Collins, to be sure, was neither sensible nor agreeable: his society was irksome, and his attachment to her must be imaginary."
her,husband,female,pronoun,But still he would be her husband.
her,object,female,pronoun,"Without thinking highly either of men or of matrimony, marriage had always been her object: it was the only honourable provision for well-educated you"
her,resolution,female,pronoun,"Elizabeth would wonder, and probably would blame her; and though her resolution was not to be shaken, her feelings must be hurt by such a disapprobati"
her,feeling,female,pronoun,"Elizabeth would wonder, and probably would blame her; and though her resolution was not to be shaken, her feelings must be hurt by such a disapprobati"
his,absence,male,pronoun,"A promise of secrecy was of course very dutifully given, but it could not be kept without difficulty; for the curiosity excited by his long absence bu"
his,return,male,pronoun,"A promise of secrecy was of course very dutifully given, but it could not be kept without difficulty; for the curiosity excited by his long absence bu"
his,love,male,pronoun,"A promise of secrecy was of course very dutifully given, but it could not be kept without difficulty; for the curiosity excited by his long absence bu"
his,journey,male,pronoun,"As he was to begin his journey too early on the morrow to see any of the family, the ceremony of leave-taking was performed when the ladies moved for "
his,engagement,male,pronoun,"As he was to begin his journey too early on the morrow to see any of the family, the ceremony of leave-taking was performed when the ladies moved for "
catherine,disapprobation,female,name,"“But is there not danger of Lady Catherine’s disapprobation here, my good sir?"
her,ladyship,female,pronoun,"“My dear sir,” replied Mr. Collins, “I am particularly obliged to you for this friendly caution, and you may depend upon my not taking so material a s"
her,displeasure,female,pronoun,"Risk anything rather than her displeasure; and if you find it likely to be raised by your coming to us again, which I should think exceedingly probabl"
his,address,male,pronoun,"Mrs. Bennet wished to understand by it that he thought of paying his addresses to one of her younger girls, and Mary might have been prevailed on to a"
her,girl,female,pronoun,"Mrs. Bennet wished to understand by it that he thought of paying his addresses to one of her younger girls, and Mary might have been prevailed on to a"
his,ability,male,pronoun,She rated his abilities much higher than any of the others: there was a solidity in his reflections which often struck her; and though by no means so 
his,reflection,male,pronoun,She rated his abilities much higher than any of the others: there was a solidity in his reflections which often struck her; and though by no means so 
her,friend,female,pronoun,The possibility of Mr. Collins’s fancying himself in love with her friend had once occurred to Elizabeth within the last day or two: but that Charlott
her,astonishment,female,pronoun,The possibility of Mr. Collins’s fancying himself in love with her friend had once occurred to Elizabeth within the last day or two: but that Charlott
her,story,female,pronoun,The steady countenance which Miss Lucas had commanded in telling her story gave way to a momentary confusion here on receiving so direct a reproach; t
her,composure,female,pronoun,The steady countenance which Miss Lucas had commanded in telling her story gave way to a momentary confusion here on receiving so direct a reproach; t
woman,opinion,female,role_noun,"Do you think it incredible that Mr. Collins should be able to procure any woman’s good opinion, because he was not so happy as to succeed with you?”"
she,happiness,female,pronoun,"But Elizabeth had now recollected herself; and, making a strong effort for it, was able to assure her, with tolerable firmness, that the prospect of t"
collins,character,male,name,"I ask only a comfortable home; and, considering Mr. Collins’s character, connections, and situation in life, I am convinced that my chance of happines"
his,be,male,pronoun,The strangeness of Mr. Collins’s making two offers of marriage within three days was nothing in comparison of his being now accepted.
charlotte,opinion,female,name,"She had always felt that Charlotte’s opinion of matrimony was not exactly like her own; but she could not have supposed it possible that, when called "
her,own,female,pronoun,"She had always felt that Charlotte’s opinion of matrimony was not exactly like her own; but she could not have supposed it possible that, when called "
her,esteem,female,pronoun,"And to the pang of a friend disgracing herself, and sunk in her esteem, was added the distressing conviction that it was impossible for that friend to"
her,mother,female,pronoun,"[Illustration] Elizabeth was sitting with her mother and sisters, reflecting on what she had heard, and doubting whether she was authorized to mention"
his,daughter,male,pronoun,"[Illustration] Elizabeth was sitting with her mother and sisters, reflecting on what she had heard, and doubting whether she was authorized to mention"
her,engagement,female,pronoun,"[Illustration] Elizabeth was sitting with her mother and sisters, reflecting on what she had heard, and doubting whether she was authorized to mention"
his,information,male,pronoun,Nothing less than the complaisance of a courtier could have borne without anger such treatment: but Sir William’s good-breeding carried him through it
his,account,male,pronoun,"Elizabeth, feeling it incumbent on her to relieve him from so unpleasant a situation, now put herself forward to confirm his account, by mentioning he"
she,knowledge,female,pronoun,"Elizabeth, feeling it incumbent on her to relieve him from so unpleasant a situation, now put herself forward to confirm his account, by mentioning he"
her,mother,female,pronoun,"Elizabeth, feeling it incumbent on her to relieve him from so unpleasant a situation, now put herself forward to confirm his account, by mentioning he"
her,congratulation,female,pronoun,"Elizabeth, feeling it incumbent on her to relieve him from so unpleasant a situation, now put herself forward to confirm his account, by mentioning he"
her,feeling,female,pronoun,"Mrs. Bennet was, in fact, too much overpowered to say a great deal while Sir William remained; but no sooner had he left them than her feelings found "
her,resentment,female,pronoun,Nor did that day wear out her resentment.
bennet,emotion,male,name,"Mr. Bennet’s emotions were much more tranquil on the occasion, and such as he did experience he pronounced to be of a most agreeable sort; for it grat"
his,wife,male,pronoun,"Mr. Bennet’s emotions were much more tranquil on the occasion, and such as he did experience he pronounced to be of a most agreeable sort; for it grat"
his,daughter,male,pronoun,"Mr. Bennet’s emotions were much more tranquil on the occasion, and such as he did experience he pronounced to be of a most agreeable sort; for it grat"
her,astonishment,female,pronoun,Jane confessed herself a little surprised at the match: but she said less of her astonishment than of her earnest desire for their happiness; nor coul
her,desire,female,pronoun,Jane confessed herself a little surprised at the match: but she said less of her astonishment than of her earnest desire for their happiness; nor coul
bennet,look,male,name,Lady Lucas could not be insensible of triumph on being able to retort on Mrs. Bennet the comfort of having a daughter well married; and she called at 
her,disappointment,female,pronoun,"Her disappointment in Charlotte made her turn with fonder regard to her sister, of whose rectitude and delicacy she was sure her opinion could never b"
her,turn,female,pronoun,"Her disappointment in Charlotte made her turn with fonder regard to her sister, of whose rectitude and delicacy she was sure her opinion could never b"
her,sister,female,pronoun,"Her disappointment in Charlotte made her turn with fonder regard to her sister, of whose rectitude and delicacy she was sure her opinion could never b"
her,opinion,female,pronoun,"Her disappointment in Charlotte made her turn with fonder regard to her sister, of whose rectitude and delicacy she was sure her opinion could never b"
his,return,male,pronoun,"Her disappointment in Charlotte made her turn with fonder regard to her sister, of whose rectitude and delicacy she was sure her opinion could never b"
her,letter,female,pronoun,"Jane had sent Caroline an early answer to her letter, and was counting the days till she might reasonably hope to hear again."
his,conscience,male,pronoun,"After discharging his conscience on that head, he proceeded to inform them, with many rapturous expressions, of his happiness in having obtained the a"
his,happiness,male,pronoun,"After discharging his conscience on that head, he proceeded to inform them, with many rapturous expressions, of his happiness in having obtained the a"
her,society,female,pronoun,"After discharging his conscience on that head, he proceeded to inform them, with many rapturous expressions, of his happiness in having obtained the a"
his,marriage,male,pronoun,"After discharging his conscience on that head, he proceeded to inform them, with many rapturous expressions, of his happiness in having obtained the a"
his,charlotte,male,pronoun,"After discharging his conscience on that head, he proceeded to inform them, with many rapturous expressions, of his happiness in having obtained the a"
collins,return,male,name,Mr. Collins’s return into Hertfordshire was no longer a matter of pleasure to Mrs. Bennet.
her,husband,female,pronoun,"On the contrary, she was as much disposed to complain of it as her husband."
her,health,female,pronoun,"She hated having visitors in the house while her health was so indifferent, and lovers were of all people the most disagreeable."
bingley,absence,male,name,"Such were the gentle murmurs of Mrs. Bennet, and they gave way only to the greater distress of Mr. Bingley’s continued absence."
his,sister,male,pronoun,Even Elizabeth began to fear--not that Bingley was indifferent--but that his sisters would be successful in keeping him away.
jane,happiness,female,name,"Unwilling as she was to admit an idea so destructive to Jane’s happiness, and so dishonourable to the stability of her lover, she could not prevent it"
her,lover,female,pronoun,"Unwilling as she was to admit an idea so destructive to Jane’s happiness, and so dishonourable to the stability of her lover, she could not prevent it"
his,sister,male,pronoun,"The united efforts of his two unfeeling sisters, and of his overpowering friend, assisted by the attractions of Miss Darcy and the amusements of Londo"
his,friend,male,pronoun,"The united efforts of his two unfeeling sisters, and of his overpowering friend, assisted by the attractions of Miss Darcy and the amusements of Londo"
his,attachment,male,pronoun,"The united efforts of his two unfeeling sisters, and of his overpowering friend, assisted by the attractions of Miss Darcy and the amusements of Londo"
her,mother,female,pronoun,"But as no such delicacy restrained her mother, an hour seldom passed in which she did not talk of Bingley, express her impatience for his arrival, or "
her,impatience,female,pronoun,"But as no such delicacy restrained her mother, an hour seldom passed in which she did not talk of Bingley, express her impatience for his arrival, or "
his,arrival,male,pronoun,"But as no such delicacy restrained her mother, an hour seldom passed in which she did not talk of Bingley, express her impatience for his arrival, or "
his,reception,male,pronoun,"Mr. Collins returned most punctually on the Monday fortnight, but his reception at Longbourn was not quite so gracious as it had been on his first int"
his,introduction,male,pronoun,"Mr. Collins returned most punctually on the Monday fortnight, but his reception at Longbourn was not quite so gracious as it had been on his first int"
his,company,male,pronoun,"He was too happy, however, to need much attention; and, luckily for the others, the business of love-making relieved them from a great deal of his com"
his,absence,male,pronoun,"The chief of every day was spent by him at Lucas Lodge, and he sometimes returned to Longbourn only in time to make an apology for his absence before "
her,successor,female,pronoun,"As her successor in that house, she regarded her with jealous abhorrence."
her,daughter,female,pronoun,"Whenever Charlotte came to see them, she concluded her to be anticipating the hour of possession; and whenever she spoke in a low voice to Mr. Collins"
her,husband,female,pronoun,She complained bitterly of all this to her husband.
bingley,letter,male,name,"[Illustration] Miss Bingley’s letter arrived, and put an end to doubt."
her,brother,female,pronoun,"The very first sentence conveyed the assurance of their being all settled in London for the winter, and concluded with her brother’s regret at not hav"
brother,regret,male,role_noun,"The very first sentence conveyed the assurance of their being all settled in London for the winter, and concluded with her brother’s regret at not hav"
his,respect,male,pronoun,"The very first sentence conveyed the assurance of their being all settled in London for the winter, and concluded with her brother’s regret at not hav"
his,friend,male,pronoun,"The very first sentence conveyed the assurance of their being all settled in London for the winter, and concluded with her brother’s regret at not hav"
darcy,praise,male,name,Miss Darcy’s praise occupied the chief of it.
her,attraction,female,pronoun,"Her many attractions were again dwelt on; and Caroline boasted joyfully of their increasing intimacy, and ventured to predict the accomplishment of th"
her,letter,female,pronoun,"Her many attractions were again dwelt on; and Caroline boasted joyfully of their increasing intimacy, and ventured to predict the accomplishment of th"
her,brother,female,pronoun,"She wrote also with great pleasure of her brother’s being an inmate of Mr. Darcy’s house, and mentioned with raptures some plans of the latter with re"
darcy,house,male,name,"She wrote also with great pleasure of her brother’s being an inmate of Mr. Darcy’s house, and mentioned with raptures some plans of the latter with re"
her,heart,female,pronoun,Her heart was divided between concern for her sister and resentment against all others.
her,sister,female,pronoun,Her heart was divided between concern for her sister and resentment against all others.
caroline,assertion,female,name,"To Caroline’s assertion of her brother’s being partial to Miss Darcy, she paid no credit."
her,brother,female,pronoun,"To Caroline’s assertion of her brother’s being partial to Miss Darcy, she paid no credit."
his,friend,male,pronoun,"That he was really fond of Jane, she doubted no more than she had ever done; and much as she had always been disposed to like him, she could not think"
his,happiness,male,pronoun,"That he was really fond of Jane, she doubted no more than she had ever done; and much as she had always been disposed to like him, she could not think"
his,happiness,male,pronoun,"Had his own happiness, however, been the only sacrifice, he might have been allowed to sport with it in whatever manner he thought best; but her siste"
her,sister,female,pronoun,"Had his own happiness, however, been the only sacrifice, he might have been allowed to sport with it in whatever manner he thought best; but her siste"
bingley,regard,male,name,"She could think of nothing else; and yet, whether Bingley’s regard had really died away, or were suppressed by his friends’ interference; whether he h"
his,friend,male,pronoun,"She could think of nothing else; and yet, whether Bingley’s regard had really died away, or were suppressed by his friends’ interference; whether he h"
jane,attachment,female,name,"She could think of nothing else; and yet, whether Bingley’s regard had really died away, or were suppressed by his friends’ interference; whether he h"
his,observation,male,pronoun,"She could think of nothing else; and yet, whether Bingley’s regard had really died away, or were suppressed by his friends’ interference; whether he h"
her,opinion,female,pronoun,"She could think of nothing else; and yet, whether Bingley’s regard had really died away, or were suppressed by his friends’ interference; whether he h"
her,sister,female,pronoun,"She could think of nothing else; and yet, whether Bingley’s regard had really died away, or were suppressed by his friends’ interference; whether he h"
sister,situation,female,role_noun,"She could think of nothing else; and yet, whether Bingley’s regard had really died away, or were suppressed by his friends’ interference; whether he h"
her,peace,female,pronoun,"She could think of nothing else; and yet, whether Bingley’s regard had really died away, or were suppressed by his friends’ interference; whether he h"
her,feeling,female,pronoun,"A day or two passed before Jane had courage to speak of her feelings to Elizabeth; but at last, on Mrs. Bennet’s leaving them together, after a longer"
her,reflection,female,pronoun,she can have no idea of the pain she gives me by her continual reflections on him.
her,sister,female,pronoun,"Elizabeth looked at her sister with incredulous solicitude, but said nothing."
her,sister,female,pronoun,"Miss Bennet eagerly disclaimed all extraordinary merit, and threw back the praise on her sister’s warm affection."
sister,affection,female,role_noun,"Miss Bennet eagerly disclaimed all extraordinary merit, and threw back the praise on her sister’s warm affection."
charlotte,marriage,female,name,"I have met with two instances lately: one I will not mention, the other is Charlotte’s marriage."
collins,respectability,male,name,"Consider Mr. Collins’s respectability, and Charlotte’s prudent, steady character."
charlotte,character,female,name,"Consider Mr. Collins’s respectability, and Charlotte’s prudent, steady character."
her,understanding,female,pronoun,"“To oblige you, I would try to believe almost anything, but no one else could be benefited by such a belief as this; for were I persuaded that Charlot"
her,heart,female,pronoun,"“To oblige you, I would try to believe almost anything, but no one else could be benefited by such a belief as this; for were I persuaded that Charlot"
bingley,conduct,male,name,"“I am far from attributing any part of Mr. Bingley’s conduct to design,” said Elizabeth; “but, without scheming to do wrong, or to make others unhappy"
his,sister,male,pronoun,"“You persist, then, in supposing his sisters influence him?”"
his,friend,male,pronoun,"“Yes, in conjunction with his friend.”"
his,happiness,male,pronoun,They can only wish his happiness; and if he is attached to me no other woman can secure it.”
his,happiness,male,pronoun,They may wish many things besides his happiness: they may wish his increase of wealth and consequence; they may wish him to marry a girl who has all t
his,increase,male,pronoun,They may wish many things besides his happiness: they may wish his increase of wealth and consequence; they may wish him to marry a girl who has all t
his,sister,male,pronoun,"I am not ashamed of having been mistaken--or, at least, it is slight, it is nothing in comparison of what I should feel in thinking ill of him or his "
bingley,name,male,name,Elizabeth could not oppose such a wish; and from this time Mr. Bingley’s name was scarcely ever mentioned between them.
his,return,male,pronoun,Mrs. Bennet still continued to wonder and repine at his returning no more; and though a day seldom passed in which Elizabeth did not account for it cl
her,daughter,female,pronoun,"Her daughter endeavoured to convince her of what she did not believe herself, that his attentions to Jane had been merely the effect of a common and t"
his,attention,male,pronoun,"Her daughter endeavoured to convince her of what she did not believe herself, that his attentions to Jane had been merely the effect of a common and t"
bennet,comfort,male,name,"Mrs. Bennet’s best comfort was, that Mr. Bingley must be down again in the summer."
her,companion,female,pronoun,"It is something to think of, and gives her a sort of distinction among her companions."
wickham,society,male,name,Mr. Wickham’s society was of material service in dispelling the gloom which the late perverse occurrences had thrown on many of the Longbourn family.
his,recommendation,male,pronoun,"They saw him often, and to his other recommendations was now added that of general unreserve."
his,claim,male,pronoun,"The whole of what Elizabeth had already heard, his claims on Mr. Darcy, and all that he had suffered from him, was now openly acknowledged and publicl"
her,candour,female,pronoun,Miss Bennet was the only creature who could suppose there might be any extenuating circumstances in the case unknown to the society of Hertfordshire: 
his,charlotte,male,pronoun,"[Illustration] After a week spent in professions of love and schemes of felicity, Mr. Collins was called from his amiable Charlotte by the arrival of "
his,side,male,pronoun,"The pain of separation, however, might be alleviated on his side by preparations for the reception of his bride, as he had reason to hope, that shortl"
his,bride,male,pronoun,"The pain of separation, however, might be alleviated on his side by preparations for the reception of his bride, as he had reason to hope, that shortl"
his,return,male,pronoun,"The pain of separation, however, might be alleviated on his side by preparations for the reception of his bride, as he had reason to hope, that shortl"
his,relation,male,pronoun,"He took leave of his relations at Longbourn with as much solemnity as before; wished his fair cousins health and happiness again, and promised their f"
his,health,male,pronoun,"He took leave of his relations at Longbourn with as much solemnity as before; wished his fair cousins health and happiness again, and promised their f"
her,brother,female,pronoun,"On the following Monday, Mrs. Bennet had the pleasure of receiving her brother and his wife, who came, as usual, to spend the Christmas at Longbourn."
his,wife,male,pronoun,"On the following Monday, Mrs. Bennet had the pleasure of receiving her brother and his wife, who came, as usual, to spend the Christmas at Longbourn."
his,sister,male,pronoun,"Mr. Gardiner was a sensible, gentlemanlike man, greatly superior to his sister, as well by nature as education."
his,warehouse,male,pronoun,"The Netherfield ladies would have had difficulty in believing that a man who lived by trade, and within view of his own warehouses, could have been so"
her,niece,female,pronoun,"Mrs. Gardiner, who was several years younger than Mrs. Bennet and Mrs. Philips, was an amiable, intelligent, elegant woman, and a great favourite with"
her,arrival,female,pronoun,"The first part of Mrs. Gardiner’s business, on her arrival, was to distribute her presents and describe the newest fashions."
her,present,female,pronoun,"The first part of Mrs. Gardiner’s business, on her arrival, was to distribute her presents and describe the newest fashions."
her,turn,female,pronoun,It became her turn to listen.
her,sister,female,pronoun,They had all been very ill-used since she last saw her sister.
her,girl,female,pronoun,"Two of her girls had been on the point of marriage, and after all there was nothing in it."
collins,wife,male,name,"it is very hard to think that she might have been Mr. Collins’s wife by this time, had not it been for her own perverseness."
her,perverseness,female,pronoun,"it is very hard to think that she might have been Mr. Collins’s wife by this time, had not it been for her own perverseness."
her,sister,female,pronoun,"Mrs. Gardiner, to whom the chief of this news had been given before, in the course of Jane and Elizabeth’s correspondence with her, made her sister a "
her,niece,female,pronoun,"Mrs. Gardiner, to whom the chief of this news had been given before, in the course of Jane and Elizabeth’s correspondence with her, made her sister a "
bingley,love,male,name,"Pray, how _violent was_ Mr. Bingley’s love?”"
his,ball,male,pronoun,At his own ball he offended two or three young ladies by not asking them to dance; and I spoke to him twice myself without receiving an answer.
her,disposition,female,pronoun,"I am sorry for her, because, with her disposition, she may not get over it immediately."
her,sister,female,pronoun,"Elizabeth was exceedingly pleased with this proposal, and felt persuaded of her sister’s ready acquiescence."
sister,acquiescence,female,role_noun,"Elizabeth was exceedingly pleased with this proposal, and felt persuaded of her sister’s ready acquiescence."
his,friend,male,pronoun,"“And _that_ is quite impossible; for he is now in the custody of his friend, and Mr. Darcy would no more suffer him to call on Jane in such a part of "
his,sister,male,pronoun,But does not Jane correspond with his sister?
his,affection,male,pronoun,"It was possible, and sometimes she thought it probable, that his affection might be re-animated, and the influence of his friends successfully combate"
his,friend,male,pronoun,"It was possible, and sometimes she thought it probable, that his affection might be re-animated, and the influence of his friends successfully combate"
jane,attraction,female,name,"It was possible, and sometimes she thought it probable, that his affection might be re-animated, and the influence of his friends successfully combate"
her,aunt,female,pronoun,"Miss Bennet accepted her aunt’s invitation with pleasure; and the Bingleys were no otherwise in her thoughts at the same time than as she hoped, by Ca"
her,thought,female,pronoun,"Miss Bennet accepted her aunt’s invitation with pleasure; and the Bingleys were no otherwise in her thoughts at the same time than as she hoped, by Ca"
her,brother,female,pronoun,"Miss Bennet accepted her aunt’s invitation with pleasure; and the Bingleys were no otherwise in her thoughts at the same time than as she hoped, by Ca"
her,brother,female,pronoun,"Mrs. Bennet had so carefully provided for the entertainment of her brother and sister, that they did not once sit down to a family dinner."
elizabeth,commendation,female,name,"When the engagement was for home, some of the officers always made part of it, of which officers Mr. Wickham was sure to be one; and on these occasion"
his,power,male,pronoun,"To Mrs. Gardiner, Wickham had one means of affording pleasure, unconnected with his general powers."
her,marriage,female,pronoun,"About ten or a dozen years ago, before her marriage, she had spent a considerable time in that very part of Derbyshire to which he belonged."
darcy,father,male,name,"They had, therefore, many acquaintance in common; and, though Wickham had been little there since the death of Darcy’s father, five years before, it w"
his,power,male,pronoun,"They had, therefore, many acquaintance in common; and, though Wickham had been little there since the death of Darcy’s father, five years before, it w"
her,intelligence,female,pronoun,"They had, therefore, many acquaintance in common; and, though Wickham had been little there since the death of Darcy’s father, five years before, it w"
her,friend,female,pronoun,"They had, therefore, many acquaintance in common; and, though Wickham had been little there since the death of Darcy’s father, five years before, it w"
her,recollection,female,pronoun,"In comparing her recollection of Pemberley with the minute description which Wickham could give, and in bestowing her tribute of praise on the charact"
her,tribute,female,pronoun,"In comparing her recollection of Pemberley with the minute description which Wickham could give, and in bestowing her tribute of praise on the charact"
darcy,treatment,male,name,"On being made acquainted with the present Mr. Darcy’s treatment of him, she tried to remember something of that gentleman’s reputed disposition, when "
gentleman,disposition,male,role_noun,"On being made acquainted with the present Mr. Darcy’s treatment of him, she tried to remember something of that gentleman’s reputed disposition, when "
father,opinion,male,role_noun,My father’s opinion of me does me the greatest honour; and I should be miserable to forfeit it.
his,object,male,pronoun,I will not be in a hurry to believe myself his first object.
his,come,male,pronoun,“Perhaps it will be as well if you discourage his coming here so very often.
mother,idea,female,role_noun,You know my mother’s ideas as to the necessity of constant company for her friends.
her,friend,female,pronoun,You know my mother’s ideas as to the necessity of constant company for her friends.
her,aunt,female,pronoun,"Her aunt assured her that she was; and Elizabeth, having thanked her for the kindness of her hints, they parted,--a wonderful instance of advice being"
her,hint,female,pronoun,"Her aunt assured her that she was; and Elizabeth, having thanked her for the kindness of her hints, they parted,--a wonderful instance of advice being"
his,abode,male,pronoun,"Mr. Collins returned into Hertfordshire soon after it had been quitted by the Gardiners and Jane; but, as he took up his abode with the Lucases, his a"
his,arrival,male,pronoun,"Mr. Collins returned into Hertfordshire soon after it had been quitted by the Gardiners and Jane; but, as he took up his abode with the Lucases, his a"
his,marriage,male,pronoun,"His marriage was now fast approaching; and she was at length so far resigned as to think it inevitable, and even repeatedly to say, in an ill-natured "
her,visit,female,pronoun,"Thursday was to be the wedding-day, and on Wednesday Miss Lucas paid her farewell visit; and when she rose to take leave, Elizabeth, ashamed of her mo"
her,mother,female,pronoun,"Thursday was to be the wedding-day, and on Wednesday Miss Lucas paid her farewell visit; and when she rose to take leave, Elizabeth, ashamed of her mo"
mother,wish,female,role_noun,"Thursday was to be the wedding-day, and on Wednesday Miss Lucas paid her farewell visit; and when she rose to take leave, Elizabeth, ashamed of her mo"
her,friend,female,pronoun,"Elizabeth soon heard from her friend, and their correspondence was as regular and frequent as it ever had been: that it should be equally unreserved w"
charlotte,letter,female,name,"Charlotte’s first letters were received with a good deal of eagerness: there could not but be curiosity to know how she would speak of her new home, h"
her,home,female,pronoun,"Charlotte’s first letters were received with a good deal of eagerness: there could not but be curiosity to know how she would speak of her new home, h"
her,taste,female,pronoun,"The house, furniture, neighbourhood, and roads, were all to her taste, and Lady Catherine’s behaviour was most friendly and obliging."
catherine,behaviour,female,name,"The house, furniture, neighbourhood, and roads, were all to her taste, and Lady Catherine’s behaviour was most friendly and obliging."
collins,picture,male,name,"It was Mr. Collins’s picture of Hunsford and Rosings rationally softened; and Elizabeth perceived that she must wait for her own visit there, to know "
her,visit,female,pronoun,"It was Mr. Collins’s picture of Hunsford and Rosings rationally softened; and Elizabeth perceived that she must wait for her own visit there, to know "
her,sister,female,pronoun,"Jane had already written a few lines to her sister, to announce their safe arrival in London; and when she wrote again, Elizabeth hoped it would be in"
her,power,female,pronoun,"Jane had already written a few lines to her sister, to announce their safe arrival in London; and when she wrote again, Elizabeth hoped it would be in"
her,impatience,female,pronoun,Her impatience for this second letter was as well rewarded as impatience generally is.
her,letter,female,pronoun,"She accounted for it, however, by supposing that her last letter to her friend from Longbourn had by some accident been lost."
her,friend,female,pronoun,"She accounted for it, however, by supposing that her last letter to her friend from Longbourn had by some accident been lost."
her,word,female,pronoun,"“I did not think Caroline in spirits,” were her words, “but she was very glad to see me, and reproached me for giving her no notice of my coming to Lo"
her,head,female,pronoun,Elizabeth shook her head over this letter.
her,sister,female,pronoun,It convinced her that accident only could discover to Mr. Bingley her sister’s being in town.
bingley,inattention,male,name,She endeavoured to persuade herself that she did not regret it; but she could no longer be blind to Miss Bingley’s inattention.
her,stay,female,pronoun,"After waiting at home every morning for a fortnight, and inventing every evening a fresh excuse for her, the visitor did at last appear; but the short"
her,manner,female,pronoun,"After waiting at home every morning for a fortnight, and inventing every evening a fresh excuse for her, the visitor did at last appear; but the short"
her,sister,female,pronoun,"The letter which she wrote on this occasion to her sister will prove what she felt:-- “My dearest Lizzy will, I am sure, be incapable of triumphing in"
her,judgment,female,pronoun,"The letter which she wrote on this occasion to her sister will prove what she felt:-- “My dearest Lizzy will, I am sure, be incapable of triumphing in"
bingley,regard,male,name,"The letter which she wrote on this occasion to her sister will prove what she felt:-- “My dearest Lizzy will, I am sure, be incapable of triumphing in"
her,behaviour,female,pronoun,"But, my dear sister, though the event has proved you right, do not think me obstinate if I still assert that, considering what her behaviour was, my c"
her,reason,female,pronoun,"I do not at all comprehend her reason for wishing to be intimate with me; but, if the same circumstances were to happen again, I am sure I should be d"
her,side,female,pronoun,"She was very wrong in singling me out as she did; I can safely say, that every advance to intimacy began on her side."
her,brother,female,pronoun,"But I pity her, because she must feel that she has been acting wrong, and because I am very sure that anxiety for her brother is the cause of it."
her,behaviour,female,pronoun,"we_ know this anxiety to be quite needless, yet if she feels it, it will easily account for her behaviour to me; and so deservedly dear as he is to hi"
his,sister,male,pronoun,"we_ know this anxiety to be quite needless, yet if she feels it, it will easily account for her behaviour to me; and so deservedly dear as he is to hi"
his,behalf,male,pronoun,"we_ know this anxiety to be quite needless, yet if she feels it, it will easily account for her behaviour to me; and so deservedly dear as he is to hi"
her,manner,female,pronoun,"He knows of my being in town, I am certain, from something she said herself; and yet it would seem, by her manner of talking, as if she wanted to pers"
her,spirit,female,pronoun,"This letter gave Elizabeth some pain; but her spirits returned, as she considered that Jane would no longer be duped, by the sister at least."
his,attention,male,pronoun,She would not even wish for any renewal of his attentions.
his,character,male,pronoun,"His character sunk on every review of it; and, as a punishment for him, as well as a possible advantage to Jane, she seriously hoped he might really s"
darcy,sister,male,name,"His character sunk on every review of it; and, as a punishment for him, as well as a possible advantage to Jane, she seriously hoped he might really s"
wickham,account,male,name,"His character sunk on every review of it; and, as a punishment for him, as well as a possible advantage to Jane, she seriously hoped he might really s"
her,promise,female,pronoun,"Mrs. Gardiner about this time reminded Elizabeth of her promise concerning that gentleman, and required information; and Elizabeth had such to send as"
her,aunt,female,pronoun,"Mrs. Gardiner about this time reminded Elizabeth of her promise concerning that gentleman, and required information; and Elizabeth had such to send as"
his,partiality,male,pronoun,"His apparent partiality had subsided, his attentions were over, he was the admirer of some one else."
his,attention,male,pronoun,"His apparent partiality had subsided, his attentions were over, he was the admirer of some one else."
her,heart,female,pronoun,"Her heart had been but slightly touched, and her vanity was satisfied with believing that _"
her,vanity,female,pronoun,"Her heart had been but slightly touched, and her vanity was satisfied with believing that _"
his,choice,male,pronoun,"she_ would have been his only choice, had fortune permitted it."
his,wish,male,pronoun,The sudden acquisition of ten thousand pounds was the most remarkable charm of the young lady to whom he was now rendering himself agreeable; but Eliz
his,name,male,pronoun,"All this was acknowledged to Mrs. Gardiner; and, after relating the circumstances, she thus went on:--“I am now convinced, my dear aunt, that I have n"
his,defection,male,pronoun,Kitty and Lydia take his defection much more to heart than I do.
her,desire,female,pronoun,"Absence had increased her desire of seeing Charlotte again, and weakened her disgust of Mr. Collins."
her,disgust,female,pronoun,"Absence had increased her desire of seeing Charlotte again, and weakened her disgust of Mr. Collins."
charlotte,sketch,female,name,"Everything, however, went on smoothly, and was finally settled according to Charlotte’s first sketch."
his,daughter,male,pronoun,She was to accompany Sir William and his second daughter.
her,father,female,pronoun,"The only pain was in leaving her father, who would certainly miss her, and who, when it came to the point, so little liked her going, that he told her"
her,letter,female,pronoun,"The only pain was in leaving her father, who would certainly miss her, and who, when it came to the point, so little liked her going, that he told her"
his,side,male,pronoun,The farewell between herself and Mr. Wickham was perfectly friendly; on his side even more.
his,pursuit,male,pronoun,"His present pursuit could not make him forget that Elizabeth had been the first to excite and to deserve his attention, the first to listen and to pit"
his,attention,male,pronoun,"His present pursuit could not make him forget that Elizabeth had been the first to excite and to deserve his attention, the first to listen and to pit"
his,manner,male,pronoun,"His present pursuit could not make him forget that Elizabeth had been the first to excite and to deserve his attention, the first to listen and to pit"
she,adieu,female,pronoun,"His present pursuit could not make him forget that Elizabeth had been the first to excite and to deserve his attention, the first to listen and to pit"
her,model,female,pronoun,"His present pursuit could not make him forget that Elizabeth had been the first to excite and to deserve his attention, the first to listen and to pit"
her,traveller,female,pronoun,Her fellow-travellers the next day were not of a kind to make her think him less agreeable.
his,daughter,male,pronoun,"Sir William Lucas, and his daughter Maria, a good-humoured girl, but as empty-headed as himself, had nothing to say that could be worth hearing, and w"
his,presentation,male,pronoun,"He could tell her nothing new of the wonders of his presentation and knighthood; and his civilities were worn out, like his information."
his,civility,male,pronoun,"He could tell her nothing new of the wonders of his presentation and knighthood; and his civilities were worn out, like his information."
his,information,male,pronoun,"He could tell her nothing new of the wonders of his presentation and knighthood; and his civilities were worn out, like his information."
her,face,female,pronoun,"As they drove to Mr. Gardiner’s door, Jane was at a drawing-room window watching their arrival: when they entered the passage, she was there to welcom"
her,aunt,female,pronoun,Elizabeth then contrived to sit by her aunt.
her,sister,female,pronoun,"Their first subject was her sister; and she was more grieved than astonished to hear, in reply to her minute inquiries, that though Jane always strugg"
her,inquiry,female,pronoun,"Their first subject was her sister; and she was more grieved than astonished to hear, in reply to her minute inquiries, that though Jane always strugg"
her,spirit,female,pronoun,"Their first subject was her sister; and she was more grieved than astonished to hear, in reply to her minute inquiries, that though Jane always strugg"
bingley,visit,male,name,"Mrs. Gardiner gave her the particulars also of Miss Bingley’s visit in Gracechurch Street, and repeated conversations occurring at different times bet"
her,heart,female,pronoun,"Mrs. Gardiner gave her the particulars also of Miss Bingley’s visit in Gracechurch Street, and repeated conversations occurring at different times bet"
her,niece,female,pronoun,"Mrs. Gardiner then rallied her niece on Wickham’s desertion, and complimented her on bearing it so well."
wickham,desertion,male,name,"Mrs. Gardiner then rallied her niece on Wickham’s desertion, and complimented her on bearing it so well."
her,grandfather,female,pronoun,“But he paid her not the smallest attention till her grandfather’s death made her mistress of this fortune?”
her,mistress,female,pronoun,“But he paid her not the smallest attention till her grandfather’s death made her mistress of this fortune?”
his,attention,male,pronoun,“But there seems indelicacy in directing his attentions towards her so soon after this event.”
her,uncle,female,pronoun,"Before they were separated by the conclusion of the play, she had the unexpected happiness of an invitation to accompany her uncle and aunt in a tour "
her,acceptance,female,pronoun,"No scheme could have been more agreeable to Elizabeth, and her acceptance of the invitation was most ready and grateful."
her,spirit,female,pronoun,[Illustration] Every object in the next day’s journey was new and interesting to Elizabeth; and her spirits were in a state of enjoyment; for she had 
her,sister,female,pronoun,[Illustration] Every object in the next day’s journey was new and interesting to Elizabeth; and her spirits were in a state of enjoyment; for she had 
her,health,female,pronoun,[Illustration] Every object in the next day’s journey was new and interesting to Elizabeth; and her spirits were in a state of enjoyment; for she had 
her,tour,female,pronoun,[Illustration] Every object in the next day’s journey was new and interesting to Elizabeth; and her spirits were in a state of enjoyment; for she had 
her,friend,female,pronoun,"Mrs. Collins welcomed her friend with the liveliest pleasure, and Elizabeth was more and more satisfied with coming, when she found herself so affecti"
her,cousin,female,pronoun,She saw instantly that her cousin’s manners were not altered by his marriage: his formal civility was just what it had been; and he detained her some 
his,marriage,male,pronoun,She saw instantly that her cousin’s manners were not altered by his marriage: his formal civility was just what it had been; and he detained her some 
his,civility,male,pronoun,She saw instantly that her cousin’s manners were not altered by his marriage: his formal civility was just what it had been; and he detained her some 
his,inquiry,male,pronoun,She saw instantly that her cousin’s manners were not altered by his marriage: his formal civility was just what it had been; and he detained her some 
her,family,female,pronoun,She saw instantly that her cousin’s manners were not altered by his marriage: his formal civility was just what it had been; and he detained her some 
his,abode,male,pronoun,"They were then, with no other delay than his pointing out the neatness of the entrance, taken into the house; and as soon as they were in the parlour,"
his,wife,male,pronoun,"They were then, with no other delay than his pointing out the neatness of the entrance, taken into the house; and as soon as they were in the parlour,"
wife,offer,female,role_noun,"They were then, with no other delay than his pointing out the neatness of the entrance, taken into the house; and as soon as they were in the parlour,"
his,glory,male,pronoun,"Elizabeth was prepared to see him in his glory; and she could not help fancying that in displaying the good proportion of the room, its aspect, and it"
her,friend,female,pronoun,"But though everything seemed neat and comfortable, she was not able to gratify him by any sigh of repentance; and rather looked with wonder at her fri"
his,wife,male,pronoun,"When Mr. Collins said anything of which his wife might reasonably be ashamed, which certainly was not seldom, she involuntarily turned her eye on Char"
her,eye,female,pronoun,"When Mr. Collins said anything of which his wife might reasonably be ashamed, which certainly was not seldom, she involuntarily turned her eye on Char"
his,garden,male,pronoun,To work in his garden was one of his most respectable pleasures; and Elizabeth admired the command of countenance with which Charlotte talked of the h
his,pleasure,male,pronoun,To work in his garden was one of his most respectable pleasures; and Elizabeth admired the command of countenance with which Charlotte talked of the h
his,garden,male,pronoun,"But of all the views which his garden, or which the country or the kingdom could boast, none were to be compared with the prospect of Rosings, afforde"
his,house,male,pronoun,"But of all the views which his garden, or which the country or the kingdom could boast, none were to be compared with the prospect of Rosings, afforde"
his,garden,male,pronoun,"From his garden, Mr. Collins would have led them round his two meadows; but the ladies, not having shoes to encounter the remains of a white frost, tu"
his,meadow,male,pronoun,"From his garden, Mr. Collins would have led them round his two meadows; but the ladies, not having shoes to encounter the remains of a white frost, tu"
her,sister,female,pronoun,"From his garden, Mr. Collins would have led them round his two meadows; but the ladies, not having shoes to encounter the remains of a white frost, tu"
her,husband,female,pronoun,"From his garden, Mr. Collins would have led them round his two meadows; but the ladies, not having shoes to encounter the remains of a white frost, tu"
husband,help,male,role_noun,"From his garden, Mr. Collins would have led them round his two meadows; but the ladies, not having shoes to encounter the remains of a white frost, tu"
charlotte,enjoyment,female,name,"When Mr. Collins could be forgotten, there was really a great air of comfort throughout, and by Charlotte’s evident enjoyment of it, Elizabeth suppose"
her,notice,female,pronoun,"She is all affability and condescension, and I doubt not but you will be honoured with some portion of her notice when service is over."
her,behaviour,female,pronoun,Her behaviour to my dear Charlotte is charming.
her,ladyship,female,pronoun,Her Ladyship’s carriage is regularly ordered for us.
her,chamber,female,pronoun,"The evening was spent chiefly in talking over Hertfordshire news, and telling again what had been already written; and when it closed, Elizabeth, in t"
charlotte,degree,female,name,"The evening was spent chiefly in talking over Hertfordshire news, and telling again what had been already written; and when it closed, Elizabeth, in t"
her,address,female,pronoun,"The evening was spent chiefly in talking over Hertfordshire news, and telling again what had been already written; and when it closed, Elizabeth, in t"
her,husband,female,pronoun,"The evening was spent chiefly in talking over Hertfordshire news, and telling again what had been already written; and when it closed, Elizabeth, in t"
her,visit,female,pronoun,"She had also to anticipate how her visit would pass, the quiet tenour of their usual employments, the vexatious interruptions of Mr. Collins, and the "
her,room,female,pronoun,"About the middle of the next day, as she was in her room getting ready for a walk, a sudden noise below seemed to speak the whole house in confusion; "
her,daughter,female,pronoun,"“I expected at least that the pigs were got into the garden, and here is nothing but Lady Catherine and her daughter!”"
her,appearance,female,pronoun,"“I like her appearance,” said Elizabeth, struck with other ideas."
elizabeth,diversion,female,name,"Mr. Collins and Charlotte were both standing at the gate in conversation with the ladies; and Sir William, to Elizabeth’s high diversion, was statione"
collins,triumph,male,name,"[Illustration] Mr. Collins’s triumph, in consequence of this invitation, was complete."
his,patroness,male,pronoun,"The power of displaying the grandeur of his patroness to his wondering visitors, and of letting them see her civility towards himself and his wife, wa"
his,visitor,male,pronoun,"The power of displaying the grandeur of his patroness to his wondering visitors, and of letting them see her civility towards himself and his wife, wa"
her,civility,female,pronoun,"The power of displaying the grandeur of his patroness to his wondering visitors, and of letting them see her civility towards himself and his wife, wa"
his,wife,male,pronoun,"The power of displaying the grandeur of his patroness to his wondering visitors, and of letting them see her civility towards himself and his wife, wa"
catherine,condescension,female,name,"The power of displaying the grandeur of his patroness to his wondering visitors, and of letting them see her civility towards himself and his wife, wa"
her,ladyship,female,pronoun,"“I confess,” said he, “that I should not have been at all surprised by her Ladyship’s asking us on Sunday to drink tea and spend the evening at Rosing"
her,affability,female,pronoun,"I rather expected, from my knowledge of her affability, that it would happen."
her,dinner,female,pronoun,"While they were dressing, he came two or three times to their different doors, to recommend their being quick, as Lady Catherine very much objected to"
her,ladyship,female,pronoun,"Such formidable accounts of her Ladyship, and her manner of living, quite frightened Maria Lucas, who had been little used to company; and she looked "
her,manner,female,pronoun,"Such formidable accounts of her Ladyship, and her manner of living, quite frightened Maria Lucas, who had been little used to company; and she looked "
her,introduction,female,pronoun,"Such formidable accounts of her Ladyship, and her manner of living, quite frightened Maria Lucas, who had been little used to company; and she looked "
her,father,female,pronoun,"Such formidable accounts of her Ladyship, and her manner of living, quite frightened Maria Lucas, who had been little used to company; and she looked "
his,presentation,male,pronoun,"Such formidable accounts of her Ladyship, and her manner of living, quite frightened Maria Lucas, who had been little used to company; and she looked "
his,enumeration,male,pronoun,"Every park has its beauty and its prospects; and Elizabeth saw much to be pleased with, though she could not be in such raptures as Mr. Collins expect"
his,relation,male,pronoun,"Every park has its beauty and its prospects; and Elizabeth saw much to be pleased with, though she could not be in such raptures as Mr. Collins expect"
elizabeth,courage,female,name,Elizabeth’s courage did not fail her.
her,daughter,female,pronoun,"From the entrance hall, of which Mr. Collins pointed out, with a rapturous air, the fine proportion and finished ornaments, they followed the servants"
her,ladyship,female,pronoun,"Her Ladyship, with great condescension, arose to receive them; and as Mrs. Collins had settled it with her husband that the office of introduction sho"
her,husband,female,pronoun,"Her Ladyship, with great condescension, arose to receive them; and as Mrs. Collins had settled it with her husband that the office of introduction sho"
his,seat,male,pronoun,"In spite of having been at St. James’s, Sir William was so completely awed by the grandeur surrounding him, that he had but just courage enough to mak"
his,daughter,male,pronoun,"In spite of having been at St. James’s, Sir William was so completely awed by the grandeur surrounding him, that he had but just courage enough to mak"
her,sense,female,pronoun,"In spite of having been at St. James’s, Sir William was so completely awed by the grandeur surrounding him, that he had but just courage enough to mak"
her,chair,female,pronoun,"In spite of having been at St. James’s, Sir William was so completely awed by the grandeur surrounding him, that he had but just courage enough to mak"
her,air,female,pronoun,"Her air was not conciliating, nor was her manner of receiving them such as to make her visitors forget their inferior rank."
her,manner,female,pronoun,"Her air was not conciliating, nor was her manner of receiving them such as to make her visitors forget their inferior rank."
her,visitor,female,pronoun,"Her air was not conciliating, nor was her manner of receiving them such as to make her visitors forget their inferior rank."
her,importance,female,pronoun,"She was not rendered formidable by silence: but whatever she said was spoken in so authoritative a tone as marked her self-importance, and brought Mr."
elizabeth,mind,female,name,"She was not rendered formidable by silence: but whatever she said was spoken in so authoritative a tone as marked her self-importance, and brought Mr."
her,eye,female,pronoun,"When, after examining the mother, in whose countenance and deportment she soon found some resemblance of Mr. Darcy, she turned her eyes on the daughte"
her,eye,female,pronoun,"Miss de Bourgh was pale and sickly: her features, though not plain, were insignificant; and she spoke very little, except in a low voice, to Mrs. Jenk"
his,seat,male,pronoun,"The dinner was exceedingly handsome, and there were all the servants, and all the articles of plate which Mr. Collins had promised; and, as he had lik"
her,ladyship,female,pronoun,"The dinner was exceedingly handsome, and there were all the servants, and all the articles of plate which Mr. Collins had promised; and, as he had lik"
his,son,male,pronoun,"He carved and ate and praised with delighted alacrity; and every dish was commended first by him, and then by Sir William, who was now enough recovere"
her,opinion,female,pronoun,"When the ladies returned to the drawing-room, there was little to be done but to hear Lady Catherine talk, which she did without any intermission till"
her,judgment,female,pronoun,"When the ladies returned to the drawing-room, there was little to be done but to hear Lady Catherine talk, which she did without any intermission till"
charlotte,concern,female,name,"She inquired into Charlotte’s domestic concerns familiarly and minutely, and gave her a great deal of advice as to the management of them all; told he"
her,cow,female,pronoun,"She inquired into Charlotte’s domestic concerns familiarly and minutely, and gave her a great deal of advice as to the management of them all; told he"
her,poultry,female,pronoun,"She inquired into Charlotte’s domestic concerns familiarly and minutely, and gave her a great deal of advice as to the management of them all; told he"
lady,attention,female,role_noun,Elizabeth found that nothing was beneath this great lady’s attention which could furnish her with an occasion for dictating to others.
her,discourse,female,pronoun,"In the intervals of her discourse with Mrs. Collins, she addressed a variety of questions to Maria and Elizabeth, but especially to the latter, of who"
her,father,female,pronoun,"She asked her at different times how many sisters she had, whether they were older or younger than herself, whether any of them were likely to be marr"
her,mother,female,pronoun,"She asked her at different times how many sisters she had, whether they were older or younger than herself, whether any of them were likely to be marr"
mother,name,female,role_noun,"She asked her at different times how many sisters she had, whether they were older or younger than herself, whether any of them were likely to be marr"
her,question,female,pronoun,"Elizabeth felt all the impertinence of her questions, but answered them very composedly."
father,estate,male,role_noun,"Lady Catherine then observed,-- “Your father’s estate is entailed on Mr. Collins, I think?"
her,ladyship,female,pronoun,"“Upon my word,” said her Ladyship, “you give your opinion very decidedly for so young a person."
her,party,female,pronoun,"Lady Catherine, Sir William, and Mr. and Mrs. Collins sat down to quadrille; and as Miss De Bourgh chose to play at cassino, the two girls had the hon"
her,fear,female,pronoun,"Scarcely a syllable was uttered that did not relate to the game, except when Mrs. Jenkinson expressed her fears of Miss De Bourgh’s being too hot or t"
her,ladyship,female,pronoun,"Mr. Collins was employed in agreeing to everything her Ladyship said, thanking her for every fish he won, and apologizing if he thought he won too man"
his,memory,male,pronoun,He was storing his memory with anecdotes and noble names.
her,daughter,female,pronoun,"When Lady Catherine and her daughter had played as long as they chose, the tables were broken up, the carriage was offered to Mrs. Collins, gratefully"
collins,side,male,name,"From these instructions they were summoned by the arrival of the coach; and with many speeches of thankfulness on Mr. Collins’s side, and as many bows"
her,cousin,female,pronoun,"As soon as they had driven from the door, Elizabeth was called on by her cousin to give her opinion of all that she had seen at Rosings, which, for Ch"
her,opinion,female,pronoun,"As soon as they had driven from the door, Elizabeth was called on by her cousin to give her opinion of all that she had seen at Rosings, which, for Ch"
charlotte,sake,female,name,"As soon as they had driven from the door, Elizabeth was called on by her cousin to give her opinion of all that she had seen at Rosings, which, for Ch"
her,commendation,female,pronoun,"But her commendation, though costing her some trouble, could by no means satisfy Mr. Collins, and he was very soon obliged to take her Ladyship’s prai"
her,ladyship,female,pronoun,"But her commendation, though costing her some trouble, could by no means satisfy Mr. Collins, and he was very soon obliged to take her Ladyship’s prai"
his,hand,male,pronoun,"But her commendation, though costing her some trouble, could by no means satisfy Mr. Collins, and he was very soon obliged to take her Ladyship’s prai"
his,visit,male,pronoun,[Illustration] Sir William stayed only a week at Hunsford; but his visit was long enough to convince him of his daughter’s being most comfortably sett
his,daughter,male,pronoun,[Illustration] Sir William stayed only a week at Hunsford; but his visit was long enough to convince him of his daughter’s being most comfortably sett
his,morning,male,pronoun,"While Sir William was with them, Mr. Collins devoted his mornings to driving him out in his gig, and showing him the country: but when he went away, t"
his,gig,male,pronoun,"While Sir William was with them, Mr. Collins devoted his mornings to driving him out in his gig, and showing him the country: but when he went away, t"
her,cousin,female,pronoun,"While Sir William was with them, Mr. Collins devoted his mornings to driving him out in his gig, and showing him the country: but when he went away, t"
his,room,male,pronoun,"While Sir William was with them, Mr. Collins devoted his mornings to driving him out in his gig, and showing him the country: but when he went away, t"
her,friend,female,pronoun,"Elizabeth at first had rather wondered that Charlotte should not prefer the dining parlour for common use; it was a better sized room, and had a pleas"
his,apartment,male,pronoun,"Elizabeth at first had rather wondered that Charlotte should not prefer the dining parlour for common use; it was a better sized room, and had a pleas"
her,phaeton,female,pronoun,"From the drawing-room they could distinguish nothing in the lane, and were indebted to Mr. Collins for the knowledge of what carriages went along, and"
his,wife,male,pronoun,"Very few days passed in which Mr. Collins did not walk to Rosings, and not many in which his wife did not think it necessary to go likewise; and till "
her,ladyship,female,pronoun,"Now and then they were honoured with a call from her Ladyship, and nothing escaped her observation that was passing in the room during these visits."
her,observation,female,pronoun,"Now and then they were honoured with a call from her Ladyship, and nothing escaped her observation that was passing in the room during these visits."
collins,joint,male,name,"She examined into their employments, looked at their work, and advised them to do it differently; found fault with the arrangement of the furniture, o"
her,family,female,pronoun,"She examined into their employments, looked at their work, and advised them to do it differently; found fault with the arrangement of the furniture, o"
her,parish,female,pronoun,"Elizabeth soon perceived, that though this great lady was not in the commission of the peace for the county, she was a most active magistrate in her o"
her,time,female,pronoun,"This, however, was no evil to Elizabeth, and upon the whole she spent her time comfortably enough: there were half hours of pleasant conversation with"
her,walk,female,pronoun,"Her favourite walk, and where she frequently went while the others were calling on Lady Catherine, was along the open grove which edged that side of t"
catherine,curiosity,female,name,"Her favourite walk, and where she frequently went while the others were calling on Lady Catherine, was along the open grove which edged that side of t"
her,visit,female,pronoun,In this quiet way the first fortnight of her visit soon passed away.
her,arrival,female,pronoun,"Elizabeth had heard, soon after her arrival, that Mr. Darcy was expected there in the course of a few weeks; and though there were not many of her acq"
her,acquaintance,female,pronoun,"Elizabeth had heard, soon after her arrival, that Mr. Darcy was expected there in the course of a few weeks; and though there were not many of her acq"
his,come,male,pronoun,"Elizabeth had heard, soon after her arrival, that Mr. Darcy was expected there in the course of a few weeks; and though there were not many of her acq"
bingley,design,male,name,"Elizabeth had heard, soon after her arrival, that Mr. Darcy was expected there in the course of a few weeks; and though there were not many of her acq"
his,behaviour,male,pronoun,"Elizabeth had heard, soon after her arrival, that Mr. Darcy was expected there in the course of a few weeks; and though there were not many of her acq"
his,cousin,male,pronoun,"Elizabeth had heard, soon after her arrival, that Mr. Darcy was expected there in the course of a few weeks; and though there were not many of her acq"
his,arrival,male,pronoun,"His arrival was soon known at the Parsonage; for Mr. Collins was walking the whole morning within view of the lodges opening into Hunsford Lane, in or"
his,bow,male,pronoun,"[_Copyright 1894 by George Allen._]] the earliest assurance of it; and, after making his bow as the carriage turned into the park, hurried home with t"
his,respect,male,pronoun,On the following morning he hastened to Rosings to pay his respects.
his,uncle,male,pronoun,"There were two nephews of Lady Catherine to require them, for Mr. Darcy had brought with him a Colonel Fitzwilliam, the younger son of his uncle, Lord"
her,husband,female,pronoun,"Charlotte had seen them from her husband’s room, crossing the road, and immediately running into the other, told the girls what an honour they might e"
husband,room,male,role_noun,"Charlotte had seen them from her husband’s room, crossing the road, and immediately running into the other, told the girls what an honour they might e"
his,compliment,male,pronoun,"Mr. Darcy looked just as he had been used to look in Hertfordshire, paid his compliments, with his usual reserve, to Mrs. Collins; and whatever might "
his,reserve,male,pronoun,"Mr. Darcy looked just as he had been used to look in Hertfordshire, paid his compliments, with his usual reserve, to Mrs. Collins; and whatever might "
his,feeling,male,pronoun,"Mr. Darcy looked just as he had been used to look in Hertfordshire, paid his compliments, with his usual reserve, to Mrs. Collins; and whatever might "
her,friend,female,pronoun,"Mr. Darcy looked just as he had been used to look in Hertfordshire, paid his compliments, with his usual reserve, to Mrs. Collins; and whatever might "
his,cousin,male,pronoun,"Colonel Fitzwilliam entered into conversation directly, with the readiness and ease of a well-bred man, and talked very pleasantly; but his cousin, af"
his,civility,male,pronoun,"At length, however, his civility was so far awakened as to inquire of Elizabeth after the health of her family."
her,family,female,pronoun,"At length, however, his civility was so far awakened as to inquire of Elizabeth after the health of her family."
fitzwilliam,manner,male,name,"[Illustration] Colonel Fitzwilliam’s manners were very much admired at the Parsonage, and the ladies all felt that he must add considerably to the ple"
gentleman,arrival,male,role_noun,"It was some days, however, before they received any invitation thither, for while there were visitors in the house they could not be necessary; and it"
her,daughter,female,pronoun,For the last week they had seen very little of either Lady Catherine or her daughter.
catherine,room,female,name,"The invitation was accepted, of course, and at a proper hour they joined the party in Lady Catherine’s drawing-room."
her,ladyship,female,pronoun,"Her Ladyship received them civilly, but it was plain that their company was by no means so acceptable as when she could get nobody else; and she was, "
her,nephew,female,pronoun,"Her Ladyship received them civilly, but it was plain that their company was by no means so acceptable as when she could get nobody else; and she was, "
collins,friend,male,name,"Colonel Fitzwilliam seemed really glad to see them: anything was a welcome relief to him at Rosings; and Mrs. Collins’s pretty friend had, moreover, c"
his,fancy,male,pronoun,"Colonel Fitzwilliam seemed really glad to see them: anything was a welcome relief to him at Rosings; and Mrs. Collins’s pretty friend had, moreover, c"
his,eye,male,pronoun,"His_ eyes had been soon and repeatedly turned towards them with a look of curiosity; and that her Ladyship, after a while, shared the feeling, was mor"
her,ladyship,female,pronoun,"His_ eyes had been soon and repeatedly turned towards them with a look of curiosity; and that her Ladyship, after a while, shared the feeling, was mor"
her,health,female,pronoun,"And so would Anne, if her health had allowed her to apply."
his,sister,male,pronoun,Mr. Darcy spoke with affectionate praise of his sister’s proficiency.
sister,proficiency,female,role_noun,Mr. Darcy spoke with affectionate praise of his sister’s proficiency.
his,aunt,male,pronoun,"Mr. Darcy looked a little ashamed of his aunt’s ill-breeding, and made no answer."
her,nephew,female,pronoun,"Lady Catherine listened to half a song, and then talked, as before, to her other nephew; till the latter walked away from her, and moving with his usu"
his,deliberation,male,pronoun,"Lady Catherine listened to half a song, and then talked, as before, to her other nephew; till the latter walked away from her, and moving with his usu"
her,taste,female,pronoun,"She has a very good notion of fingering, though her taste is not equal to Anne’s."
her,health,female,pronoun,"Anne would have been a delightful performer, had her health allowed her to learn.”"
his,cousin,male,pronoun,"Elizabeth looked at Darcy, to see how cordially he assented to his cousin’s praise: but neither at that moment nor at any other could she discern any "
his,behaviour,male,pronoun,"Elizabeth looked at Darcy, to see how cordially he assented to his cousin’s praise: but neither at that moment nor at any other could she discern any "
his,relation,male,pronoun,"Elizabeth looked at Darcy, to see how cordially he assented to his cousin’s praise: but neither at that moment nor at any other could she discern any "
her,remark,female,pronoun,"Lady Catherine continued her remarks on Elizabeth’s performance, mixing with them many instructions on execution and taste."
elizabeth,performance,female,name,"Lady Catherine continued her remarks on Elizabeth’s performance, mixing with them many instructions on execution and taste."
her,ladyship,female,pronoun,Elizabeth received them with all the forbearance of civility; and at the request of the gentlemen remained at the instrument till her Ladyship’s carri
her,letter,female,pronoun,"As she had heard no carriage, she thought it not unlikely to be Lady Catherine; and under that apprehension was putting away her half-finished letter,"
her,surprise,female,pronoun,"As she had heard no carriage, she thought it not unlikely to be Lady Catherine; and under that apprehension was putting away her half-finished letter,"
his,intrusion,male,pronoun,"He seemed astonished too on finding her alone, and apologized for his intrusion, by letting her know that he had understood all the ladies to be withi"
her,inquiry,female,pronoun,"They then sat down, and when her inquiries after Rosings were made, seemed in danger of sinking into total silence."
his,sister,male,pronoun,"He and his sisters were well, I hope, when you left London?”"
his,time,male,pronoun,“I have never heard him say so; but it is probable that he may spend very little of his time there in future.
his,own,male,pronoun,"But, perhaps, Mr. Bingley did not take the house so much for the convenience of the neighbourhood as for his own, and we must expect him to keep or qu"
his,friend,male,pronoun,"She was afraid of talking longer of his friend; and, having nothing else to say, was now determined to leave the trouble of finding a subject to him."
her,kindness,female,pronoun,“I believe she did--and I am sure she could not have bestowed her kindness on a more grateful object.”
his,choice,male,pronoun,“Mr. Collins appears very fortunate in his choice of a wife.”
his,friend,male,pronoun,"“Yes, indeed; his friends may well rejoice in his having met with one of the very few sensible women who would have accepted him, or have made him hap"
her,family,female,pronoun,“It must be very agreeable to her to be settled within so easy a distance of her own family and friends.”
her,family,female,pronoun,“I should never have said Mrs. Collins was settled _near_ her family.”
her,family,female,pronoun,"As he spoke there was a sort of smile, which Elizabeth fancied she understood; he must be supposing her to be thinking of Jane and Netherfield, and sh"
her,family,female,pronoun,"Mr. and Mrs. Collins have a comfortable income, but not such a one as will allow of frequent journeys--and I am persuaded my friend would not call her"
his,chair,male,pronoun,"Mr. Darcy drew his chair a little towards her, and said, “_"
his,chair,male,pronoun,"The gentleman experienced some change of feeling; he drew back his chair, took a newspaper from the table, and, glancing over it, said, in a colder vo"
her,sister,female,pronoun,"A short dialogue on the subject of the country ensued, on either side calm and concise--and soon put an end to by the entrance of Charlotte and her si"
his,intruding,male,pronoun,"Mr. Darcy related the mistake which had occasioned his intruding on Miss Bennet, and, after sitting a few minutes longer, without saying much to anybo"
his,silence,male,pronoun,"But when Elizabeth told of his silence, it did not seem very likely, even to Charlotte’s wishes, to be the case; and, after various conjectures, they "
charlotte,wish,female,name,"But when Elizabeth told of his silence, it did not seem very likely, even to Charlotte’s wishes, to be the case; and, after various conjectures, they "
his,visit,male,pronoun,"But when Elizabeth told of his silence, it did not seem very likely, even to Charlotte’s wishes, to be the case; and, after various conjectures, they "
her,satisfaction,female,pronoun,"It was plain to them all that Colonel Fitzwilliam came because he had pleasure in their society, a persuasion which of course recommended him still mo"
his,admiration,male,pronoun,"It was plain to them all that Colonel Fitzwilliam came because he had pleasure in their society, a persuasion which of course recommended him still mo"
her,favourite,female,pronoun,"It was plain to them all that Colonel Fitzwilliam came because he had pleasure in their society, a persuasion which of course recommended him still mo"
fitzwilliam,manner,male,name,"It was plain to them all that Colonel Fitzwilliam came because he had pleasure in their society, a persuasion which of course recommended him still mo"
his,lip,male,pronoun,"It could not be for society, as he frequently sat there ten minutes together without opening his lips; and when he did speak, it seemed the effect of "
his,stupidity,male,pronoun,"Colonel Fitzwilliam’s occasionally laughing at his stupidity proved that he was generally different, which her own knowledge of him could not have tol"
her,knowledge,female,pronoun,"Colonel Fitzwilliam’s occasionally laughing at his stupidity proved that he was generally different, which her own knowledge of him could not have tol"
her,friend,female,pronoun,"Colonel Fitzwilliam’s occasionally laughing at his stupidity proved that he was generally different, which her own knowledge of him could not have tol"
her,friend,female,pronoun,"He certainly looked at her friend a great deal, but the expression of that look was disputable."
her,opinion,female,pronoun,"She had once or twice suggested to Elizabeth the possibility of his being partial to her, but Elizabeth always laughed at the idea; and Mrs. Collins d"
her,friend,female,pronoun,"She had once or twice suggested to Elizabeth the possibility of his being partial to her, but Elizabeth always laughed at the idea; and Mrs. Collins d"
her,power,female,pronoun,"She had once or twice suggested to Elizabeth the possibility of his being partial to her, but Elizabeth always laughed at the idea; and Mrs. Collins d"
her,scheme,female,pronoun,"In her kind schemes for Elizabeth, she sometimes planned her marrying Colonel Fitzwilliam."
his,situation,male,pronoun,"He was, beyond comparison, the pleasantest man: he certainly admired her, and his situation in life was most eligible; but, to counterbalance these ad"
his,cousin,male,pronoun,"He was, beyond comparison, the pleasantest man: he certainly admired her, and his situation in life was most eligible; but, to counterbalance these ad"
her,ramble,female,pronoun,"[Illustration] More than once did Elizabeth, in her ramble within the park, unexpectedly meet Mr. Darcy."
her,pleasure,female,pronoun,"He never said a great deal, nor did she give herself the trouble of talking or of listening much; but it struck her in the course of their third encou"
her,love,female,pronoun,"He never said a great deal, nor did she give herself the trouble of talking or of listening much; but it struck her in the course of their third encou"
her,opinion,female,pronoun,"He never said a great deal, nor did she give herself the trouble of talking or of listening much; but it struck her in the course of their third encou"
his,word,male,pronoun,His words seemed to imply it.
his,thought,male,pronoun,Could he have Colonel Fitzwilliam in his thoughts?
his,disposal,male,pronoun,But I am at his disposal.
his,way,male,pronoun,"“He likes to have his own way very well,” replied Colonel Fitzwilliam."
his,disposal,male,pronoun,"To interrupt a silence which might make him fancy her affected with what had passed, she soon afterwards said,-- “I imagine your cousin brought you do"
his,sister,male,pronoun,"But, perhaps, his sister does as well for the present; and, as she is under his sole care, he may do what he likes with her.”"
his,care,male,pronoun,"But, perhaps, his sister does as well for the present; and, as she is under his sole care, he may do what he likes with her.”"
her,age,female,pronoun,"Young ladies of her age are sometimes a little difficult to manage; and if she has the true Darcy spirit, she may like to have her own way.”"
her,way,female,pronoun,"Young ladies of her age are sometimes a little difficult to manage; and if she has the true Darcy spirit, she may like to have her own way.”"
his,pardon,male,pronoun,"But I ought to beg his pardon, for I have no right to suppose that Bingley was the person meant."
lady,family,female,role_noun,"“It is a circumstance which Darcy of course could not wish to be generally known, because if it were to get round to the lady’s family it would be an "
his,reason,male,pronoun,“Did Mr. Darcy give you his reasons for this interference?”
his,art,male,pronoun,"“He did not talk to me of his own arts,” said Fitzwilliam, smiling."
her,heart,female,pronoun,"Elizabeth made no answer, and walked on, her heart swelling with indignation."
his,interference,male,pronoun,“You are rather disposed to call his interference officious?”
his,friend,male,pronoun,"“I do not see what right Mr. Darcy had to decide on the propriety of his friend’s inclination; or why, upon his own judgment alone, he was to determin"
his,judgment,male,pronoun,"“I do not see what right Mr. Darcy had to decide on the propriety of his friend’s inclination; or why, upon his own judgment alone, he was to determin"
her,room,female,pronoun,"There, shut into her own room, as soon as their visitor left them, she could think without interruption of all that she had heard."
his,vanity,male,pronoun,"If his own vanity, however, did not mislead him, _he_ was the cause--his pride and caprice were the cause--of all that Jane had suffered, and still co"
his,pride,male,pronoun,"If his own vanity, however, did not mislead him, _he_ was the cause--his pride and caprice were the cause--of all that Jane had suffered, and still co"
fitzwilliam,word,male,name,"“There were some very strong objections against the lady,” were Colonel Fitzwilliam’s words; and these strong objections probably were, her having one"
her,understanding,female,pronoun,"Her understanding excellent, her mind improved, and her manners captivating."
her,mind,female,pronoun,"Her understanding excellent, her mind improved, and her manners captivating."
her,manner,female,pronoun,"Her understanding excellent, her mind improved, and her manners captivating."
her,mother,female,pronoun,"When she thought of her mother, indeed, her confidence gave way a little; but she would not allow that any objections _there_ had material weight with"
her,confidence,female,pronoun,"When she thought of her mother, indeed, her confidence gave way a little; but she would not allow that any objections _there_ had material weight with"
his,friend,male,pronoun,"When she thought of her mother, indeed, her confidence gave way a little; but she would not allow that any objections _there_ had material weight with"
his,sister,male,pronoun,"When she thought of her mother, indeed, her confidence gave way a little; but she would not allow that any objections _there_ had material weight with"
her,unwillingness,female,pronoun,"The agitation and tears which the subject occasioned brought on a headache; and it grew so much worse towards the evening that, added to her unwilling"
her,cousin,female,pronoun,"The agitation and tears which the subject occasioned brought on a headache; and it grew so much worse towards the evening that, added to her unwilling"
her,husband,female,pronoun,"Mrs. Collins, seeing that she was really unwell, did not press her to go, and as much as possible prevented her husband from pressing her; but Mr. Col"
his,apprehension,male,pronoun,"Mrs. Collins, seeing that she was really unwell, did not press her to go, and as much as possible prevented her husband from pressing her; but Mr. Col"
her,employment,female,pronoun,"[Illustration] When they were gone, Elizabeth, as if intending to exasperate herself as much as possible against Mr. Darcy, chose for her employment t"
her,style,female,pronoun,"But in all, and in almost every line of each, there was a want of that cheerfulness which had been used to characterize her style, and which, proceedi"
darcy,boast,male,name,Mr. Darcy’s shameful boast of what misery he had been able to inflict gave her a keener sense of her sister’s sufferings.
her,sister,female,pronoun,Mr. Darcy’s shameful boast of what misery he had been able to inflict gave her a keener sense of her sister’s sufferings.
sister,suffering,female,role_noun,Mr. Darcy’s shameful boast of what misery he had been able to inflict gave her a keener sense of her sister’s sufferings.
his,visit,male,pronoun,"It was some consolation to think that his visit to Rosings was to end on the day after the next, and a still greater that in less than a fortnight she"
her,spirit,female,pronoun,"It was some consolation to think that his visit to Rosings was to end on the day after the next, and a still greater that in less than a fortnight she"
his,cousin,male,pronoun,She could not think of Darcy’s leaving Kent without remembering that his cousin was to go with him; but Colonel Fitzwilliam had made it clear that he 
her,spirit,female,pronoun,"While settling this point, she was suddenly roused by the sound of the door-bell; and her spirits were a little fluttered by the idea of its being Col"
her,spirit,female,pronoun,"But this idea was soon banished, and her spirits were very differently affected, when, to her utter amazement, she saw Mr. Darcy walk into the room."
her,amazement,female,pronoun,"But this idea was soon banished, and her spirits were very differently affected, when, to her utter amazement, she saw Mr. Darcy walk into the room."
her,health,female,pronoun,"In a hurried manner he immediately began an inquiry after her health, imputing his visit to a wish of hearing that she were better."
his,visit,male,pronoun,"In a hurried manner he immediately began an inquiry after her health, imputing his visit to a wish of hearing that she were better."
elizabeth,astonishment,female,name,Elizabeth’s astonishment was beyond expression.
his,sense,male,pronoun,"His sense of her inferiority, of its being a degradation, of the family obstacles which judgment had always opposed to inclination, were dwelt on with"
her,inferiority,female,pronoun,"His sense of her inferiority, of its being a degradation, of the family obstacles which judgment had always opposed to inclination, were dwelt on with"
his,suit,male,pronoun,"His sense of her inferiority, of its being a degradation, of the family obstacles which judgment had always opposed to inclination, were dwelt on with"
her,dislike,female,pronoun,"In spite of her deeply-rooted dislike, she could not be insensible to the compliment of such a man’s affection, and though her intentions did not vary"
man,affection,male,role_noun,"In spite of her deeply-rooted dislike, she could not be insensible to the compliment of such a man’s affection, and though her intentions did not vary"
her,intention,female,pronoun,"In spite of her deeply-rooted dislike, she could not be insensible to the compliment of such a man’s affection, and though her intentions did not vary"
his,language,male,pronoun,"In spite of her deeply-rooted dislike, she could not be insensible to the compliment of such a man’s affection, and though her intentions did not vary"
his,endeavour,male,pronoun,He concluded with representing to her the strength of that attachment which in spite of all his endeavours he had found impossible to conquer; and wit
his,hope,male,pronoun,He concluded with representing to her the strength of that attachment which in spite of all his endeavours he had found impossible to conquer; and wit
her,acceptance,female,pronoun,He concluded with representing to her the strength of that attachment which in spite of all his endeavours he had found impossible to conquer; and wit
his,hand,male,pronoun,He concluded with representing to her the strength of that attachment which in spite of all his endeavours he had found impossible to conquer; and wit
his,countenance,male,pronoun,"He _spoke_ of apprehension and anxiety, but his countenance expressed real security."
her,cheek,female,pronoun,"Such a circumstance could only exasperate farther; and when he ceased the colour rose into her cheeks and she said,--"
his,eye,male,pronoun,"Mr. Darcy, who was leaning against the mantel-piece with his eyes fixed on her face, seemed to catch her words with no less resentment than surprise."
her,face,female,pronoun,"Mr. Darcy, who was leaning against the mantel-piece with his eyes fixed on her face, seemed to catch her words with no less resentment than surprise."
her,word,female,pronoun,"Mr. Darcy, who was leaning against the mantel-piece with his eyes fixed on her face, seemed to catch her words with no less resentment than surprise."
his,complexion,male,pronoun,"His complexion became pale with anger, and the disturbance of his mind was visible in every feature."
his,mind,male,pronoun,"His complexion became pale with anger, and the disturbance of his mind was visible in every feature."
his,lip,male,pronoun,"He was struggling for the appearance of composure, and would not open his lips till he believed himself to have attained it."
elizabeth,feeling,female,name,The pause was to Elizabeth’s feelings dreadful.
gentleman,concern,male,role_noun,"“You take an eager interest in that gentleman’s concerns,” said Darcy, in a less tranquil tone, and with a heightened colour."
his,misfortune,male,pronoun,“Who that knows what his misfortunes have been can help feeling an interest in him?”
his,misfortune,male,pronoun,“His misfortunes!”
his,misfortune,male,pronoun,"repeated Darcy, contemptuously,--“yes, his misfortunes have been great indeed.”"
his,state,male,pronoun,"“And of your infliction,” cried Elizabeth, with energy; “You have reduced him to his present state of poverty--comparative poverty."
his,life,male,pronoun,You have deprived the best years of his life of that independence which was no less his due than his desert.
his,due,male,pronoun,You have deprived the best years of his life of that independence which was no less his due than his desert.
his,desert,male,pronoun,You have deprived the best years of his life of that independence which was no less his due than his desert.
his,misfortune,male,pronoun,and yet you can treat the mention of his misfortunes with contempt and ridicule.”
his,walk,male,pronoun,"But, perhaps,” added he, stopping in his walk, and turning towards her, “these offences might have been overlooked, had not your pride been hurt by my"
his,astonishment,male,pronoun,Again his astonishment was obvious; and he looked at her with an expression of mingled incredulity and mortification.
her,mind,female,pronoun,The tumult of her mind was now painfully great.
her,astonishment,female,pronoun,"Her astonishment, as she reflected on what had passed, was increased by every review of it."
his,friend,male,pronoun,"so much in love as to wish to marry her in spite of all the objections which had made him prevent his friend’s marrying her sister, and which must app"
her,sister,female,pronoun,"so much in love as to wish to marry her in spite of all the objections which had made him prevent his friend’s marrying her sister, and which must app"
his,case,male,pronoun,"so much in love as to wish to marry her in spite of all the objections which had made him prevent his friend’s marrying her sister, and which must app"
his,pride,male,pronoun,"But his pride, his abominable pride, his shameless avowal of what he had done with respect to Jane, his unpardonable assurance in acknowledging, thoug"
his,pride,male,pronoun,"But his pride, his abominable pride, his shameless avowal of what he had done with respect to Jane, his unpardonable assurance in acknowledging, thoug"
his,avowal,male,pronoun,"But his pride, his abominable pride, his shameless avowal of what he had done with respect to Jane, his unpardonable assurance in acknowledging, thoug"
his,assurance,male,pronoun,"But his pride, his abominable pride, his shameless avowal of what he had done with respect to Jane, his unpardonable assurance in acknowledging, thoug"
his,cruelty,male,pronoun,"But his pride, his abominable pride, his shameless avowal of what he had done with respect to Jane, his unpardonable assurance in acknowledging, thoug"
his,attachment,male,pronoun,"But his pride, his abominable pride, his shameless avowal of what he had done with respect to Jane, his unpardonable assurance in acknowledging, thoug"
catherine,carriage,female,name,She continued in very agitating reflections till the sound of Lady Catherine’s carriage made her feel how unequal she was to encounter Charlotte’s obs
charlotte,observation,female,name,She continued in very agitating reflections till the sound of Lady Catherine’s carriage made her feel how unequal she was to encounter Charlotte’s obs
her,room,female,pronoun,She continued in very agitating reflections till the sound of Lady Catherine’s carriage made her feel how unequal she was to encounter Charlotte’s obs
her,eye,female,pronoun,[Illustration] Elizabeth awoke the next morning to the same thoughts and meditations which had at length closed her eyes.
her,walk,female,pronoun,"She was proceeding directly to her favourite walk, when the recollection of Mr. Darcy’s sometimes coming there stopped her, and instead of entering th"
her,walk,female,pronoun,"She was on the point of continuing her walk, when she caught a glimpse of a gentleman within the sort of grove which edged the park: he was moving tha"
her,name,female,pronoun,"But the person who advanced was now near enough to see her, and stepping forward with eagerness, pronounced her name."
her,way,female,pronoun,"Pursuing her way along the lane, she then began it."
his,feeling,male,pronoun,But it was not till the evening of the dance at Netherfield that I had any apprehension of his feeling a serious attachment.
bingley,attention,male,name,"At that ball, while I had the honour of dancing with you, I was first made acquainted, by Sir William Lucas’s accidental information, that Bingley’s a"
his,partiality,male,pronoun,From that moment I observed my friend’s behaviour attentively; and I could then perceive that his partiality for Miss Bennet was beyond what I had eve
her,look,female,pronoun,"Her look and manners were open, cheerful, and engaging as ever, but without any symptom of peculiar regard; and I remained convinced, from the evening"
his,attention,male,pronoun,"Her look and manners were open, cheerful, and engaging as ever, but without any symptom of peculiar regard; and I remained convinced, from the evening"
sister,countenance,female,role_noun,"But I shall not scruple to assert, that the serenity of your sister’s countenance and air was such as might have given the most acute observer a convi"
her,temper,female,pronoun,"But I shall not scruple to assert, that the serenity of your sister’s countenance and air was such as might have given the most acute observer a convi"
her,heart,female,pronoun,"But I shall not scruple to assert, that the serenity of your sister’s countenance and air was such as might have given the most acute observer a convi"
her,indifferent,female,pronoun,That I was desirous of believing her indifferent is certain; but I will venture to say that my investigations and decisions are not usually influenced
mother,family,female,role_noun,"The situation of your mother’s family, though objectionable, was nothing in comparison of that total want of propriety so frequently, so almost unifor"
his,sister,male,pronoun,"His sisters’ uneasiness had been equally excited with my own: our coincidence of feeling was soon discovered; and, alike sensible that no time was to "
sister,uneasiness,female,role_noun,"His sisters’ uneasiness had been equally excited with my own: our coincidence of feeling was soon discovered; and, alike sensible that no time was to "
his,determination,male,pronoun,"But however this remonstrance might have staggered or delayed his determination, I do not suppose that it would ultimately have prevented the marriage"
sister,indifference,female,role_noun,"But however this remonstrance might have staggered or delayed his determination, I do not suppose that it would ultimately have prevented the marriage"
his,affection,male,pronoun,"He had before believed her to return his affection with sincere, if not with equal, regard."
his,own,male,pronoun,"But Bingley has great natural modesty, with a stronger dependence on my judgment than on his own."
her,brother,female,pronoun,"I knew it myself, as it was known to Miss Bingley; but her brother is even yet ignorant of it."
his,regard,male,pronoun,"That they might have met without ill consequence is, perhaps, probable; but his regard did not appear to me enough extinguished for him to see her wit"
sister,feeling,female,role_noun,"If I have wounded your sister’s feelings, it was unknowingly done; and though the motives which governed me may to you very naturally appear insuffici"
his,connection,male,pronoun,"If I have wounded your sister’s feelings, it was unknowingly done; and though the motives which governed me may to you very naturally appear insuffici"
his,trust,male,pronoun,"Mr. Wickham is the son of a very respectable man, who had for many years the management of all the Pemberley estates, and whose good conduct in the di"
his,godson,male,pronoun,"Mr. Wickham is the son of a very respectable man, who had for many years the management of all the Pemberley estates, and whose good conduct in the di"
his,kindness,male,pronoun,"Mr. Wickham is the son of a very respectable man, who had for many years the management of all the Pemberley estates, and whose good conduct in the di"
his,father,male,pronoun,"My father supported him at school, and afterwards at Cambridge; most important assistance, as his own father, always poor from the extravagance of his"
his,wife,male,pronoun,"My father supported him at school, and afterwards at Cambridge; most important assistance, as his own father, always poor from the extravagance of his"
gentleman,education,male,role_noun,"My father supported him at school, and afterwards at Cambridge; most important assistance, as his own father, always poor from the extravagance of his"
man,society,male,role_noun,"My father was not only fond of this young man’s society, whose manners were always engaging, he had also the highest opinion of him, and hoping the ch"
his,profession,male,pronoun,"My father was not only fond of this young man’s society, whose manners were always engaging, he had also the highest opinion of him, and hoping the ch"
his,friend,male,pronoun,"The vicious propensities, the want of principle, which he was careful to guard from the knowledge of his best friend, could not escape the observation"
his,character,male,pronoun,"But whatever may be the sentiments which Mr. Wickham has created, a suspicion of their nature shall not prevent me from unfolding his real character."
his,attachment,male,pronoun,"My excellent father died about five years ago; and his attachment to Mr. Wickham was to the last so steady, that in his will he particularly recommend"
his,will,male,pronoun,"My excellent father died about five years ago; and his attachment to Mr. Wickham was to the last so steady, that in his will he particularly recommend"
his,advancement,male,pronoun,"My excellent father died about five years ago; and his attachment to Mr. Wickham was to the last so steady, that in his will he particularly recommend"
his,profession,male,pronoun,"My excellent father died about five years ago; and his attachment to Mr. Wickham was to the last so steady, that in his will he particularly recommend"
his,father,male,pronoun,"His own father did not long survive mine; and within half a year from these events Mr. Wickham wrote to inform me that, having finally resolved agains"
his,proposal,male,pronoun,"I rather wished than believed him to be sincere; but, at any rate, was perfectly ready to accede to his proposal."
his,society,male,pronoun,"I thought too ill of him to invite him to Pemberley, or admit his society in town."
his,life,male,pronoun,"In town, I believe, he chiefly lived, but his studying the law was a mere pretence; and being now free from all restraint, his life was a life of idle"
his,circumstance,male,pronoun,"His circumstances, he assured me, and I had no difficulty in believing it, were exceedingly bad."
father,intention,male,role_noun,"He had found the law a most unprofitable study, and was now absolutely resolved on being ordained, if I would present him to the living in question--o"
his,resentment,male,pronoun,His resentment was in proportion to the distress of his circumstances--and he was doubtless as violent in his abuse of me to others as in his reproach
his,circumstance,male,pronoun,His resentment was in proportion to the distress of his circumstances--and he was doubtless as violent in his abuse of me to others as in his reproach
his,abuse,male,pronoun,His resentment was in proportion to the distress of his circumstances--and he was doubtless as violent in his abuse of me to others as in his reproach
his,reproach,male,pronoun,His resentment was in proportion to the distress of his circumstances--and he was doubtless as violent in his abuse of me to others as in his reproach
mother,nephew,female,role_noun,"My sister, who is more than ten years my junior, was left to the guardianship of my mother’s nephew, Colonel Fitzwilliam, and myself."
her,connivance,female,pronoun,"About a year ago, she was taken from school, and an establishment formed for her in London; and last summer she went with the lady who presided over i"
his,kindness,male,pronoun,"About a year ago, she was taken from school, and an establishment formed for her in London; and last summer she went with the lady who presided over i"
her,excuse,female,pronoun,"She was then but fifteen, which must be her excuse; and after stating her imprudence, I am happy to add, that I owed the knowledge of it to herself."
her,imprudence,female,pronoun,"She was then but fifteen, which must be her excuse; and after stating her imprudence, I am happy to add, that I owed the knowledge of it to herself."
sister,credit,female,role_noun,"Regard for my sister’s credit and feelings prevented any public exposure; but I wrote to Mr. Wickham, who left the place immediately, and Mrs. Younge "
her,charge,female,pronoun,"Regard for my sister’s credit and feelings prevented any public exposure; but I wrote to Mr. Wickham, who left the place immediately, and Mrs. Younge "
wickham,object,male,name,"Mr. Wickham’s chief object was unquestionably my sister’s fortune, which is thirty thousand pounds; but I cannot help supposing that the hope of reven"
sister,fortune,female,role_noun,"Mr. Wickham’s chief object was unquestionably my sister’s fortune, which is thirty thousand pounds; but I cannot help supposing that the hope of reven"
his,revenge,male,pronoun,His revenge would have been complete indeed.
his,success,male,pronoun,"I know not in what manner, under what form of falsehood, he has imposed on you; but his success is not perhaps to be wondered at, ignorant as you prev"
his,offer,male,pronoun,"[Illustration] Elizabeth, when Mr. Darcy gave her the letter, did not expect it to contain a renewal of his offers, she had formed no expectation at a"
her,feeling,female,pronoun,Her feelings as she read were scarcely to be defined.
his,power,male,pronoun,"With amazement did she first understand that he believed any apology to be in his power; and steadfastly was she persuaded, that he could have no expl"
his,account,male,pronoun,"With a strong prejudice against everything he might say, she began his account of what had happened at Netherfield."
her,power,female,pronoun,"She read with an eagerness which hardly left her power of comprehension; and from impatience of knowing what the next sentence might bring, was incapa"
her,eye,female,pronoun,"She read with an eagerness which hardly left her power of comprehension; and from impatience of knowing what the next sentence might bring, was incapa"
his,belief,male,pronoun,"His belief of her sister’s insensibility she instantly resolved to be false; and his account of the real, the worst objections to the match, made her "
her,sister,female,pronoun,"His belief of her sister’s insensibility she instantly resolved to be false; and his account of the real, the worst objections to the match, made her "
sister,insensibility,female,role_noun,"His belief of her sister’s insensibility she instantly resolved to be false; and his account of the real, the worst objections to the match, made her "
his,account,male,pronoun,"His belief of her sister’s insensibility she instantly resolved to be false; and his account of the real, the worst objections to the match, made her "
his,style,male,pronoun,"He expressed no regret for what he had done which satisfied her; his style was not penitent, but haughty."
his,account,male,pronoun,"But when this subject was succeeded by his account of Mr. Wickham--when she read, with somewhat clearer attention, a relation of events which, if true"
his,worth,male,pronoun,"But when this subject was succeeded by his account of Mr. Wickham--when she read, with somewhat clearer attention, a relation of events which, if true"
his,history,male,pronoun,"But when this subject was succeeded by his account of Mr. Wickham--when she read, with somewhat clearer attention, a relation of events which, if true"
her,feeling,female,pronoun,"But when this subject was succeeded by his account of Mr. Wickham--when she read, with somewhat clearer attention, a relation of events which, if true"
his,connection,male,pronoun,"The account of his connection with the Pemberley family was exactly what he had related himself; and the kindness of the late Mr. Darcy, though she ha"
his,word,male,pronoun,"The account of his connection with the Pemberley family was exactly what he had related himself; and the kindness of the late Mr. Darcy, though she ha"
her,memory,female,pronoun,"What Wickham had said of the living was fresh in her memory; and as she recalled his very words, it was impossible not to feel that there was gross du"
his,word,male,pronoun,"What Wickham had said of the living was fresh in her memory; and as she recalled his very words, it was impossible not to feel that there was gross du"
her,wish,female,pronoun,"What Wickham had said of the living was fresh in her memory; and as she recalled his very words, it was impossible not to feel that there was gross du"
his,receive,male,pronoun,"But when she read and re-read, with the closest attention, the particulars immediately following of Wickham’s resigning all pretensions to the living,"
darcy,conduct,male,name,"But every line proved more clearly that the affair, which she had believed it impossible that any contrivance could so represent as to render Mr. Darc"
wickham,charge,male,name,"The extravagance and general profligacy which he scrupled not to lay to Mr. Wickham’s charge exceedingly shocked her; the more so, as she could bring "
his,entrance,male,pronoun,"She had never heard of him before his entrance into the ----shire militia, in which he had engaged at the persuasion of the young man, who, on meeting"
his,way,male,pronoun,"Of his former way of life, nothing had been known in Hertfordshire but what he told [Illustration: “Meeting accidentally in Town” [_Copyright 1894 by "
his,character,male,pronoun,"As to his real character, had information been in her power, she had never felt a wish of inquiring."
her,power,female,pronoun,"As to his real character, had information been in her power, she had never felt a wish of inquiring."
his,countenance,male,pronoun,"His countenance, voice, and manner, had established him at once in the possession of every virtue."
his,power,male,pronoun,"She could see him instantly before her, in every charm of air and address, but she could remember no more substantial good than the general approbatio"
his,design,male,pronoun,"the story which followed, of his designs on Miss Darcy, received some confirmation from what had passed between Colonel Fitzwilliam and herself only t"
his,concern,male,pronoun,"the story which followed, of his designs on Miss Darcy, received some confirmation from what had passed between Colonel Fitzwilliam and herself only t"
his,cousin,male,pronoun,"the story which followed, of his designs on Miss Darcy, received some confirmation from what had passed between Colonel Fitzwilliam and herself only t"
his,cousin,male,pronoun,"At one time she had almost resolved on applying to him, but the idea was checked by the awkwardness of the application, and at length wholly banished "
his,expression,male,pronoun,Many of his expressions were still fresh in her memory.
her,memory,female,pronoun,Many of his expressions were still fresh in her memory.
his,profession,male,pronoun,"She saw the indelicacy of putting himself forward as he had done, and the inconsistency of his professions with his conduct."
his,conduct,male,pronoun,"She saw the indelicacy of putting himself forward as he had done, and the inconsistency of his professions with his conduct."
his,ground,male,pronoun,he_ should stand his ground; yet he had avoided the Netherfield ball the very next week.
his,story,male,pronoun,"She remembered, also, that till the Netherfield family had quitted the country, he had told his story to no one but herself; but that after their remo"
darcy,character,male,name,"She remembered, also, that till the Netherfield family had quitted the country, he had told his story to no one but herself; but that after their remo"
his,attention,male,pronoun,His attentions to Miss King were now the consequence of views solely and hatefully mercenary; and the mediocrity of her fortune proved no longer the m
her,fortune,female,pronoun,His attentions to Miss King were now the consequence of views solely and hatefully mercenary; and the mediocrity of her fortune proved no longer the m
his,wish,male,pronoun,His attentions to Miss King were now the consequence of views solely and hatefully mercenary; and the mediocrity of her fortune proved no longer the m
his,eagerness,male,pronoun,His attentions to Miss King were now the consequence of views solely and hatefully mercenary; and the mediocrity of her fortune proved no longer the m
his,behaviour,male,pronoun,"His behaviour to herself could now have had no tolerable motive: he had either been deceived with regard to her fortune, or had been gratifying his va"
her,fortune,female,pronoun,"His behaviour to herself could now have had no tolerable motive: he had either been deceived with regard to her fortune, or had been gratifying his va"
his,vanity,male,pronoun,"His behaviour to herself could now have had no tolerable motive: he had either been deceived with regard to her fortune, or had been gratifying his va"
his,favour,male,pronoun,"Every lingering struggle in his favour grew fainter and fainter; and in further justification of Mr. Darcy, she could not but allow that Mr. Bingley, "
his,blamelessness,male,pronoun,"Every lingering struggle in his favour grew fainter and fainter; and in further justification of Mr. Darcy, she could not but allow that Mr. Bingley, "
his,manner,male,pronoun,"Every lingering struggle in his favour grew fainter and fainter; and in further justification of Mr. Darcy, she could not but allow that Mr. Bingley, "
his,way,male,pronoun,"Every lingering struggle in his favour grew fainter and fainter; and in further justification of Mr. Darcy, she could not but allow that Mr. Bingley, "
his,connection,male,pronoun,"Every lingering struggle in his favour grew fainter and fainter; and in further justification of Mr. Darcy, she could not but allow that Mr. Bingley, "
his,sister,male,pronoun,"Every lingering struggle in his favour grew fainter and fainter; and in further justification of Mr. Darcy, she could not but allow that Mr. Bingley, "
his,action,male,pronoun,"Every lingering struggle in his favour grew fainter and fainter; and in further justification of Mr. Darcy, she could not but allow that Mr. Bingley, "
her,thought,female,pronoun,"From herself to Jane, from Jane to Bingley, her thoughts were in a line which soon brought to her recollection that Mr. Darcy’s explanation _there_ ha"
her,recollection,female,pronoun,"From herself to Jane, from Jane to Bingley, her thoughts were in a line which soon brought to her recollection that Mr. Darcy’s explanation _there_ ha"
darcy,explanation,male,name,"From herself to Jane, from Jane to Bingley, her thoughts were in a line which soon brought to her recollection that Mr. Darcy’s explanation _there_ ha"
his,assertion,male,pronoun,"How could she deny that credit to his assertions, in one instance, which she had been obliged to give in the other?"
her,sister,female,pronoun,He declared himself to have been totally unsuspicious of her sister’s attachment; and she could not help remembering what Charlotte’s opinion had alwa
sister,attachment,female,role_noun,He declared himself to have been totally unsuspicious of her sister’s attachment; and she could not help remembering what Charlotte’s opinion had alwa
charlotte,opinion,female,name,He declared himself to have been totally unsuspicious of her sister’s attachment; and she could not help remembering what Charlotte’s opinion had alwa
his,description,male,pronoun,Neither could she deny the justice of his description of Jane.
jane,feeling,female,name,"She felt that Jane’s feelings, though fervent, were little displayed, and that there was a constant complacency in her air and manner, not often unite"
her,air,female,pronoun,"She felt that Jane’s feelings, though fervent, were little displayed, and that there was a constant complacency in her air and manner, not often unite"
her,family,female,pronoun,"When she came to that part of the letter in which her family were mentioned, in tones of such mortifying, yet merited, reproach, her sense of shame wa"
her,sense,female,pronoun,"When she came to that part of the letter in which her family were mentioned, in tones of such mortifying, yet merited, reproach, her sense of shame wa"
his,disapprobation,male,pronoun,"The justice of the charge struck her too forcibly for denial; and the circumstances to which he particularly alluded, as having passed at the Netherfi"
his,mind,male,pronoun,"The justice of the charge struck her too forcibly for denial; and the circumstances to which he particularly alluded, as having passed at the Netherfi"
her,sister,female,pronoun,The compliment to herself and her sister was not unfelt.
her,family,female,pronoun,"It soothed, but it could not console her for the contempt which had been thus self-attracted by the rest of her family; and as she considered that Jan"
jane,disappointment,female,name,"It soothed, but it could not console her for the contempt which had been thus self-attracted by the rest of her family; and as she considered that Jan"
her,relation,female,pronoun,"It soothed, but it could not console her for the contempt which had been thus self-attracted by the rest of her family; and as she considered that Jan"
her,absence,female,pronoun,"After wandering along the lane for two hours, giving way to every variety of thought, reconsidering events, determining probabilities, and reconciling"
her,absence,female,pronoun,"She was immediately told, that the two gentlemen from Rosings had each called during her absence; Mr. Darcy, only for a few minutes, to take leave, bu"
her,return,female,pronoun,"She was immediately told, that the two gentlemen from Rosings had each called during her absence; Mr. Darcy, only for a few minutes, to take leave, bu"
her,letter,female,pronoun,She could think only of her letter.
his,obeisance,male,pronoun,[Illustration: “His parting obeisance” ] CHAPTER XXXVII.
his,obeisance,male,pronoun,"[Illustration] The two gentlemen left Rosings the next morning; and Mr. Collins having been in waiting near the lodges, to make them his parting obeis"
her,daughter,female,pronoun,"To Rosings he then hastened to console Lady Catherine and her daughter; and on his return brought back, with great satisfaction, a message from her La"
his,return,male,pronoun,"To Rosings he then hastened to console Lady Catherine and her daughter; and on his return brought back, with great satisfaction, a message from her La"
her,ladyship,female,pronoun,"To Rosings he then hastened to console Lady Catherine and her daughter; and on his return brought back, with great satisfaction, a message from her La"
her,niece,female,pronoun,"Elizabeth could not see Lady Catherine without recollecting that, had she chosen it, she might by this time have been presented to her as her future n"
her,ladyship,female,pronoun,"Elizabeth could not see Lady Catherine without recollecting that, had she chosen it, she might by this time have been presented to her as her future n"
his,spirit,male,pronoun,"The dear Colonel rallied his spirits tolerably till just at last; but Darcy seemed to feel it most acutely--more, I think, than last year."
his,attachment,male,pronoun,His attachment to Rosings certainly increases.”
darcy,letter,male,name,Mr. Darcy’s letter she was in a fair way of soon knowing by heart.
her,feeling,female,pronoun,She studied every sentence; and her feelings towards its writer were at times widely different.
his,address,male,pronoun,"When she remembered the style of his address, she was still full of indignation: but when she considered how unjustly she had condemned and upbraided "
her,anger,female,pronoun,"When she remembered the style of his address, she was still full of indignation: but when she considered how unjustly she had condemned and upbraided "
his,feeling,male,pronoun,"When she remembered the style of his address, she was still full of indignation: but when she considered how unjustly she had condemned and upbraided "
his,attachment,male,pronoun,"His attachment excited gratitude, his general character respect: but she could not approve him; nor could she for a moment repent her refusal, or feel"
his,respect,male,pronoun,"His attachment excited gratitude, his general character respect: but she could not approve him; nor could she for a moment repent her refusal, or feel"
her,refusal,female,pronoun,"His attachment excited gratitude, his general character respect: but she could not approve him; nor could she for a moment repent her refusal, or feel"
her,behaviour,female,pronoun,"In her own past behaviour, there was a constant source of vexation and regret: and in the unhappy defects of her family, a subject of yet heavier chag"
her,family,female,pronoun,"In her own past behaviour, there was a constant source of vexation and regret: and in the unhappy defects of her family, a subject of yet heavier chag"
her,father,female,pronoun,"Her father, contented with laughing at them, would never exert himself to restrain the wild giddiness of his youngest daughters; and her mother, with "
his,daughter,male,pronoun,"Her father, contented with laughing at them, would never exert himself to restrain the wild giddiness of his youngest daughters; and her mother, with "
her,mother,female,pronoun,"Her father, contented with laughing at them, would never exert himself to restrain the wild giddiness of his youngest daughters; and her mother, with "
mother,indulgence,female,role_noun,Elizabeth had frequently united with Jane in an endeavour to check the imprudence of Catherine and Lydia; but while they were supported by their mothe
lydia,guidance,female,name,"Catherine, weak-spirited, irritable, and completely under Lydia’s guidance, had been always affronted by their advice; and Lydia, self-willed and care"
darcy,explanation,male,name,"Anxiety on Jane’s behalf was another prevailing concern; and Mr. Darcy’s explanation, by restoring Bingley to all her former good opinion, heightened "
her,opinion,female,pronoun,"Anxiety on Jane’s behalf was another prevailing concern; and Mr. Darcy’s explanation, by restoring Bingley to all her former good opinion, heightened "
his,affection,male,pronoun,"His affection was proved to have been sincere, and his conduct cleared of all blame, unless any could attach to the implicitness of his confidence in "
his,conduct,male,pronoun,"His affection was proved to have been sincere, and his conduct cleared of all blame, unless any could attach to the implicitness of his confidence in "
his,confidence,male,pronoun,"His affection was proved to have been sincere, and his conduct cleared of all blame, unless any could attach to the implicitness of his confidence in "
his,friend,male,pronoun,"His affection was proved to have been sincere, and his conduct cleared of all blame, unless any could attach to the implicitness of his confidence in "
her,family,female,pronoun,"How grievous then was the thought that, of a situation so desirable in every respect, so replete with advantage, so promising for happiness, Jane had "
wickham,character,male,name,"When to these recollections was added the development of Wickham’s character, it may be easily believed that the happy spirits which had seldom been d"
her,stay,female,pronoun,Their engagements at Rosings were as frequent during the last week of her stay as they had been at first.
her,ladyship,female,pronoun,"The very last evening was spent there; and her Ladyship again inquired minutely into the particulars of their journey, gave them directions as to the "
her,return,female,pronoun,"The very last evening was spent there; and her Ladyship again inquired minutely into the particulars of their journey, gave them directions as to the "
her,afresh,female,pronoun,"The very last evening was spent there; and her Ladyship again inquired minutely into the particulars of their journey, gave them directions as to the "
her,hand,female,pronoun,"When they parted, Lady Catherine, with great condescension, wished them a good journey, and invited them to come to Hunsford again next year; and Miss"
his,feeling,male,pronoun,[Illustration: “The elevation of his feelings.”
her,sense,female,pronoun,"“I know not, Miss Elizabeth,” said he, “whether Mrs. Collins has yet expressed her sense of your kindness in coming to us; but I am very certain you w"
she,thank,female,pronoun,"“I know not, Miss Elizabeth,” said he, “whether Mrs. Collins has yet expressed her sense of your kindness in coming to us; but I am very certain you w"
her,thank,female,pronoun,Elizabeth was eager with her thanks and assurances of happiness.
catherine,family,female,name,"Our situation with regard to Lady Catherine’s family is, indeed, the sort of extraordinary advantage and blessing which few can boast."
his,feeling,male,pronoun,"Words were insufficient for the elevation of his feelings; and he was obliged to walk about the room, while Elizabeth tried to unite civility and trut"
catherine,attention,female,name,Lady Catherine’s great attentions to Mrs. Collins you have been a daily witness of; and altogether I trust it does not appear that your friend has dra
his,comfort,male,pronoun,"Elizabeth could safely say that it was a great happiness where that was the case, and with equal sincerity could add, that she firmly believed and rej"
her,eye,female,pronoun,"But she had chosen it with her eyes open; and though evidently regretting that her visitors were to go, she did not seem to ask for compassion."
her,visitor,female,pronoun,"But she had chosen it with her eyes open; and though evidently regretting that her visitors were to go, she did not seem to ask for compassion."
her,home,female,pronoun,"Her home and her housekeeping, her parish and her poultry, and all their dependent concerns, had not yet lost their charms."
her,housekeeping,female,pronoun,"Her home and her housekeeping, her parish and her poultry, and all their dependent concerns, had not yet lost their charms."
her,parish,female,pronoun,"Her home and her housekeeping, her parish and her poultry, and all their dependent concerns, had not yet lost their charms."
her,poultry,female,pronoun,"Her home and her housekeeping, her parish and her poultry, and all their dependent concerns, had not yet lost their charms."
his,respect,male,pronoun,"After an affectionate parting between the friends, Elizabeth was attended to the carriage by Mr. Collins; and as they walked down the garden, he was c"
her,family,female,pronoun,"After an affectionate parting between the friends, Elizabeth was attended to the carriage by Mr. Collins; and as they walked down the garden, he was c"
his,thank,male,pronoun,"After an affectionate parting between the friends, Elizabeth was attended to the carriage by Mr. Collins; and as they walked down the garden, he was c"
his,compliment,male,pronoun,"After an affectionate parting between the friends, Elizabeth was attended to the carriage by Mr. Collins; and as they walked down the garden, he was c"
her,companion,female,pronoun,"“A great many indeed,” said her companion, with a sigh."
her,spirit,female,pronoun,"Jane looked well, and Elizabeth had little opportunity of studying her spirits, amidst the various engagements which the kindness of her aunt had rese"
her,aunt,female,pronoun,"Jane looked well, and Elizabeth had little opportunity of studying her spirits, amidst the various engagements which the kindness of her aunt had rese"
her,sister,female,pronoun,"It was not without an effort, meanwhile, that she could wait even for Longbourn, before she told her sister of Mr. Darcy’s proposals."
darcy,proposal,male,name,"It was not without an effort, meanwhile, that she could wait even for Longbourn, before she told her sister of Mr. Darcy’s proposals."
her,vanity,female,pronoun,"To know that she had the power of revealing what would so exceedingly astonish Jane, and must, at the same time, so highly gratify whatever of her own"
her,fear,female,pronoun,"To know that she had the power of revealing what would so exceedingly astonish Jane, and must, at the same time, so highly gratify whatever of her own"
her,sister,female,pronoun,"To know that she had the power of revealing what would so exceedingly astonish Jane, and must, at the same time, so highly gratify whatever of her own"
bennet,carriage,male,name,"[Illustration] It was the second week in May, in which the three young ladies set out together from Gracechurch Street for the town of ----, in Hertfo"
her,"purchases,--“look",female,pronoun,"Then showing her purchases,--“Look here, I have bought this bonnet."
her,sister,female,pronoun,"And when her sisters abused it as ugly, she added, with perfect unconcern, “Oh, but there were two or three much uglier in the shop; and when I have b"
her,uncle,female,pronoun,She is gone down to her uncle at Liverpool; gone to stay.
her,breast,female,pronoun,"Elizabeth was shocked to think that, however incapable of such coarseness of _expression_ herself, the coarseness of the _sentiment_ was little other "
lydia,purchase,female,name,"As soon as all had ate, and the elder ones paid, the carriage was ordered; and, after some contrivance, the whole party, with all their boxes, workbag"
woman,clothe,female,role_noun,"We dressed up Chamberlayne in woman’s clothes, on purpose to pass for a lady,--only think what fun!"
her,gown,female,pronoun,"Not a soul knew of it, but Colonel and Mrs. Forster, and Kitty and me, except my aunt, for we were forced to borrow one of her gowns; and you cannot i"
kitty,hint,female,name,"With such kind of histories of their parties and good jokes did Lydia, assisted by Kitty’s hints and additions, endeavour to amuse her companions all "
her,companion,female,pronoun,"With such kind of histories of their parties and good jokes did Lydia, assisted by Kitty’s hints and additions, endeavour to amuse her companions all "
wickham,name,male,name,"Elizabeth listened as little as she could, but there was no escaping the frequent mention of Wickham’s name."
her,daughter,female,pronoun,"Their party in the dining-room was large, for almost all the Lucases came to meet Maria and hear the news; and various were the subjects which occupie"
her,opposition,female,pronoun,"There was another reason, too, for her opposition."
his,account,male,pronoun,"In a fortnight they were to go, and once gone, she hoped there could be nothing more to plague her on his account."
her,parent,female,pronoun,"She had not been many hours at home, before she found that the Brighton scheme, of which Lydia had given them a hint at the inn, was under frequent di"
her,father,female,pronoun,"Elizabeth saw directly that her father had not the smallest intention of yielding; but his answers were at the same time so vague and equivocal, that "
his,answer,male,pronoun,"Elizabeth saw directly that her father had not the smallest intention of yielding; but his answers were at the same time so vague and equivocal, that "
her,mother,female,pronoun,"Elizabeth saw directly that her father had not the smallest intention of yielding; but his answers were at the same time so vague and equivocal, that "
elizabeth,impatience,female,name,[Illustration] Elizabeth’s impatience to acquaint Jane with what had happened could no longer be overcome; and at length resolving to suppress every p
her,sister,female,pronoun,[Illustration] Elizabeth’s impatience to acquaint Jane with what had happened could no longer be overcome; and at length resolving to suppress every p
bennet,astonishment,male,name,Miss Bennet’s astonishment was soon lessened by the strong sisterly partiality which made any admiration of Elizabeth appear perfectly natural; and al
his,sentiment,male,pronoun,She was sorry that Mr. Darcy should have delivered his sentiments in a manner so little suited to recommend them; but still more was she grieved for t
her,sister,female,pronoun,She was sorry that Mr. Darcy should have delivered his sentiments in a manner so little suited to recommend them; but still more was she grieved for t
sister,refusal,female,role_noun,She was sorry that Mr. Darcy should have delivered his sentiments in a manner so little suited to recommend them; but still more was she grieved for t
his,be,male,pronoun,"“His being so sure of succeeding was wrong,” said she, “and certainly ought not to have appeared; but consider how much it must increase his disappoin"
his,disappointment,male,pronoun,"“His being so sure of succeeding was wrong,” said she, “and certainly ought not to have appeared; but consider how much it must increase his disappoin"
his,regard,male,pronoun,"“Indeed,” replied Elizabeth, “I am heartily sorry for him; but he has other feelings which will probably soon drive away his regard for me."
darcy,vindication,male,name,"Nor was Darcy’s vindication, though grateful to her feelings, capable of consoling her for such discovery."
her,feeling,female,pronoun,"Nor was Darcy’s vindication, though grateful to her feelings, capable of consoling her for such discovery."
his,sister,male,pronoun,and having to relate such a thing of his sister!
his,countenance,male,pronoun,there is such an expression of goodness in his countenance!
his,manner,male,pronoun,such an openness and gentleness in his manner.”
wickham,character,male,name,"I want to be told whether I ought, or ought not, to make our acquaintance in general understand Wickham’s character.”"
his,communication,male,pronoun,Mr. Darcy has not authorized me to make his communication public.
his,sister,male,pronoun,"On the contrary, every particular relative to his sister was meant to be kept as much as possible to myself; and if I endeavour to undeceive people as"
his,conduct,male,pronoun,"On the contrary, every particular relative to his sister was meant to be kept as much as possible to myself; and if I endeavour to undeceive people as"
his,error,male,pronoun,To have his errors made public might ruin him for ever.
elizabeth,mind,female,name,The tumult of Elizabeth’s mind was allayed by this conversation.
darcy,letter,male,name,"She dared not relate the other half of Mr. Darcy’s letter, nor explain to her sister how sincerely she had been valued by his friend."
her,sister,female,pronoun,"She dared not relate the other half of Mr. Darcy’s letter, nor explain to her sister how sincerely she had been valued by his friend."
his,friend,male,pronoun,"She dared not relate the other half of Mr. Darcy’s letter, nor explain to her sister how sincerely she had been valued by his friend."
her,sister,female,pronoun,"She was now, on being settled at home, at leisure to observe the real state of her sister’s spirits."
sister,spirit,female,role_noun,"She was now, on being settled at home, at leisure to observe the real state of her sister’s spirits."
her,regard,female,pronoun,"Having never even fancied herself in love before, her regard had all the warmth of first attachment, and from her age and disposition, greater steadin"
her,age,female,pronoun,"Having never even fancied herself in love before, her regard had all the warmth of first attachment, and from her age and disposition, greater steadin"
his,remembrance,male,pronoun,"Having never even fancied herself in love before, her regard had all the warmth of first attachment, and from her age and disposition, greater steadin"
her,sense,female,pronoun,"Having never even fancied herself in love before, her regard had all the warmth of first attachment, and from her age and disposition, greater steadin"
her,attention,female,pronoun,"Having never even fancied herself in love before, her regard had all the warmth of first attachment, and from her age and disposition, greater steadin"
her,friend,female,pronoun,"Having never even fancied herself in love before, her regard had all the warmth of first attachment, and from her age and disposition, greater steadin"
her,health,female,pronoun,"Having never even fancied herself in love before, her regard had all the warmth of first attachment, and from her age and disposition, greater steadin"
her,mother,female,pronoun,"“Well, Lizzy,” continued her mother, soon afterwards, “and so the Collinses live very comfortable, do they?"
her,mother,female,pronoun,"If she is half as sharp as her mother, she is saving enough."
darcy,objection,male,name,She felt anew the justice of Mr. Darcy’s objections; and never had she before been so much disposed to pardon his interference in the views of his fri
his,interference,male,pronoun,She felt anew the justice of Mr. Darcy’s objections; and never had she before been so much disposed to pardon his interference in the views of his fri
his,friend,male,pronoun,She felt anew the justice of Mr. Darcy’s objections; and never had she before been so much disposed to pardon his interference in the views of his fri
lydia,prospect,female,name,"But the gloom of Lydia’s prospect was shortly cleared away; for she received an invitation from Mrs. Forster, the wife of the colonel of the regiment,"
her,adoration,female,pronoun,"The rapture of Lydia on this occasion, her adoration of Mrs. Forster, the delight of Mrs. Bennet, and the mortification of Kitty, are scarcely to be d"
her,sister,female,pronoun,"Wholly inattentive to her sister’s feelings, Lydia flew about the house in restless ecstasy, calling for everyone’s congratulations, and laughing and "
sister,feeling,female,role_noun,"Wholly inattentive to her sister’s feelings, Lydia flew about the house in restless ecstasy, calling for everyone’s congratulations, and laughing and "
her,fate,female,pronoun,"Wholly inattentive to her sister’s feelings, Lydia flew about the house in restless ecstasy, calling for everyone’s congratulations, and laughing and "
her,accent,female,pronoun,"Wholly inattentive to her sister’s feelings, Lydia flew about the house in restless ecstasy, calling for everyone’s congratulations, and laughing and "
her,friend,female,pronoun,"“I cannot see why Mrs. Forster should not ask _me_ as well as Lydia,” said she, “though I am _not_ her particular friend."
her,mother,female,pronoun,"As for Elizabeth herself, this invitation was so far from exciting in her the same feelings as in her mother and Lydia, that she considered it as the "
her,father,female,pronoun,"As for Elizabeth herself, this invitation was so far from exciting in her the same feelings as in her mother and Lydia, that she considered it as the "
lydia,behaviour,female,name,"She represented to him all the improprieties of Lydia’s general behaviour, the little advantage she could derive from the friendship of such a woman a"
her,family,female,pronoun,"He heard her attentively, and then said,-- “Lydia will never be easy till she has exposed herself in some public place or other, and we can never expe"
lydia,manner,female,name,"“If you were aware,” said Elizabeth, “of the very great disadvantage to us all, which must arise from the public notice of Lydia’s unguarded and impru"
lydia,folly,female,name,"Come, let me see the list of the pitiful fellows who have been kept aloof by Lydia’s folly.”"
lydia,character,female,name,"Our importance, our respectability in the world, must be affected by the wild volatility, the assurance and disdain of all restraint which mark Lydia’"
her,spirit,female,pronoun,"If you, my dear father, will not take the trouble of checking her exuberant spirits, and of teaching her that her present pursuits are not to be the b"
her,pursuit,female,pronoun,"If you, my dear father, will not take the trouble of checking her exuberant spirits, and of teaching her that her present pursuits are not to be the b"
her,life,female,pronoun,"If you, my dear father, will not take the trouble of checking her exuberant spirits, and of teaching her that her present pursuits are not to be the b"
her,character,female,pronoun,"Her character will be fixed; and she will, at sixteen, be the most determined flirt that ever made herself and her family ridiculous;--a flirt, too, i"
her,family,female,pronoun,"Her character will be fixed; and she will, at sixteen, be the most determined flirt that ever made herself and her family ridiculous;--a flirt, too, i"
her,mind,female,pronoun,"Her character will be fixed; and she will, at sixteen, be the most determined flirt that ever made herself and her family ridiculous;--a flirt, too, i"
her,rage,female,pronoun,"Her character will be fixed; and she will, at sixteen, be the most determined flirt that ever made herself and her family ridiculous;--a flirt, too, i"
her,heart,female,pronoun,"Mr. Bennet saw that her whole heart was in the subject; and, affectionately taking her hand, said, in reply,-- “Do not make yourself uneasy, my love."
her,hand,female,pronoun,"Mr. Bennet saw that her whole heart was in the subject; and, affectionately taking her hand, said, in reply,-- “Do not make yourself uneasy, my love."
her,insignificance,female,pronoun,"Let us hope, therefore, that her being there may teach her her own insignificance."
her,life,female,pronoun,"At any rate, she cannot grow many degrees worse, without authorizing us to lock her up for the rest of her life.”"
her,opinion,female,pronoun,"With this answer Elizabeth was forced to be content; but her own opinion continued the same, and she left him disappointed and sorry."
her,nature,female,pronoun,"It was not in her nature, however, to increase her vexations by dwelling on them."
her,vexation,female,pronoun,"It was not in her nature, however, to increase her vexations by dwelling on them."
her,duty,female,pronoun,"She was confident of having performed her duty; and to fret over unavoidable evils, or augment them by anxiety, was no part of her disposition."
her,disposition,female,pronoun,"She was confident of having performed her duty; and to fret over unavoidable evils, or augment them by anxiety, was no part of her disposition."
her,mother,female,pronoun,"Had Lydia and her mother known the substance of her conference with her father, their indignation would hardly have found expression in their united v"
her,conference,female,pronoun,"Had Lydia and her mother known the substance of her conference with her father, their indignation would hardly have found expression in their united v"
her,father,female,pronoun,"Had Lydia and her mother known the substance of her conference with her father, their indignation would hardly have found expression in their united v"
lydia,imagination,female,name,"In Lydia’s imagination, a visit to Brighton comprised every possibility of earthly happiness."
her,sister,female,pronoun,[Illustration: “Tenderly flirting” [_Copyright 1894 by George Allen._]] Had she known that her sister sought to tear her from such prospects and such 
her,sensation,female,pronoun,[Illustration: “Tenderly flirting” [_Copyright 1894 by George Allen._]] Had she known that her sister sought to tear her from such prospects and such 
her,mother,female,pronoun,"They could have been understood only by her mother, who might have felt nearly the same."
her,husband,female,pronoun,Lydia’s going to Brighton was all that consoled her for the melancholy conviction of her husband’s never intending to go there himself.
her,return,female,pronoun,"Having been frequently in company with him since her return, agitation was pretty well over; the agitations of former partiality entirely so."
his,behaviour,male,pronoun,"In his present behaviour to herself, moreover, she had a fresh source of displeasure; for the inclination he soon testified of renewing those attentio"
his,believing,male,pronoun,"She lost all concern for him in finding herself thus selected as the object of such idle and frivolous gallantry; and while she steadily repressed it,"
his,attention,male,pronoun,"She lost all concern for him in finding herself thus selected as the object of such idle and frivolous gallantry; and while she steadily repressed it,"
her,vanity,female,pronoun,"She lost all concern for him in finding herself thus selected as the object of such idle and frivolous gallantry; and while she steadily repressed it,"
her,preference,female,pronoun,"She lost all concern for him in finding herself thus selected as the object of such idle and frivolous gallantry; and while she steadily repressed it,"
her,time,female,pronoun,"On the very last day of the regiment’s remaining in Meryton, he dined, with others of the officers, at Longbourn; and so little was Elizabeth disposed"
her,answer,female,pronoun,Her answer was warmly in his favour.
his,favour,male,pronoun,Her answer was warmly in his favour.
his,manner,male,pronoun,“His manners are very different from his cousin’s.”
his,cousin,male,pronoun,“His manners are very different from his cousin’s.”
his,style,male,pronoun,Has he deigned to add aught of civility to his ordinary style?
her,word,female,pronoun,"While she spoke, Wickham looked as if scarcely knowing whether to rejoice over her words or to distrust their meaning."
her,countenance,female,pronoun,"There was a something in her countenance which made him listen with an apprehensive and anxious attention, while she added,-- “When I said that he imp"
his,mind,male,pronoun,"There was a something in her countenance which made him listen with an apprehensive and anxious attention, while she added,-- “When I said that he imp"
his,disposition,male,pronoun,"There was a something in her countenance which made him listen with an apprehensive and anxious attention, while she added,-- “When I said that he imp"
wickham,alarm,male,name,"Wickham’s alarm now appeared in a heightened complexion and agitated look; for a few minutes he was silent; till, shaking off his embarrassment, he tu"
his,embarrassment,male,pronoun,"Wickham’s alarm now appeared in a heightened complexion and agitated look; for a few minutes he was silent; till, shaking off his embarrassment, he tu"
his,pride,male,pronoun,"His pride, in that direction, may be of service, if not to himself, to many others, for it must deter him from such foul misconduct as I have suffered"
his,visit,male,pronoun,"I only fear that the sort of cautiousness to which you, I imagine, have been alluding, is merely adopted on his visits to his aunt, of whose good opin"
his,aunt,male,pronoun,"I only fear that the sort of cautiousness to which you, I imagine, have been alluding, is merely adopted on his visits to his aunt, of whose good opin"
his,fear,male,pronoun,"His fear of her has always operated, I know, when they were together; and a good deal is to be imputed to his wish of forwarding the match with Miss d"
his,wish,male,pronoun,"His fear of her has always operated, I know, when they were together; and a good deal is to be imputed to his wish of forwarding the match with Miss d"
his,grievance,male,pronoun,"She saw that he wanted to engage her on the old subject of his grievances, and she was in no humour to indulge him."
his,side,male,pronoun,"The rest of the evening passed with the _appearance_, on his side, of usual cheerfulness, but with no further attempt to distinguish Elizabeth; and th"
her,family,female,pronoun,The separation between her and her family was rather noisy than pathetic.
her,wish,female,pronoun,"Mrs. Bennet was diffuse in her good wishes for the felicity of her daughter, and impressive in her injunctions that she would not miss the opportunity"
her,daughter,female,pronoun,"Mrs. Bennet was diffuse in her good wishes for the felicity of her daughter, and impressive in her injunctions that she would not miss the opportunity"
her,injunction,female,pronoun,"Mrs. Bennet was diffuse in her good wishes for the felicity of her daughter, and impressive in her injunctions that she would not miss the opportunity"
her,sister,female,pronoun,"Mrs. Bennet was diffuse in her good wishes for the felicity of her daughter, and impressive in her injunctions that she would not miss the opportunity"
elizabeth,opinion,female,name,"[Illustration] Had Elizabeth’s opinion been all drawn from her own family, she could not have formed a very pleasing picture of conjugal felicity or d"
her,family,female,pronoun,"[Illustration] Had Elizabeth’s opinion been all drawn from her own family, she could not have formed a very pleasing picture of conjugal felicity or d"
her,father,female,pronoun,"Her father, captivated by youth and beauty, and that appearance of good-humour which youth and beauty generally give, had married a woman whose weak u"
his,view,male,pronoun,"Respect, esteem, and confidence had vanished for ever; and all his views of domestic happiness were overthrown."
his,imprudence,male,pronoun,But Mr. Bennet was not of a disposition to seek comfort for the disappointment which his own imprudence had brought on in any of those pleasures which
his,enjoyment,male,pronoun,He was fond of the country and of books; and from these tastes had arisen his principal enjoyments.
his,wife,male,pronoun,To his wife he was very little otherwise indebted than as her ignorance and folly had contributed to his amusement.
her,ignorance,female,pronoun,To his wife he was very little otherwise indebted than as her ignorance and folly had contributed to his amusement.
his,amusement,male,pronoun,To his wife he was very little otherwise indebted than as her ignorance and folly had contributed to his amusement.
his,wife,male,pronoun,"This is not the sort of happiness which a man would in general wish to owe to his wife; but where other powers of entertainment are wanting, the true "
her,father,female,pronoun,"Elizabeth, however, had never been blind to the impropriety of her father’s behaviour as a husband."
father,behaviour,male,role_noun,"Elizabeth, however, had never been blind to the impropriety of her father’s behaviour as a husband."
his,ability,male,pronoun,"She had always seen it with pain; but respecting his abilities, and grateful for his affectionate treatment of herself, she endeavoured to forget what"
his,treatment,male,pronoun,"She had always seen it with pain; but respecting his abilities, and grateful for his affectionate treatment of herself, she endeavoured to forget what"
her,thought,female,pronoun,"She had always seen it with pain; but respecting his abilities, and grateful for his affectionate treatment of herself, she endeavoured to forget what"
his,wife,male,pronoun,"She had always seen it with pain; but respecting his abilities, and grateful for his affectionate treatment of herself, she endeavoured to forget what"
her,child,female,pronoun,"She had always seen it with pain; but respecting his abilities, and grateful for his affectionate treatment of herself, she endeavoured to forget what"
his,daughter,male,pronoun,"But she had never felt so strongly as now the disadvantages which must attend the children of so unsuitable a marriage, nor ever been so fully aware o"
his,wife,male,pronoun,"But she had never felt so strongly as now the disadvantages which must attend the children of so unsuitable a marriage, nor ever been so fully aware o"
wickham,departure,male,name,"When Elizabeth had rejoiced over Wickham’s departure, she found little other cause for satisfaction in the loss of the regiment."
her,degree,female,pronoun,"Their parties abroad were less varied than before; and at home she had a mother and sister, whose constant repinings at the dulness of everything arou"
her,brain,female,pronoun,"Their parties abroad were less varied than before; and at home she had a mother and sister, whose constant repinings at the dulness of everything arou"
her,sister,female,pronoun,"Their parties abroad were less varied than before; and at home she had a mother and sister, whose constant repinings at the dulness of everything arou"
her,folly,female,pronoun,"Their parties abroad were less varied than before; and at home she had a mother and sister, whose constant repinings at the dulness of everything arou"
her,wish,female,pronoun,It was consequently necessary to name some other period for the commencement of actual felicity; to have some other point on which her wishes and hope
her,tour,female,pronoun,Her tour to the Lakes was now the object of her happiest thoughts: it was her best consolation for all the uncomfortable hours which the discontentedn
her,thought,female,pronoun,Her tour to the Lakes was now the object of her happiest thoughts: it was her best consolation for all the uncomfortable hours which the discontentedn
her,consolation,female,pronoun,Her tour to the Lakes was now the object of her happiest thoughts: it was her best consolation for all the uncomfortable hours which the discontentedn
her,mother,female,pronoun,Her tour to the Lakes was now the object of her happiest thoughts: it was her best consolation for all the uncomfortable hours which the discontentedn
sister,absence,female,role_noun,"But here, by carrying with me one ceaseless source of regret in my sister’s absence, I may reasonably hope to have all my expectations of pleasure rea"
her,mother,female,pronoun,"When Lydia went away she promised to write very often and very minutely to her mother and Kitty; but her letters were always long expected, and always"
her,letter,female,pronoun,"When Lydia went away she promised to write very often and very minutely to her mother and Kitty; but her letters were always long expected, and always"
her,mother,female,pronoun,"Those to her mother contained little else than that they were just returned from the library, where such and such officers had attended them, and wher"
her,correspondence,female,pronoun,"Those to her mother contained little else than that they were just returned from the library, where such and such officers had attended them, and wher"
her,sister,female,pronoun,"Those to her mother contained little else than that they were just returned from the library, where such and such officers had attended them, and wher"
her,letter,female,pronoun,"Those to her mother contained little else than that they were just returned from the library, where such and such officers had attended them, and wher"
her,absence,female,pronoun,"After the first fortnight or three weeks of her absence, health, good-humour, and cheerfulness began to reappear at Longbourn."
her,serenity,female,pronoun,Mrs. Bennet was restored to her usual querulous serenity; and by the middle of June Kitty was so much recovered as to be able to enter Meryton without
her,life,female,pronoun,"The town where she had formerly passed some years of her life, and where they were now to spend a few days, was probably as great an object of her cur"
her,curiosity,female,pronoun,"The town where she had formerly passed some years of her life, and where they were now to spend a few days, was probably as great an object of her cur"
her,heart,female,pronoun,Elizabeth was excessively disappointed: she had set her heart on seeing the Lakes; and still thought there might have been time enough.
her,business,female,pronoun,But it was her business to be satisfied--and certainly her temper to be happy; and all was soon right again.
her,temper,female,pronoun,But it was her business to be satisfied--and certainly her temper to be happy; and all was soon right again.
his,county,male,pronoun,"“But surely,” said she, “I may enter his county with impunity, and rob it of a few petrified spars, without his perceiving me.”"
her,uncle,female,pronoun,Four weeks were to pass away before her uncle and aunt’s arrival.
her,aunt,female,pronoun,"To the little town of Lambton, the scene of Mrs. Gardiner’s former residence, and where she had lately learned that some acquaintance still remained, "
his,willingness,male,pronoun,"Mr. Gardiner declared his willingness, and Elizabeth was applied to for her approbation."
her,approbation,female,pronoun,"Mr. Gardiner declared his willingness, and Elizabeth was applied to for her approbation."
her,aunt,female,pronoun,"“My love, should not you like to see a place of which you have heard so much?” said her aunt."
his,youth,male,pronoun,"Wickham passed all his youth there, you know.”"
her,stupidity,female,pronoun,Mrs. Gardiner abused her stupidity.
her,mind,female,pronoun,Elizabeth said no more; but her mind could not acquiesce.
her,aunt,female,pronoun,"She blushed at the very idea; and thought it would be better to speak openly to her aunt, than to run such a risk."
her,inquiry,female,pronoun,"But against this there were objections; and she finally resolved that it could be the last resource, if her private inquiries as to the absence of the"
her,alarm,female,pronoun,"A most welcome negative followed the last question; and her alarms being now removed, she was at leisure to feel a great deal of curiosity to see the "
her,spirit,female,pronoun,"[Illustration] Elizabeth, as they drove along, watched for the first appearance of Pemberley Woods with some perturbation; and when at length they tur"
elizabeth,mind,female,name,"Elizabeth’s mind was too full for conversation, but she saw and admired every remarkable spot and point of view."
her,apprehension,female,pronoun,"They descended the hill, crossed the bridge, and drove to the door; and, while examining the nearer aspect of the house, all her apprehension of meeti"
his,taste,male,pronoun,"The rooms were lofty and handsome, and their furniture suitable to the fortune of their proprietor; but Elizabeth saw, with admiration of his taste, t"
her,master,female,pronoun,"She longed to inquire of the housekeeper whether her master were really absent, but had not courage for it."
her,uncle,female,pronoun,"At length, however, the question was asked by her uncle; and she turned away with alarm, while Mrs. Reynolds replied, that he was; adding, “But we exp"
her,aunt,female,pronoun,Her aunt now called her to look at a picture.
her,aunt,female,pronoun,"Her aunt asked her, smilingly, how she liked it."
her,master,female,pronoun,"The housekeeper came forward, and told them it was the picture of a young gentleman, the son of her late master’s steward, who had been brought up by "
his,expense,male,pronoun,"The housekeeper came forward, and told them it was the picture of a young gentleman, the son of her late master’s steward, who had been brought up by "
her,niece,female,pronoun,"Mrs. Gardiner looked at her niece with a smile, but Elizabeth could not return it."
her,master,female,pronoun,Mrs. Reynolds’ respect for Elizabeth seemed to increase on this intimation of her knowing her master.
her,brother,female,pronoun,“And is Miss Darcy as handsome as her brother?” said Mr. Gardiner.
her,communicativeness,female,pronoun,"Mr. Gardiner, whose manners were easy and pleasant, encouraged her communicativeness by his questions and remarks: Mrs. Reynolds, either from pride or"
his,question,male,pronoun,"Mr. Gardiner, whose manners were easy and pleasant, encouraged her communicativeness by his questions and remarks: Mrs. Reynolds, either from pride or"
her,master,female,pronoun,"Mr. Gardiner, whose manners were easy and pleasant, encouraged her communicativeness by his questions and remarks: Mrs. Reynolds, either from pride or"
his,sister,male,pronoun,"Mr. Gardiner, whose manners were easy and pleasant, encouraged her communicativeness by his questions and remarks: Mrs. Reynolds, either from pride or"
his,time,male,pronoun,but I dare say he may spend half his time here; and Miss Darcy is always down for the summer months.”
his,credit,male,pronoun,"Elizabeth could not help saying, “It is very much to his credit, I am sure, that you should think so.”"
her,idea,female,pronoun,"This was praise of all others most extraordinary, most opposite to her ideas."
her,opinion,female,pronoun,That he was not a good-tempered man had been her firmest opinion.
her,attention,female,pronoun,"Her keenest attention was awakened: she longed to hear more; and was grateful to her uncle for saying,-- “There are very few people of whom so much ca"
her,uncle,female,pronoun,"Her keenest attention was awakened: she longed to hear more; and was grateful to her uncle for saying,-- “There are very few people of whom so much ca"
his,father,male,pronoun,"“His father was an excellent man,” said Mrs. Gardiner."
his,son,male,pronoun,"“Yes, ma’am, that he was indeed; and his son will be just like him--just as affable to the poor.”"
her,commendation,female,pronoun,"Mr. Gardiner, highly amused by the kind of family prejudice, to which he attributed her excessive commendation of her master, soon led again to the su"
her,master,female,pronoun,"Mr. Gardiner, highly amused by the kind of family prejudice, to which he attributed her excessive commendation of her master, soon led again to the su"
his,merit,male,pronoun,"Mr. Gardiner, highly amused by the kind of family prejudice, to which he attributed her excessive commendation of her master, soon led again to the su"
his,tenant,male,pronoun,There is not one of his tenants or servants but what will give him a good name.
her,aunt,female,pronoun,"“This fine account of him,” whispered her aunt as they walked, “is not quite consistent with his behaviour to our poor friend.”"
his,behaviour,male,pronoun,"“This fine account of him,” whispered her aunt as they walked, “is not quite consistent with his behaviour to our poor friend.”"
darcy,delight,male,name,"Mrs. Reynolds anticipated Miss Darcy’s delight, when she should enter the room."
his,sister,male,pronoun,"“Whatever can give his sister any pleasure, is sure to be done in a moment."
his,father,male,pronoun,"Mrs. Reynolds informed them, that it had been taken in his father’s lifetime."
father,lifetime,male,role_noun,"Mrs. Reynolds informed them, that it had been taken in his father’s lifetime."
elizabeth,mind,female,name,"There was certainly at this moment, in Elizabeth’s mind, a more gentle sensation towards the original than she had ever felt in the height of their ac"
his,guardianship,male,pronoun,"As a brother, a landlord, a master, she considered how many people’s happiness were in his guardianship!"
his,power,male,pronoun,How much of pleasure or pain it was in his power to bestow!
his,character,male,pronoun,"Every idea that had been brought forward by the housekeeper was favourable to his character; and as she stood before the canvas, on which he was repre"
his,eye,male,pronoun,"Every idea that had been brought forward by the housekeeper was favourable to his character; and as she stood before the canvas, on which he was repre"
his,regard,male,pronoun,"Every idea that had been brought forward by the housekeeper was favourable to his character; and as she stood before the canvas, on which he was repre"
her,uncle,female,pronoun,"As they walked across the lawn towards the river, Elizabeth turned back to look again; her uncle and aunt stopped also; and while the former was conje"
his,appearance,male,pronoun,"They were within twenty yards of each other; and so abrupt was his appearance, that it was impossible to avoid his sight."
his,sight,male,pronoun,"They were within twenty yards of each other; and so abrupt was his appearance, that it was impossible to avoid his sight."
his,approach,male,pronoun,"She had instinctively turned away; but stopping on his approach, received his compliments with an embarrassment impossible to be overcome."
his,compliment,male,pronoun,"She had instinctively turned away; but stopping on his approach, received his compliments with an embarrassment impossible to be overcome."
his,appearance,male,pronoun,"Had his first appearance, or his resemblance to the picture they had just been examining, been insufficient to assure the other two that they now saw "
his,resemblance,male,pronoun,"Had his first appearance, or his resemblance to the picture they had just been examining, been insufficient to assure the other two that they now saw "
his,master,male,pronoun,"Had his first appearance, or his resemblance to the picture they had just been examining, been insufficient to assure the other two that they now saw "
her,eye,female,pronoun,"They stood a little aloof while he was talking to their niece, who, astonished and confused, scarcely dared lift her eyes to his face, and knew not wh"
his,face,male,pronoun,"They stood a little aloof while he was talking to their niece, who, astonished and confused, scarcely dared lift her eyes to his face, and knew not wh"
his,inquiry,male,pronoun,"They stood a little aloof while he was talking to their niece, who, astonished and confused, scarcely dared lift her eyes to his face, and knew not wh"
her,family,female,pronoun,"They stood a little aloof while he was talking to their niece, who, astonished and confused, scarcely dared lift her eyes to his face, and knew not wh"
his,manner,male,pronoun,"Amazed at the alteration of his manner since they last parted, every sentence that he uttered was increasing her embarrassment; and every idea of the "
her,embarrassment,female,pronoun,"Amazed at the alteration of his manner since they last parted, every sentence that he uttered was increasing her embarrassment; and every idea of the "
her,mind,female,pronoun,"Amazed at the alteration of his manner since they last parted, every sentence that he uttered was increasing her embarrassment; and every idea of the "
her,life,female,pronoun,"Amazed at the alteration of his manner since they last parted, every sentence that he uttered was increasing her embarrassment; and every idea of the "
his,accent,male,pronoun,"Nor did he seem much more at ease; when he spoke, his accent had none of its usual sedateness; and he repeated his inquiries as to the time of her hav"
his,inquiry,male,pronoun,"Nor did he seem much more at ease; when he spoke, his accent had none of its usual sedateness; and he repeated his inquiries as to the time of her hav"
her,stay,female,pronoun,"Nor did he seem much more at ease; when he spoke, his accent had none of its usual sedateness; and he repeated his inquiries as to the time of her hav"
his,thought,male,pronoun,"Nor did he seem much more at ease; when he spoke, his accent had none of its usual sedateness; and he repeated his inquiries as to the time of her hav"
his,figure,male,pronoun,"The others then joined her, and expressed their admiration of his figure; but Elizabeth heard not a word, and, wholly engrossed by her own feelings, f"
her,feeling,female,pronoun,"The others then joined her, and expressed their admiration of his figure; but Elizabeth heard not a word, and, wholly engrossed by her own feelings, f"
his,way,male,pronoun,It might seem as if she had purposely thrown herself in his way again!
his,discrimination,male,pronoun,"Had they been only ten minutes sooner, they should have been beyond the reach of his discrimination; for it was plain that he was that moment arrived,"
his,horse,male,pronoun,"Had they been only ten minutes sooner, they should have been beyond the reach of his discrimination; for it was plain that he was that moment arrived,"
his,carriage,male,pronoun,"Had they been only ten minutes sooner, they should have been beyond the reach of his discrimination; for it was plain that he was that moment arrived,"
his,behaviour,male,pronoun,"And his behaviour, so strikingly altered,--what could it mean?"
her,family,female,pronoun,"That he should even speak to her was amazing!--but to speak with such civility, to inquire after her family!"
her,life,female,pronoun,"Never in her life had she seen his manners so little dignified, never had he spoken with such gentleness as on this unexpected meeting."
his,manner,male,pronoun,"Never in her life had she seen his manners so little dignified, never had he spoken with such gentleness as on this unexpected meeting."
his,address,male,pronoun,"What a contrast did it offer to his last address in Rosings Park, when he put his letter into her hand!"
his,letter,male,pronoun,"What a contrast did it offer to his last address in Rosings Park, when he put his letter into her hand!"
her,hand,female,pronoun,"What a contrast did it offer to his last address in Rosings Park, when he put his letter into her hand!"
her,uncle,female,pronoun,"They had now entered a beautiful walk by the side of the water, and every step was bringing forward a nobler fall of ground, or a finer reach of the w"
her,eye,female,pronoun,"They had now entered a beautiful walk by the side of the water, and every step was bringing forward a nobler fall of ground, or a finer reach of the w"
her,thought,female,pronoun,"Her thoughts were all fixed on that one spot of Pemberley House, whichever it might be, where Mr. Darcy then was."
his,mind,male,pronoun,"She longed to know what at that moment was passing in his mind; in what manner he thought of her, and whether, in defiance of everything, she was stil"
his,voice,male,pronoun,"Perhaps he had been civil only because he felt himself at ease; yet there had been _that_ in his voice, which was not like ease."
her,companion,female,pronoun,"At length, however, the remarks of her companions on her absence of mind roused her, and she felt the necessity of appearing more like herself."
her,absence,female,pronoun,"At length, however, the remarks of her companions on her absence of mind roused her, and she felt the necessity of appearing more like herself."
her,niece,female,pronoun,"Her niece was, therefore, obliged to submit, and they took their way towards the house on the opposite side of the river, in the nearest direction; bu"
elizabeth,astonishment,female,name,"Whilst wandering on in this slow manner, they were again surprised, and Elizabeth’s astonishment was quite equal to what it had been at first, by the "
his,civility,male,pronoun,"With a glance she saw that he had lost none of his recent civility; and, to imitate his politeness, she began as they met to admire the beauty of the "
his,politeness,male,pronoun,"With a glance she saw that he had lost none of his recent civility; and, to imitate his politeness, she began as they met to admire the beauty of the "
her,colour,female,pronoun,"Her colour changed, and she said no more."
her,pausing,female,pronoun,"Mrs. Gardiner was standing a little behind; and on her pausing, he asked her if she would do him the honour of introducing him to her friends."
her,friend,female,pronoun,"Mrs. Gardiner was standing a little behind; and on her pausing, he asked her if she would do him the honour of introducing him to her friends."
his,being,male,pronoun,This was a stroke of civility for which she was quite unprepared; and she could hardly suppress a smile at his being now seeking the acquaintance of s
his,pride,male,pronoun,This was a stroke of civility for which she was quite unprepared; and she could hardly suppress a smile at his being now seeking the acquaintance of s
his,offer,male,pronoun,This was a stroke of civility for which she was quite unprepared; and she could hardly suppress a smile at his being now seeking the acquaintance of s
his,surprise,male,pronoun,"“What will be his surprise,” thought she, “when he knows who they are!"
his,decamping,male,pronoun,"The introduction, however, was immediately made; and as she named their relationship to herself, she stole a sly look at him, to see how he bore it; a"
her,uncle,female,pronoun,"She listened most attentively to all that passed between them, and gloried in every expression, every sentence of her uncle, which marked his intellig"
his,intelligence,male,pronoun,"She listened most attentively to all that passed between them, and gloried in every expression, every sentence of her uncle, which marked his intellig"
his,taste,male,pronoun,"She listened most attentively to all that passed between them, and gloried in every expression, every sentence of her uncle, which marked his intellig"
his,manner,male,pronoun,"She listened most attentively to all that passed between them, and gloried in every expression, every sentence of her uncle, which marked his intellig"
her,wonder,female,pronoun,"Mrs. Gardiner, who was walking arm in arm with Elizabeth, gave her a look expressive of her wonder."
her,astonishment,female,pronoun,"Her astonishment, however, was extreme; and continually was she repeating, “Why is he so altered?"
his,manner,male,pronoun,"It cannot be for _me_, it cannot be for _my_ sake that his manners are thus softened."
elizabeth,arm,female,name,"It originated in Mrs. Gardiner, who, fatigued by the exercise of the morning, found Elizabeth’s arm inadequate to her support, and consequently prefer"
her,support,female,pronoun,"It originated in Mrs. Gardiner, who, fatigued by the exercise of the morning, found Elizabeth’s arm inadequate to her support, and consequently prefer"
her,husband,female,pronoun,"It originated in Mrs. Gardiner, who, fatigued by the exercise of the morning, found Elizabeth’s arm inadequate to her support, and consequently prefer"
her,place,female,pronoun,"Mr. Darcy took her place by her niece, and they walked on together."
her,niece,female,pronoun,"Mr. Darcy took her place by her niece, and they walked on together."
his,absence,male,pronoun,"She wished him to know that she had been assured of his absence before she came to the place, and accordingly began by observing, that his arrival had"
his,arrival,male,pronoun,"She wished him to know that she had been assured of his absence before she came to the place, and accordingly began by observing, that his arrival had"
his,steward,male,pronoun,He acknowledged the truth of it all; and said that business with his steward had occasioned his coming forward a few hours before the rest of the part
his,sister,male,pronoun,Bingley and his sisters.”
her,thought,female,pronoun,Her thoughts were instantly driven back to the time when Mr. Bingley’s name had been last mentioned between them; and if she might judge from his comp
bingley,name,male,name,Her thoughts were instantly driven back to the time when Mr. Bingley’s name had been last mentioned between them; and if she might judge from his comp
his,complexion,male,pronoun,Her thoughts were instantly driven back to the time when Mr. Bingley’s name had been last mentioned between them; and if she might judge from his comp
his,mind,male,pronoun,Her thoughts were instantly driven back to the time when Mr. Bingley’s name had been last mentioned between them; and if she might judge from his comp
her,brother,female,pronoun,"She immediately felt that whatever desire Miss Darcy might have of being acquainted with her, must be the work of her brother, and without looking far"
his,resentment,male,pronoun,"She immediately felt that whatever desire Miss Darcy might have of being acquainted with her, must be the work of her brother, and without looking far"
his,wish,male,pronoun,His wish of introducing his sister to her was a compliment of the highest kind.
his,sister,male,pronoun,His wish of introducing his sister to her was a compliment of the highest kind.
her,aunt,female,pronoun,Yet time and her aunt moved slowly--and her patience and her ideas were nearly worn out before the _tête-à-tête_ was over.
her,patience,female,pronoun,Yet time and her aunt moved slowly--and her patience and her ideas were nearly worn out before the _tête-à-tête_ was over.
her,idea,female,pronoun,Yet time and her aunt moved slowly--and her patience and her ideas were nearly worn out before the _tête-à-tête_ was over.
her,uncle,female,pronoun,The observations of her uncle and aunt now began; and each of them pronounced him to be infinitely superior to anything they had expected.
her,uncle,female,pronoun,"“He is perfectly well-behaved, polite, and unassuming,” said her uncle."
her,aunt,female,pronoun,"“There _is_ something a little stately in him, to be sure,” replied her aunt; “but it is confined to his air, and is not unbecoming."
his,air,male,pronoun,"“There _is_ something a little stately in him, to be sure,” replied her aunt; “but it is confined to his air, and is not unbecoming."
his,behaviour,male,pronoun,“I was never more surprised than by his behaviour to us.
his,acquaintance,male,pronoun,His acquaintance with Elizabeth was very trifling.”
her,aunt,female,pronoun,"“To be sure, Lizzy,” said her aunt, “he is not so handsome as Wickham; or rather he has not Wickham’s countenance, for his features are perfectly good"
wickham,countenance,male,name,"“To be sure, Lizzy,” said her aunt, “he is not so handsome as Wickham; or rather he has not Wickham’s countenance, for his features are perfectly good"
his,feature,male,pronoun,"“To be sure, Lizzy,” said her aunt, “he is not so handsome as Wickham; or rather he has not Wickham’s countenance, for his features are perfectly good"
his,civility,male,pronoun,"“But perhaps he may be a little whimsical in his civilities,” replied her uncle."
her,uncle,female,pronoun,"“But perhaps he may be a little whimsical in his civilities,” replied her uncle."
his,word,male,pronoun,"“Your great men often are; and therefore I shall not take him at his word about fishing, as he might change his mind another day, and warn me off his "
his,mind,male,pronoun,"“Your great men often are; and therefore I shall not take him at his word about fishing, as he might change his mind another day, and warn me off his "
his,ground,male,pronoun,"“Your great men often are; and therefore I shall not take him at his word about fishing, as he might change his mind another day, and warn me off his "
his,character,male,pronoun,"Elizabeth felt that they had entirely mistaken his character, but said nothing."
his,mouth,male,pronoun,"On the contrary, there is something pleasing about his mouth when he speaks."
his,countenance,male,pronoun,"And there is something of dignity in his countenance, that would not give one an unfavourable idea of his heart."
his,heart,male,pronoun,"And there is something of dignity in his countenance, that would not give one an unfavourable idea of his heart."
his,behaviour,male,pronoun,"Elizabeth here felt herself called on to say something in vindication of his behaviour to Wickham; and, therefore, gave them to understand, in as guar"
his,relation,male,pronoun,"Elizabeth here felt herself called on to say something in vindication of his behaviour to Wickham; and, therefore, gave them to understand, in as guar"
his,action,male,pronoun,"Elizabeth here felt herself called on to say something in vindication of his behaviour to Wickham; and, therefore, gave them to understand, in as guar"
his,character,male,pronoun,"Elizabeth here felt herself called on to say something in vindication of his behaviour to Wickham; and, therefore, gave them to understand, in as guar"
her,authority,female,pronoun,"In confirmation of this, she related the particulars of all the pecuniary transactions in which they had been connected, without actually naming her a"
her,pleasure,female,pronoun,"Mrs. Gardiner was surprised and concerned: but as they were now approaching the scene of her former pleasures, every idea gave way to the charm of rec"
her,husband,female,pronoun,"Mrs. Gardiner was surprised and concerned: but as they were now approaching the scene of her former pleasures, every idea gave way to the charm of rec"
her,acquaintance,female,pronoun,"Fatigued as she had been by the morning’s walk, they had no sooner dined than she set off again in quest of her former acquaintance, and the evening w"
darcy,civility,male,name,The occurrences of the day were too full of interest to leave Elizabeth much attention for any of these new friends; and she could do nothing but thin
his,sister,male,pronoun,The occurrences of the day were too full of interest to leave Elizabeth much attention for any of these new friends; and she could do nothing but thin
his,sister,male,pronoun,"[Illustration] Elizabeth had settled it that Mr. Darcy would bring his sister to visit her the very day after her reaching Pemberley; and was, consequ"
her,conclusion,female,pronoun,But her conclusion was false; for on the very morning after their own arrival at Lambton these visitors came.
her,relation,female,pronoun,"Elizabeth, immediately recognizing the livery, guessed what it meant, and imparted no small degree of surprise to her relations, by acquainting them w"
her,uncle,female,pronoun,"Her uncle and aunt were all amazement; and the embarrassment of her manner as she spoke, joined to the circumstance itself, and many of the circumstan"
her,manner,female,pronoun,"Her uncle and aunt were all amazement; and the embarrassment of her manner as she spoke, joined to the circumstance itself, and many of the circumstan"
elizabeth,feeling,female,name,"While these newly-born notions were passing in their heads, the perturbation of Elizabeth’s feelings was every moment increasing."
her,discomposure,female,pronoun,"She was quite amazed at her own discomposure; but, amongst other causes of disquiet, she dreaded lest the partiality of the brother should have said t"
her,favour,female,pronoun,"She was quite amazed at her own discomposure; but, amongst other causes of disquiet, she dreaded lest the partiality of the brother should have said t"
her,uncle,female,pronoun,"She retreated from the window, fearful of being seen; and as she walked up and down the room, endeavouring to compose herself, saw such looks of inqui"
her,brother,female,pronoun,"Miss Darcy and her brother appeared, and this formidable introduction took place."
her,acquaintance,female,pronoun,With astonishment did Elizabeth see that her new acquaintance was at least as much embarrassed as herself.
her,figure,female,pronoun,"Miss Darcy was tall, and on a larger scale than Elizabeth; and, though little more than sixteen, her figure was formed, and her appearance womanly and"
her,appearance,female,pronoun,"Miss Darcy was tall, and on a larger scale than Elizabeth; and, though little more than sixteen, her figure was formed, and her appearance womanly and"
her,brother,female,pronoun,"She was less handsome than her brother, but there was sense and good-humour in her face, and her manners were perfectly unassuming and gentle."
her,face,female,pronoun,"She was less handsome than her brother, but there was sense and good-humour in her face, and her manners were perfectly unassuming and gentle."
her,manner,female,pronoun,"She was less handsome than her brother, but there was sense and good-humour in her face, and her manners were perfectly unassuming and gentle."
her,satisfaction,female,pronoun,They had not been long together before Darcy told her that Bingley was also coming to wait on her; and she had barely time to express her satisfaction
bingley,step,male,name,They had not been long together before Darcy told her that Bingley was also coming to wait on her; and she had barely time to express her satisfaction
elizabeth,anger,female,name,"All Elizabeth’s anger against him had been long done away; but had she still felt any, it could hardly have stood its ground against the unaffected co"
her,family,female,pronoun,"He inquired in a friendly, though general, way, after her family, and looked and spoke with the same good-humoured ease that he had ever done."
lady,sensation,female,role_noun,Of the lady’s sensations they remained a little in doubt; but that the gentleman was overflowing with admiration was evident enough.
her,side,female,pronoun,"Elizabeth, on her side, had much to do."
her,visitor,female,pronoun,"She wanted to ascertain the feelings of each of her visitors, she wanted to compose her own, and to make herself agreeable to all; and in the latter o"
her,own,female,pronoun,"She wanted to ascertain the feelings of each of her visitors, she wanted to compose her own, and to make herself agreeable to all; and in the latter o"
her,favour,female,pronoun,"She wanted to ascertain the feelings of each of her visitors, she wanted to compose her own, and to make herself agreeable to all; and in the latter o"
her,thought,female,pronoun,"In seeing Bingley, her thoughts naturally flew to her sister; and"
her,sister,female,pronoun,"In seeing Bingley, her thoughts naturally flew to her sister; and"
his,behaviour,male,pronoun,"But, though this might be imaginary, she could not be deceived as to his behaviour to Miss Darcy, who had been set up as a rival to Jane."
his,sister,male,pronoun,Nothing occurred between them that could justify the hopes of his sister.
her,interpretation,female,pronoun,"On this point she was soon satisfied; and two or three little circumstances occurred ere they parted, which, in her anxious interpretation, denoted a "
his,memory,male,pronoun,"Elizabeth was pleased to find his memory so exact; and he afterwards took occasion to ask her, when unattended to by any of the rest, whether _all_ he"
her,sister,female,pronoun,"Elizabeth was pleased to find his memory so exact; and he afterwards took occasion to ask her, when unattended to by any of the rest, whether _all_ he"
her,eye,female,pronoun,It was not often that she could turn her eyes on Mr. Darcy himself; but whenever she did catch a glimpse she saw an expression of general complaisance
his,companion,male,pronoun,It was not often that she could turn her eyes on Mr. Darcy himself; but whenever she did catch a glimpse she saw an expression of general complaisance
her,mind,female,pronoun,"When she saw him thus seeking the acquaintance, and courting the good opinion of people with whom any intercourse a few months ago would have been a d"
her,astonishment,female,pronoun,"When she saw him thus seeking the acquaintance, and courting the good opinion of people with whom any intercourse a few months ago would have been a d"
his,friend,male,pronoun,"Never, even in the company of his dear friends at Netherfield, or his dignified relations at Rosings, had she seen him so desirous to please, so free "
his,relation,male,pronoun,"Never, even in the company of his dear friends at Netherfield, or his dignified relations at Rosings, had she seen him so desirous to please, so free "
his,endeavour,male,pronoun,"Never, even in the company of his dear friends at Netherfield, or his dignified relations at Rosings, had she seen him so desirous to please, so free "
his,attention,male,pronoun,"Never, even in the company of his dear friends at Netherfield, or his dignified relations at Rosings, had she seen him so desirous to please, so free "
his,sister,male,pronoun,"Their visitors stayed with them above half an hour; and when they arose to depart, Mr. Darcy called on his sister to join him in expressing their wish"
her,little,female,pronoun,"Miss Darcy, though with a diffidence which marked her little in the habit of giving invitations, readily obeyed."
her,niece,female,pronoun,"Mrs. Gardiner looked at her niece, desirous of knowing how _she_, whom the invitation most concerned, felt disposed as to its acceptance, but Elizabet"
her,head,female,pronoun,"Mrs. Gardiner looked at her niece, desirous of knowing how _she_, whom the invitation most concerned, felt disposed as to its acceptance, but Elizabet"
her,husband,female,pronoun,"Presuming, however, that this studied avoidance spoke rather a momentary embarrassment than any dislike of the proposal, and seeing in her husband, wh"
her,attendance,female,pronoun,"Presuming, however, that this studied avoidance spoke rather a momentary embarrassment than any dislike of the proposal, and seeing in her husband, wh"
her,speak,female,pronoun,"Elizabeth, construing all this into a wish of hearing her speak of her sister, was pleased; and on this account, as well as some others, found herself"
her,sister,female,pronoun,"Elizabeth, construing all this into a wish of hearing her speak of her sister, was pleased; and on this account, as well as some others, found herself"
her,uncle,female,pronoun,"Eager to be alone, and fearful of inquiries or hints from her uncle and aunt, she stayed with them only long enough to hear their favourable opinion o"
her,communication,female,pronoun,But she had no reason to fear Mr. and Mrs. Gardiner’s curiosity; it was not their wish to force her communication.
his,politeness,male,pronoun,"They could not be untouched by his politeness; and had they drawn his character from their own feelings and his servant’s report, without any referenc"
his,character,male,pronoun,"They could not be untouched by his politeness; and had they drawn his character from their own feelings and his servant’s report, without any referenc"
his,servant,male,pronoun,"They could not be untouched by his politeness; and had they drawn his character from their own feelings and his servant’s report, without any referenc"
his,concern,male,pronoun,"With respect to Wickham, the travellers soon found that he was not held there in much estimation; for though the chief of his concerns with the son of"
his,patron,male,pronoun,"With respect to Wickham, the travellers soon found that he was not held there in much estimation; for though the chief of his concerns with the son of"
his,derbyshire,male,pronoun,"With respect to Wickham, the travellers soon found that he was not held there in much estimation; for though the chief of his concerns with the son of"
her,thought,female,pronoun,"As for Elizabeth, her thoughts were at Pemberley this evening more than the last; and the evening, though as it passed it seemed long, was not long en"
her,feeling,female,pronoun,"As for Elizabeth, her thoughts were at Pemberley this evening more than the last; and the evening, though as it passed it seemed long, was not long en"
his,quality,male,pronoun,"The respect created by the conviction of his valuable qualities, though at first unwillingly admitted, had for some time ceased to be repugnant to her"
her,feeling,female,pronoun,"The respect created by the conviction of his valuable qualities, though at first unwillingly admitted, had for some time ceased to be repugnant to her"
his,favour,male,pronoun,"The respect created by the conviction of his valuable qualities, though at first unwillingly admitted, had for some time ceased to be repugnant to her"
his,disposition,male,pronoun,"The respect created by the conviction of his valuable qualities, though at first unwillingly admitted, had for some time ceased to be repugnant to her"
her,manner,female,pronoun,"It was gratitude;--gratitude, not merely for having once loved her, but for loving her still well enough to forgive all the petulance and acrimony of "
her,rejection,female,pronoun,"It was gratitude;--gratitude, not merely for having once loved her, but for loving her still well enough to forgive all the petulance and acrimony of "
his,enemy,male,pronoun,"He who, she had been persuaded, would avoid her as his greatest enemy, seemed, on this accidental meeting, most eager to preserve the acquaintance; an"
her,friend,female,pronoun,"He who, she had been persuaded, would avoid her as his greatest enemy, seemed, on this accidental meeting, most eager to preserve the acquaintance; an"
his,sister,male,pronoun,"He who, she had been persuaded, would avoid her as his greatest enemy, seemed, on this accidental meeting, most eager to preserve the acquaintance; an"
his,welfare,male,pronoun,"She respected, she esteemed, she was grateful to him, she felt a real interest in his welfare; and she only wanted to know how far she wished that wel"
her,fancy,female,pronoun,"She respected, she esteemed, she was grateful to him, she felt a real interest in his welfare; and she only wanted to know how far she wished that wel"
his,address,male,pronoun,"She respected, she esteemed, she was grateful to him, she felt a real interest in his welfare; and she only wanted to know how far she wished that wel"
her,arrival,female,pronoun,"It had been settled in the evening, between the aunt and niece, that such a striking civility as Miss Darcy’s, in coming to them on the very day of he"
his,meeting,male,pronoun,"The fishing scheme had been renewed the day before, and a positive engagement made of his meeting some of the gentlemen at Pemberley by noon."
bingley,dislike,male,name,"[Illustration] Convinced as Elizabeth now was that Miss Bingley’s dislike of her had originated in jealousy, she could not help feeling how very unwel"
her,appearance,female,pronoun,"[Illustration] Convinced as Elizabeth now was that Miss Bingley’s dislike of her had originated in jealousy, she could not help feeling how very unwel"
lady,side,female,role_noun,"[Illustration] Convinced as Elizabeth now was that Miss Bingley’s dislike of her had originated in jealousy, she could not help feeling how very unwel"
georgiana,reception,female,name,"Georgiana’s reception of them was very civil, but attended with all that embarrassment which, though proceeding from shyness and the fear of doing wro"
her,niece,female,pronoun,"Mrs. Gardiner and her niece, however, did her justice, and pitied her."
her,justice,female,pronoun,"Mrs. Gardiner and her niece, however, did her justice, and pitied her."
her,attention,female,pronoun,"Elizabeth soon saw that she was herself closely watched by Miss Bingley, and that she could not speak a word, especially to Miss Darcy, without callin"
her,thought,female,pronoun,"This observation would not have prevented her from trying to talk to the latter, had they not been seated at an inconvenient distance; but she was not"
bingley,voice,male,name,"After sitting in this manner a quarter of an hour, without hearing Miss Bingley’s voice, Elizabeth was roused by receiving from her a cold inquiry aft"
her,family,female,pronoun,"After sitting in this manner a quarter of an hour, without hearing Miss Bingley’s voice, Elizabeth was roused by receiving from her a cold inquiry aft"
her,post,female,pronoun,"The next variation which their visit afforded was produced by the entrance of servants with cold meat, cake, and a variety of all the finest fruits in"
her,wish,female,pronoun,"While thus engaged, Elizabeth had a fair opportunity of deciding whether she most feared or wished for the appearance of Mr. Darcy, by the feelings wh"
his,behaviour,male,pronoun,"perhaps not the more easily kept, because she saw that the suspicions of the whole party were awakened against them, and that there was scarcely an ey"
her,face,female,pronoun,"In no countenance was attentive curiosity so strongly marked as in Miss Bingley’s, in spite of the smiles which overspread her face whenever she spoke"
her,attention,female,pronoun,"In no countenance was attentive curiosity so strongly marked as in Miss Bingley’s, in spite of the smiles which overspread her face whenever she spoke"
her,brother,female,pronoun,"Miss Darcy, on her brother’s entrance, exerted herself much more to talk; and Elizabeth saw that he was anxious for his sister and herself to get acqu"
brother,entrance,male,role_noun,"Miss Darcy, on her brother’s entrance, exerted herself much more to talk; and Elizabeth saw that he was anxious for his sister and herself to get acqu"
his,sister,male,pronoun,"Miss Darcy, on her brother’s entrance, exerted herself much more to talk; and Elizabeth saw that he was anxious for his sister and herself to get acqu"
darcy,presence,male,name,In Darcy’s presence she dared not mention Wickham’s name: but Elizabeth instantly comprehended that he was uppermost in her thoughts; and the various 
wickham,name,male,name,In Darcy’s presence she dared not mention Wickham’s name: but Elizabeth instantly comprehended that he was uppermost in her thoughts; and the various 
her,thought,female,pronoun,In Darcy’s presence she dared not mention Wickham’s name: but Elizabeth instantly comprehended that he was uppermost in her thoughts; and the various 
her,darcy,female,pronoun,"While she spoke, an involuntary glance showed her Darcy with a heightened complexion, earnestly looking at her, and his sister overcome with confusion"
his,sister,male,pronoun,"While she spoke, an involuntary glance showed her Darcy with a heightened complexion, earnestly looking at her, and his sister overcome with confusion"
her,eye,female,pronoun,"While she spoke, an involuntary glance showed her Darcy with a heightened complexion, earnestly looking at her, and his sister overcome with confusion"
her,friend,female,pronoun,"Had Miss Bingley known what pain she was then giving her beloved friend, she undoubtedly would have refrained from the hint; but she had merely intend"
her,partial,female,pronoun,"Had Miss Bingley known what pain she was then giving her beloved friend, she undoubtedly would have refrained from the hint; but she had merely intend"
her,betray,female,pronoun,"Had Miss Bingley known what pain she was then giving her beloved friend, she undoubtedly would have refrained from the hint; but she had merely intend"
darcy,opinion,male,name,"Had Miss Bingley known what pain she was then giving her beloved friend, she undoubtedly would have refrained from the hint; but she had merely intend"
her,family,female,pronoun,"Had Miss Bingley known what pain she was then giving her beloved friend, she undoubtedly would have refrained from the hint; but she had merely intend"
bingley,connection,male,name,"To no creature had it been revealed, where secrecy was possible, except to Elizabeth; and from all Bingley’s connections her brother was particularly "
her,brother,female,pronoun,"To no creature had it been revealed, where secrecy was possible, except to Elizabeth; and from all Bingley’s connections her brother was particularly "
her,own,female,pronoun,"To no creature had it been revealed, where secrecy was possible, except to Elizabeth; and from all Bingley’s connections her brother was particularly "
his,endeavour,male,pronoun,"He had certainly formed such a plan; and without meaning that it should affect his endeavour to separate him from Miss Bennet, it is probable that it "
his,concern,male,pronoun,"He had certainly formed such a plan; and without meaning that it should affect his endeavour to separate him from Miss Bennet, it is probable that it "
his,friend,male,pronoun,"He had certainly formed such a plan; and without meaning that it should affect his endeavour to separate him from Miss Bennet, it is probable that it "
his,emotion,male,pronoun,"Elizabeth’s collected behaviour, however, soon quieted his emotion; and as Miss Bingley, vexed and disappointed, dared not approach nearer to Wickham,"
her,brother,female,pronoun,"Her brother, whose eye she feared to meet, scarcely recollected her interest in the affair; and the very circumstance which had been designed to turn "
her,interest,female,pronoun,"Her brother, whose eye she feared to meet, scarcely recollected her interest in the affair; and the very circumstance which had been designed to turn "
his,thought,male,pronoun,"Her brother, whose eye she feared to meet, scarcely recollected her interest in the affair; and the very circumstance which had been designed to turn "
her,more,female,pronoun,"Her brother, whose eye she feared to meet, scarcely recollected her interest in the affair; and the very circumstance which had been designed to turn "
her,feeling,female,pronoun,"Their visit did not continue long after the question and answer above mentioned; and while Mr. Darcy was attending them to their carriage, Miss Bingle"
elizabeth,person,female,name,"Their visit did not continue long after the question and answer above mentioned; and while Mr. Darcy was attending them to their carriage, Miss Bingle"
her,brother,female,pronoun,"Her brother’s recommendation was enough to insure her favour: his judgment could not err; and he had spoken in such terms of Elizabeth, as to leave Ge"
brother,recommendation,male,role_noun,"Her brother’s recommendation was enough to insure her favour: his judgment could not err; and he had spoken in such terms of Elizabeth, as to leave Ge"
her,favour,female,pronoun,"Her brother’s recommendation was enough to insure her favour: his judgment could not err; and he had spoken in such terms of Elizabeth, as to leave Ge"
his,judgment,male,pronoun,"Her brother’s recommendation was enough to insure her favour: his judgment could not err; and he had spoken in such terms of Elizabeth, as to leave Ge"
his,sister,male,pronoun,"When Darcy returned to the saloon, Miss Bingley could not help repeating to him some part of what she had been saying to his sister."
her,face,female,pronoun,Her face is too thin; her complexion has no brilliancy; and her features are not at all handsome.
her,complexion,female,pronoun,Her face is too thin; her complexion has no brilliancy; and her features are not at all handsome.
her,feature,female,pronoun,Her face is too thin; her complexion has no brilliancy; and her features are not at all handsome.
her,nose,female,pronoun,Her nose wants character; there is nothing marked in its lines.
her,tooth,female,pronoun,"Her teeth are tolerable, but not out of the common way; and as for her eyes, which have sometimes been called so fine, I never could perceive anything"
her,eye,female,pronoun,"Her teeth are tolerable, but not out of the common way; and as for her eyes, which have sometimes been called so fine, I never could perceive anything"
her,air,female,pronoun,"They have a sharp, shrewish look, which I do not like at all; and in her air altogether, there is a self-sufficiency without fashion, which is intoler"
her,mother,female,pronoun,I should as soon call her mother a wit.’
his,sister,male,pronoun,"They talked of his sister, his friends, his house, his fruit, of everything but himself; yet Elizabeth was longing to know what Mrs. Gardiner thought "
his,friend,male,pronoun,"They talked of his sister, his friends, his house, his fruit, of everything but himself; yet Elizabeth was longing to know what Mrs. Gardiner thought "
his,house,male,pronoun,"They talked of his sister, his friends, his house, his fruit, of everything but himself; yet Elizabeth was longing to know what Mrs. Gardiner thought "
his,fruit,male,pronoun,"They talked of his sister, his friends, his house, his fruit, of everything but himself; yet Elizabeth was longing to know what Mrs. Gardiner thought "
her,niece,female,pronoun,"They talked of his sister, his friends, his house, his fruit, of everything but himself; yet Elizabeth was longing to know what Mrs. Gardiner thought "
her,repine,female,pronoun,[Illustration] Elizabeth had been a good deal disappointed in not finding a letter from Jane on their first arrival at Lambton; and this disappointmen
her,sister,female,pronoun,[Illustration] Elizabeth had been a good deal disappointed in not finding a letter from Jane on their first arrival at Lambton; and this disappointmen
her,uncle,female,pronoun,"They had just been preparing to walk as the letters came in; and her uncle and aunt, leaving her to enjoy them in quiet, set off by themselves."
his,officer,male,pronoun,"An express came at twelve last night, just as we were all gone to bed, from Colonel Forster, to inform us that she was gone off to Scotland with one o"
his,character,male,pronoun,"But I am willing to hope the best, and that his character has been misunderstood."
his,choice,male,pronoun,"His choice is disinterested at least, for he must know my father can give her nothing."
his,wife,male,pronoun,"Lydia left a few lines for his wife, informing her of their intention."
lydia,letter,female,name,"Though Lydia’s short letter to Mrs. F. gave them to understand that they were going to Gretna Green, something was dropped by Denny expressing his bel"
his,belief,male,pronoun,"Though Lydia’s short letter to Mrs. F. gave them to understand that they were going to Gretna Green, something was dropped by Denny expressing his bel"
his,apprehension,male,pronoun,"With the kindest concern he came on to Longbourn, and broke his apprehensions to us in a manner most creditable to his heart."
his,heart,male,pronoun,"With the kindest concern he came on to Longbourn, and broke his apprehensions to us in a manner most creditable to his heart."
lydia,connection,female,name,Many circumstances might make it more eligible for them to be married privately in town than to pursue their first plan; and even if _he_ could form s
his,head,male,pronoun,"I grieve to find, however, that Colonel F. is not disposed to depend upon their marriage: he shook his head when I expressed my hopes, and said he fea"
her,room,female,pronoun,"My poor mother is really ill, and keeps her room."
his,distress,male,pronoun,"What he means to do, I am sure I know not; but his excessive distress will not allow him to pursue any measure in the best and safest way, and Colonel"
his,goodness,male,pronoun,"In such an exigence my uncle’s advice and assistance would be everything in the world; he will immediately comprehend what I must feel, and I rely upo"
her,seat,female,pronoun,"“Oh! where, where is my uncle?” cried Elizabeth, darting from her seat as she finished the letter, in eagerness to follow him, without losing a moment"
her,face,female,pronoun,"Her pale face and impetuous manner made him start, and before he could recover himself enough to speak, she, in whose mind every idea was superseded b"
lydia,situation,female,name,"Her pale face and impetuous manner made him start, and before he could recover himself enough to speak, she, in whose mind every idea was superseded b"
her,knee,female,pronoun,"Elizabeth hesitated; but her knees trembled under her, and she felt how little would be gained by her attempting to pursue them."
his,master,male,pronoun,"Calling back the servant, therefore, she commissioned him, though in so breathless an accent as made her almost unintelligible, to fetch his master an"
his,quit,male,pronoun,"On his quitting the room, she sat down, unable to support herself, and looking so miserably ill, that it was impossible for Darcy to leave her, or to "
his,illustration,male,pronoun,"Darcy, in wretched suspense, could only say something indistinctly of his [Illustration: “I have not an instant to lose” ] concern, and observe her in"
her,friend,female,pronoun,My youngest sister has left all her friends--has eloped; has thrown herself into the power of--of Mr. Wickham.
his,character,male,pronoun,"Had his character been known, this could not have happened."
his,head,male,pronoun,Darcy shook his head in silent acquiescence.
his,character,male,pronoun,"“When _my_ eyes were opened to his real character, oh! had I known what I ought, what I dared to do!"
his,brow,male,pronoun,"He seemed scarcely to hear her, and was walking up and down the room in earnest meditation; his brow contracted, his air gloomy."
his,gloomy,male,pronoun,"He seemed scarcely to hear her, and was walking up and down the room in earnest meditation; his brow contracted, his air gloomy."
her,power,female,pronoun,"Her power was sinking; everything _must_ sink under such a proof of family weakness, such an assurance of the deepest disgrace."
his,conquest,male,pronoun,"She could neither wonder nor condemn; but the belief of his self-conquest brought nothing consolatory to her bosom, afforded no palliation of her dist"
her,bosom,female,pronoun,"She could neither wonder nor condemn; but the belief of his self-conquest brought nothing consolatory to her bosom, afforded no palliation of her dist"
her,distress,female,pronoun,"She could neither wonder nor condemn; but the belief of his self-conquest brought nothing consolatory to her bosom, afforded no palliation of her dist"
her,wish,female,pronoun,"It was, on the contrary, exactly calculated to make her understand her own wishes; and never had she so honestly felt that she could have loved him, a"
her,face,female,pronoun,"Lydia--the humiliation, the misery she was bringing on them all--soon swallowed up every private care; and covering her face with her handkerchief, El"
her,handkerchief,female,pronoun,"Lydia--the humiliation, the misery she was bringing on them all--soon swallowed up every private care; and covering her face with her handkerchief, El"
her,situation,female,pronoun,"Lydia--the humiliation, the misery she was bringing on them all--soon swallowed up every private care; and covering her face with her handkerchief, El"
her,companion,female,pronoun,"Lydia--the humiliation, the misery she was bringing on them all--soon swallowed up every private care; and covering her face with her handkerchief, El"
his,secrecy,male,pronoun,"He readily assured her of his secrecy, again expressed his sorrow for her distress, wished it a happier conclusion than there was at present reason to"
his,sorrow,male,pronoun,"He readily assured her of his secrecy, again expressed his sorrow for her distress, wished it a happier conclusion than there was at present reason to"
her,distress,female,pronoun,"He readily assured her of his secrecy, again expressed his sorrow for her distress, wished it a happier conclusion than there was at present reason to"
his,compliment,male,pronoun,"He readily assured her of his secrecy, again expressed his sorrow for her distress, wished it a happier conclusion than there was at present reason to"
her,relation,female,pronoun,"He readily assured her of his secrecy, again expressed his sorrow for her distress, wished it a happier conclusion than there was at present reason to"
elizabeth,change,female,name,"If gratitude and esteem are good foundations of affection, Elizabeth’s change of sentiment will be neither improbable nor faulty."
her,defence,female,pronoun,"But if otherwise, if the regard springing from such sources is unreasonable or unnatural, in comparison of what is so often described as arising on a "
her,partiality,female,pronoun,"But if otherwise, if the regard springing from such sources is unreasonable or unnatural, in comparison of what is so often described as arising on a "
lydia,infamy,female,name,"Be that as it may, she saw him go with regret; and in this early example of what Lydia’s infamy must produce, found additional anguish as she reflecte"
jane,letter,female,name,Never since reading Jane’s second letter had she entertained a hope of Wickham’s meaning to marry her.
wickham,meaning,male,name,Never since reading Jane’s second letter had she entertained a hope of Wickham’s meaning to marry her.
her,feeling,female,pronoun,Surprise was the least of all her feelings on this development.
her,mind,female,pronoun,"While the contents of the first letter remained on her mind, she was all surprise, all astonishment, that Wickham should marry a girl whom it was impo"
her,virtue,female,pronoun,"For such an attachment as this, she might have sufficient charms; and though she did not suppose Lydia to be deliberately engaging in an elopement, wi"
her,understanding,female,pronoun,"For such an attachment as this, she might have sufficient charms; and though she did not suppose Lydia to be deliberately engaging in an elopement, wi"
her,favourite,female,pronoun,"Sometimes one officer, sometimes another, had been her favourite, as their attentions raised them in her opinion."
her,opinion,female,pronoun,"Sometimes one officer, sometimes another, had been her favourite, as their attentions raised them in her opinion."
her,affection,female,pronoun,"Her affections had been continually fluctuating, but never without an object."
her,uncle,female,pronoun,"She was wild to be at home--to hear, to see, to be upon the spot to share with Jane in the cares that must now fall wholly upon her, in a family so de"
her,impatience,female,pronoun,"She was wild to be at home--to hear, to see, to be upon the spot to share with Jane in the cares that must now fall wholly upon her, in a family so de"
his,power,male,pronoun,"Not Lydia only, but all were concerned in it; and after the first exclamations of surprise and horror, Mr. Gardiner readily promised every assistance "
her,room,female,pronoun,"“What is all settled?” repeated the other, as she ran into her room to prepare."
her,share,female,pronoun,"Had Elizabeth been at leisure to be idle, she would have remained certain that all employment was impossible to one so wretched as herself; but she ha"
her,aunt,female,pronoun,"Had Elizabeth been at leisure to be idle, she would have remained certain that all employment was impossible to one so wretched as herself; but she ha"
his,account,male,pronoun,"An hour, however, saw the whole completed; and Mr. Gardiner, meanwhile, having settled his account at the inn, nothing remained to be done but to go; "
her,uncle,female,pronoun,"[Illustration] “I have been thinking it over again, Elizabeth,” said her uncle, as they drove from the town; “and really, upon serious consideration, "
his,family,male,pronoun,"It appears to me so very unlikely that any young man should form such a design against a girl who is by no means unprotected or friendless, and who wa"
her,friend,female,pronoun,Could he expect that her friends would not step forward?
his,temptation,male,pronoun,His temptation is not adequate to the risk.”
his,interest,male,pronoun,“Not perhaps of neglecting his own interest.
his,friend,male,pronoun,"His most particular friend, you see by Jane’s account, was persuaded of his never intending to marry her."
jane,account,female,name,"His most particular friend, you see by Jane’s account, was persuaded of his never intending to marry her."
her,sake,female,pronoun,"And what claims has Lydia, what attractions has she beyond youth, health, and good humour, that could make him for her sake forego every chance of ben"
father,behaviour,male,role_noun,"Lydia has no brothers to step forward; and he might imagine, from my father’s behaviour, from his indolence and the little attention he has ever seeme"
his,indolence,male,pronoun,"Lydia has no brothers to step forward; and he might imagine, from my father’s behaviour, from his indolence and the little attention he has ever seeme"
his,family,male,pronoun,"Lydia has no brothers to step forward; and he might imagine, from my father’s behaviour, from his indolence and the little attention he has ever seeme"
her,eye,female,pronoun,"“It does seem, and it is most shocking, indeed,” replied Elizabeth, with tears in her eyes, “that a sister’s sense of decency and virtue in such a poi"
sister,sense,female,role_noun,"“It does seem, and it is most shocking, indeed,” replied Elizabeth, with tears in her eyes, “that a sister’s sense of decency and virtue in such a poi"
her,justice,female,pronoun,Perhaps I am not doing her justice.
her,time,female,pronoun,"She has been allowed to dispose of her time in the most idle and frivolous manner, and to adopt any opinions that came in her way."
her,way,female,pronoun,"She has been allowed to dispose of her time in the most idle and frivolous manner, and to adopt any opinions that came in her way."
her,head,female,pronoun,"Since the ----shire were first quartered in Meryton, nothing but love, flirtation, and officers, have been in her head."
her,power,female,pronoun,"She has been doing everything in her power, by thinking and talking on the subject, to give greater--what shall I call it?--susceptibility to her feel"
her,feeling,female,pronoun,"She has been doing everything in her power, by thinking and talking on the subject, to give greater--what shall I call it?--susceptibility to her feel"
her,aunt,female,pronoun,"“But you see that Jane,” said her aunt, “does not think so ill of Wickham, as to believe him capable of the attempt.”"
her,intelligence,female,pronoun,"“And do you really know all this?” cried Mrs. Gardiner, whose curiosity as to the mode of her intelligence was all alive."
his,behaviour,male,pronoun,"“I told you the other day of his infamous behaviour to Mr. Darcy; and you, yourself, when last at Longbourn, heard in what manner he spoke of the man "
his,lie,male,pronoun,And there are other circumstances which I am not at liberty--which it is not worth while to relate; but his lies about the whole Pemberley family are 
his,relation,male,pronoun,"Till I was in Kent, and saw so much both of Mr. Darcy and his relation Colonel Fitzwilliam, I was ignorant of the truth myself."
her,eye,female,pronoun,"And even when it was settled that Lydia should go with Mrs. Forster, the necessity of opening her eyes to his character never occurred to me."
his,character,male,pronoun,"And even when it was settled that Lydia should go with Mrs. Forster, the necessity of opening her eyes to his character never occurred to me."
her,sense,female,pronoun,Every girl in or near Meryton was out of her senses about him for the first two months: but he never distinguished _her_ by any particular attention; 
her,fancy,female,pronoun,Every girl in or near Meryton was out of her senses about him for the first two months: but he never distinguished _her_ by any particular attention; 
her,favourite,female,pronoun,Every girl in or near Meryton was out of her senses about him for the first two months: but he never distinguished _her_ by any particular attention; 
elizabeth,thought,female,name,From Elizabeth’s thoughts it was never absent.
her,mother,female,pronoun,"Elizabeth jumped out; and after giving each of them a hasty kiss, hurried into the vestibule, where Jane, who came running downstairs from her mother’"
mother,apartment,female,role_noun,"Elizabeth jumped out; and after giving each of them a hasty kiss, hurried into the vestibule, where Jane, who came running downstairs from her mother’"
his,direction,male,pronoun,"He wrote me a few lines on Wednesday, to say that he had arrived in safety, and to give me his directions, which I particularly begged him to do."
her,spirit,female,pronoun,"“My mother is tolerably well, I trust; though her spirits are greatly shaken."
her,room,female,pronoun,She does not yet leave her dressing-room.
her,sister,female,pronoun,"Her sister, however, assured her of her being perfectly well; and their conversation, which had been passing while Mr. and Mrs. Gardiner were engaged "
her,uncle,female,pronoun,"Jane ran to her uncle and aunt, and welcomed and thanked them both, with alternate smiles and tears."
her,heart,female,pronoun,"The sanguine hope of good, however, which the benevolence of her heart suggested, had not yet deserted her; she still expected that it would all end w"
her,father,female,pronoun,"The sanguine hope of good, however, which the benevolence of her heart suggested, had not yet deserted her; she still expected that it would all end w"
her,suffering,female,pronoun,"Mrs. Bennet, to whose apartment they all repaired, after a few minutes’ conversation together, received them exactly as might be expected; with tears "
her,daughter,female,pronoun,"Mrs. Bennet, to whose apartment they all repaired, after a few minutes’ conversation together, received them exactly as might be expected; with tears "
his,grave,male,pronoun,"The Collinses will turn us out, before he is cold in his grave; and if you are not kind to us, brother, I do not know what we shall do.”"
his,affection,male,pronoun,"They all exclaimed against such terrific ideas; and Mr. Gardiner, after general assurances of his affection for her and all her family, told her that "
her,family,female,pronoun,"They all exclaimed against such terrific ideas; and Mr. Gardiner, after general assurances of his affection for her and all her family, told her that "
her,clothe,female,pronoun,"And tell my dear Lydia not to give any directions about her clothes till she has seen me, for she does not know which are the best warehouses."
his,endeavour,male,pronoun,"But Mr. Gardiner, though he assured her again of his earnest endeavours in the cause, could not avoid recommending moderation to her, as well in her h"
her,hope,female,pronoun,"But Mr. Gardiner, though he assured her again of his earnest endeavours in the cause, could not avoid recommending moderation to her, as well in her h"
her,fear,female,pronoun,"But Mr. Gardiner, though he assured her again of his earnest endeavours in the cause, could not avoid recommending moderation to her, as well in her h"
her,feeling,female,pronoun,"But Mr. Gardiner, though he assured her again of his earnest endeavours in the cause, could not avoid recommending moderation to her, as well in her h"
her,daughter,female,pronoun,"But Mr. Gardiner, though he assured her again of his earnest endeavours in the cause, could not avoid recommending moderation to her, as well in her h"
her,brother,female,pronoun,"Though her brother and sister were persuaded that there was no real occasion for such a seclusion from the family, they did not attempt to oppose it; "
her,tongue,female,pronoun,"Though her brother and sister were persuaded that there was no real occasion for such a seclusion from the family, they did not attempt to oppose it; "
her,fear,female,pronoun,"Though her brother and sister were persuaded that there was no real occasion for such a seclusion from the family, they did not attempt to oppose it; "
her,book,female,pronoun,"One came from her books, and the other from her toilette."
her,toilette,female,pronoun,"One came from her books, and the other from her toilette."
her,sister,female,pronoun,"The faces of both, however, were tolerably calm; and no change was visible in either, except that the loss of her favourite sister, or the anger which"
her,reputation,female,pronoun,"Then perceiving in Elizabeth no inclination of replying, she added, “Unhappy as the event must be for Lydia, we may draw from it this useful lesson:--"
her,behaviour,female,pronoun,"Then perceiving in Elizabeth no inclination of replying, she added, “Unhappy as the event must be for Lydia, we may draw from it this useful lesson:--"
her,eye,female,pronoun,"Elizabeth lifted up her eyes in amazement, but was too much oppressed to make any reply."
lydia,side,female,name,"“Colonel Forster did own that he had often suspected some partiality, especially on Lydia’s side, but nothing to give him any alarm."
his,behaviour,male,pronoun,His behaviour was attentive and kind to the utmost.
his,concern,male,pronoun,"He _was_ coming to us, in order to assure us of his concern, before he had any idea of their not being gone to Scotland: when that apprehension first "
his,journey,male,pronoun,"He _was_ coming to us, in order to assure us of his concern, before he had any idea of their not being gone to Scotland: when that apprehension first "
his,opinion,male,pronoun,"“Yes; but when questioned by _him_, Denny denied knowing anything of their plan, and would not give his real opinion about it."
his,persuasion,male,pronoun,"He did not repeat his persuasion of their not marrying, and from _that_"
sister,happiness,female,role_noun,"I felt a little uneasy--a little fearful of my sister’s happiness with him in marriage, because I knew that his conduct had not been always quite righ"
his,conduct,male,pronoun,"I felt a little uneasy--a little fearful of my sister’s happiness with him in marriage, because I knew that his conduct had not been always quite righ"
lydia,letter,female,name,"Kitty then owned, with a very natural triumph on knowing more than the rest of us, that in Lydia’s last letter she had prepared her for such a step."
his,character,male,pronoun,Does he know his real character?”
her,sister,female,pronoun,"“Perhaps it would have been better,” replied her sister."
lydia,note,female,name,“Could Colonel Forster repeat the particulars of Lydia’s note to his wife?”
his,wife,male,pronoun,“Could Colonel Forster repeat the particulars of Lydia’s note to his wife?”
her,book,female,pronoun,"Jane then took it from her pocket-book, and gave it to Elizabeth."
her,journey,female,pronoun,But at least it shows that _she_ was serious in the object of her journey.
her,side,female,pronoun,"Whatever he might afterwards persuade her to, it was not on her side a _scheme_ of infamy."
her,hour,female,pronoun,"Kitty is slight and delicate, and Mary studies so much that her hours of repose should not be broken in on."
her,service,female,pronoun,"She was of great use and comfort to us all, and Lady Lucas has been very kind: she walked here on Wednesday morning to condole with us, and offered he"
her,daughter,female,pronoun,"She was of great use and comfort to us all, and Lady Lucas has been very kind: she walked here on Wednesday morning to condole with us, and offered he"
her,father,female,pronoun,"She then proceeded to inquire into the measures which her father had intended to pursue, while in town, for the recovery of his daughter."
his,daughter,male,pronoun,"She then proceeded to inquire into the measures which her father had intended to pursue, while in town, for the recovery of his daughter."
his,object,male,pronoun,His principal object must be to discover the number of the hackney coach which took them from Clapham.
his,fare,male,pronoun,"If he could anyhow discover at what house the coachman had before set down his fare, he determined to make inquiries there, and hoped it might not be "
his,spirit,male,pronoun,"I do not know of any other designs that he had formed; but he was in such a hurry to be gone, and his spirits so greatly discomposed, that I had diffi"
his,family,male,pronoun,"His family knew him to be, on all common occasions, a most negligent and dilatory correspondent; but at such a time they had hoped for exertion."
his,sister,male,pronoun,"When he was gone, they were certain at least of receiving constant information of what was going on; and their uncle promised, at parting, to prevail "
her,husband,female,pronoun,"When he was gone, they were certain at least of receiving constant information of what was going on; and their uncle promised, at parting, to prevail "
her,presence,female,pronoun,"Mrs. Gardiner and the children were to remain in Hertfordshire a few days longer, as the former thought her presence might be serviceable to her niece"
her,niece,female,pronoun,"Mrs. Gardiner and the children were to remain in Hertfordshire a few days longer, as the former thought her presence might be serviceable to her niece"
wickham,extravagance,male,name,"Their other aunt also visited them frequently, and always, as she said, with the design of cheering and heartening them up--though, as she never came "
his,intrigue,male,pronoun,"He was declared to be in debt to every tradesman in the place, and his intrigues, all honoured with the title of seduction, had been extended into eve"
his,goodness,male,pronoun,Everybody declared that he was the wickedest young man in the world; and everybody began to find out that they had always distrusted the appearance of
her,assurance,female,pronoun,"Elizabeth, though she did not credit above half of what was said, believed enough to make her former assurance of her sister’s ruin still more certain"
her,sister,female,pronoun,"Elizabeth, though she did not credit above half of what was said, believed enough to make her former assurance of her sister’s ruin still more certain"
sister,ruin,female,role_noun,"Elizabeth, though she did not credit above half of what was said, believed enough to make her former assurance of her sister’s ruin still more certain"
his,wife,male,pronoun,"Mr. Gardiner left Longbourn on Sunday; on Tuesday, his wife received a letter from him: it told them, that on his arrival he had immediately found out"
his,arrival,male,pronoun,"Mr. Gardiner left Longbourn on Sunday; on Tuesday, his wife received a letter from him: it told them, that on his arrival he had immediately found out"
his,brother,male,pronoun,"Mr. Gardiner left Longbourn on Sunday; on Tuesday, his wife received a letter from him: it told them, that on his arrival he had immediately found out"
his,arrival,male,pronoun,"That Mr. Bennet had been to Epsom and Clapham, before his arrival, but without gaining any satisfactory information; and that he was now determined to"
his,brother,male,pronoun,"Mr. Gardiner himself did not expect any success from this measure; but as his brother was eager in it, he meant to assist him in pursuing it."
man,intimate,male,role_noun,"There was also a postscript to this effect:-- “I have written to Colonel Forster to desire him to find out, if possible, from some of the young man’s "
his,power,male,pronoun,"Colonel Forster will, I dare say, do everything in his power to satisfy us on this head."
her,authority,female,pronoun,Elizabeth was at no loss to understand from whence this deference for her authority proceeded; but it was not in her power to give any information of 
her,power,female,pronoun,Elizabeth was at no loss to understand from whence this deference for her authority proceeded; but it was not in her power to give any information of 
his,companion,male,pronoun,"It was possible, however, that some of his companions in the ----shire might be able to give more information; and though she was not very sanguine in"
his,absence,male,pronoun,"But before they heard again from Mr. Gardiner, a letter arrived for their father, from a different quarter, from Mr. Collins; which, as Jane had recei"
his,letter,male,pronoun,"But before they heard again from Mr. Gardiner, a letter arrived for their father, from a different quarter, from Mr. Collins; which, as Jane had recei"
her,disposition,female,pronoun,"[_Copyright 1894 by George Allen._]] daughter has proceeded from a faulty degree of indulgence; though, at the same time, for the consolation of yours"
her,daughter,female,pronoun,"Howsoever that may be, you are grievously to be pitied; in which opinion I am not only joined by Mrs. Collins, but likewise by Lady Catherine and her "
her,offence,female,pronoun,"Let me advise you, then, my dear sir, to console yourself as much as possible, to throw off your unworthy child from your affection for ever, and leav"
his,acquaintance,male,pronoun,"His former acquaintance had been numerous; but since he had been in the militia, it did not appear that he was on terms of particular friendship with "
his,finance,male,pronoun,"And in the wretched state of his own finances, there was a very powerful motive for secrecy, in addition to his fear of discovery by Lydia’s relations"
his,fear,male,pronoun,"And in the wretched state of his own finances, there was a very powerful motive for secrecy, in addition to his fear of discovery by Lydia’s relations"
lydia,relation,female,name,"And in the wretched state of his own finances, there was a very powerful motive for secrecy, in addition to his fear of discovery by Lydia’s relations"
his,expense,male,pronoun,Colonel Forster believed that more than a thousand pounds would be necessary to clear his expenses at Brighton.
his,debt,male,pronoun,"He owed a good deal in the town, but his debts of honour were still more formidable."
his,letter,male,pronoun,"Mr. Gardiner added, in his letter, that they might expect to see their father at home on the following day, which was Saturday."
his,brother,male,pronoun,"Rendered spiritless by the ill success of all their endeavours, he had yielded to his brother-in-law’s entreaty that he would return to his family and"
his,family,male,pronoun,"Rendered spiritless by the ill success of all their endeavours, he had yielded to his brother-in-law’s entreaty that he would return to his family and"
her,child,female,pronoun,"When Mrs. Bennet was told of this, she did not express so much satisfaction as her children expected, considering what her anxiety for his life had be"
her,anxiety,female,pronoun,"When Mrs. Bennet was told of this, she did not express so much satisfaction as her children expected, considering what her anxiety for his life had be"
his,life,male,pronoun,"When Mrs. Bennet was told of this, she did not express so much satisfaction as her children expected, considering what her anxiety for his life had be"
her,child,female,pronoun,"As Mrs. Gardiner began to wish to be at home, it was settled that she and her children should go to London at the same time that Mr. Bennet came from "
her,friend,female,pronoun,"Mrs. Gardiner went away in all the perplexity about Elizabeth and her Derbyshire friend, that had attended her from that part of the world."
his,name,male,pronoun,"His name had never been voluntarily mentioned before them by her niece; and the kind of half-expectation which Mrs. Gardiner had formed, of their bein"
her,niece,female,pronoun,"His name had never been voluntarily mentioned before them by her niece; and the kind of half-expectation which Mrs. Gardiner had formed, of their bein"
her,return,female,pronoun,"Elizabeth had received none since her return, that could come from Pemberley."
her,spirit,female,pronoun,"The present unhappy state of the family rendered any other excuse for the lowness of her spirits unnecessary; nothing, therefore, could be fairly conj"
her,feeling,female,pronoun,"The present unhappy state of the family rendered any other excuse for the lowness of her spirits unnecessary; nothing, therefore, could be fairly conj"
his,composure,male,pronoun,"When Mr. Bennet arrived, he had all the appearance of his usual philosophic composure."
his,daughter,male,pronoun,He said as little as he had ever been in the habit of saying; made no mention of the business that had taken him away; and it was some time before his
her,sorrow,female,pronoun,"It was not till the afternoon, when he joined them at tea, that Elizabeth ventured to introduce the subject; and then, on her briefly expressing her s"
her,father,female,pronoun,"“She is happy, then,” said her father, drily; “and her residence there will probably be of some duration.”"
her,residence,female,pronoun,"“She is happy, then,” said her father, drily; “and her residence there will probably be of some duration.”"
her,mother,female,pronoun,"They were interrupted by Miss Bennet, who came to fetch her mother’s tea."
mother,tea,female,role_noun,"They were interrupted by Miss Bennet, who came to fetch her mother’s tea."
bennet,return,male,name,"[Illustration] Two days after Mr. Bennet’s return, as Jane and Elizabeth were walking together in the shrubbery behind the house, they saw the houseke"
his,way,male,pronoun,"Upon this information, they instantly passed through the hall once more, and ran across the lawn after their father, who was deliberately pursuing his"
her,sister,female,pronoun,"Jane, who was not so light, nor so much in the habit of running as Elizabeth, soon lagged behind, while her sister, panting for breath, came up with h"
his,pocket,male,pronoun,"“What is there of good to be expected?” said he, taking the letter from his pocket; “but perhaps you would like to read it.”"
his,hand,male,pronoun,Elizabeth impatiently caught it from his hand.
her,share,female,pronoun,"All that is required of you is, to assure to your daughter, by settlement, her equal share of the five thousand pounds, secured among your children af"
wickham,circumstance,male,name,"You will easily comprehend, from these particulars, that Mr. Wickham’s circumstances are not so hopeless as they are generally believed to be."
his,debt,male,pronoun,"The world has been deceived in that respect; and I am happy to say, there will be some little money, even when all his debts are discharged, to settle"
her,fortune,female,pronoun,"The world has been deceived in that respect; and I am happy to say, there will be some little money, even when all his debts are discharged, to settle"
her,sister,female,pronoun,"“Wickham is not so undeserving, then, as we have thought him,” said her sister."
his,ask,male,pronoun,I am only ashamed of his asking so little.”
his,sense,male,pronoun,"“I mean that no man in his proper senses would marry Lydia on so slight a temptation as one hundred a year during my life, and fifty after I am gone.”"
his,debt,male,pronoun,"His debts to be discharged, and something still to remain!"
her,father,female,pronoun,"“No,” said her father."
wickham,fool,male,name,"“Wickham’s a fool if he takes her with a farthing less than ten thousand pounds: I should be sorry to think so ill of him, in the very beginning of ou"
his,character,male,pronoun,"That they should marry, small as is their chance of happiness, and wretched as is his character, we are forced to rejoice!"
his,own,male,pronoun,"He has children of his own, and may have more."
wickham,debt,male,name,"“If we are ever able to learn what Wickham’s debts have been,” said Elizabeth, “and how much is settled on his side on our sister, we shall exactly kn"
his,side,male,pronoun,"“If we are ever able to learn what Wickham’s debts have been,” said Elizabeth, “and how much is settled on his side on our sister, we shall exactly kn"
his,own,male,pronoun,"“If we are ever able to learn what Wickham’s debts have been,” said Elizabeth, “and how much is settled on his side on our sister, we shall exactly kn"
her,home,female,pronoun,"Their taking her home, and affording her their personal protection and countenance, is such a sacrifice to her advantage as years of gratitude cannot "
her,advantage,female,pronoun,"Their taking her home, and affording her their personal protection and countenance, is such a sacrifice to her advantage as years of gratitude cannot "
his,consent,male,pronoun,"His consenting to marry her is a proof, I will believe, that he is come to a right way of thinking."
his,head,male,pronoun,"He was writing, and, without raising his head, coolly replied,-- “Just as you please.”"
his,table,male,pronoun,"Elizabeth took the letter from his writing-table, and they went upstairs together."
her,joy,female,pronoun,"As soon as Jane had read Mr. Gardiner’s hope of Lydia’s being soon married, her joy burst forth, and every following sentence added to its exuberance."
her,daughter,female,pronoun,To know that her daughter would be married was enough.
her,felicity,female,pronoun,"She was disturbed by no fear for her felicity, nor humbled by any remembrance of her misconduct."
her,misconduct,female,pronoun,"She was disturbed by no fear for her felicity, nor humbled by any remembrance of her misconduct."
her,daughter,female,pronoun,"Her eldest daughter endeavoured to give some relief to the violence of these transports, by leading her thoughts to the obligations which Mr. Gardiner"
her,thought,female,pronoun,"Her eldest daughter endeavoured to give some relief to the violence of these transports, by leading her thoughts to the obligations which Mr. Gardiner"
his,kindness,male,pronoun,"“For we must attribute this happy conclusion,” she added, “in a great measure to his kindness."
her,mother,female,pronoun,"“Well,” cried her mother, “it is all very right; who should do it but her own uncle?"
her,uncle,female,pronoun,"“Well,” cried her mother, “it is all very right; who should do it but her own uncle?"
his,own,male,pronoun,"If he had not had a family of his own, I and my children must have had all his money, you know; and it is the first time we have ever had anything fro"
his,money,male,pronoun,"If he had not had a family of his own, I and my children must have had all his money, you know; and it is the first time we have ever had anything fro"
her,father,female,pronoun,"She was then proceeding to all the particulars of calico, muslin, and cambric, and would shortly have dictated some very plentiful orders, had not Jan"
her,mother,female,pronoun,"One day’s delay, she observed, would be of small importance; and her mother was too happy to be quite so obstinate as usual."
her,head,female,pronoun,"Other schemes, too, came into her head."
her,wedding,female,pronoun,Miss Lydia is going to be married; and you shall all have a bowl of punch to make merry at her wedding.”
her,joy,female,pronoun,Mrs. Hill began instantly to express her joy.
her,congratulation,female,pronoun,"Elizabeth received her congratulations amongst the rest, and then, sick of this folly, took refuge in her own room, that she might think with freedom."
her,room,female,pronoun,"Elizabeth received her congratulations amongst the rest, and then, sick of this folly, took refuge in her own room, that she might think with freedom."
lydia,situation,female,name,"Poor Lydia’s situation must, at best, be bad enough; but that it was no worse, she had need to be thankful."
her,sister,female,pronoun,"She felt it so; and though, in looking forward, neither rational happiness, nor worldly prosperity could be justly expected for her sister, in looking"
his,life,male,pronoun,"] CHAPTER L. [Illustration] Mr. Bennet had very often wished, before this period of his life, that, instead of spending his whole income, he had laid "
his,income,male,pronoun,"] CHAPTER L. [Illustration] Mr. Bennet had very often wished, before this period of his life, that, instead of spending his whole income, he had laid "
his,child,male,pronoun,"] CHAPTER L. [Illustration] Mr. Bennet had very often wished, before this period of his life, that, instead of spending his whole income, he had laid "
his,wife,male,pronoun,"] CHAPTER L. [Illustration] Mr. Bennet had very often wished, before this period of his life, that, instead of spending his whole income, he had laid "
his,duty,male,pronoun,"Had he done his duty in that respect, Lydia need not have been indebted to her uncle for whatever of honour or credit could now be purchased for her."
her,uncle,female,pronoun,"Had he done his duty in that respect, Lydia need not have been indebted to her uncle for whatever of honour or credit could now be purchased for her."
her,husband,female,pronoun,The satisfaction of prevailing on one of the most worthless young men in Great Britain to be her husband might then have rested in its proper place.
his,brother,male,pronoun,He was seriously concerned that a cause of so little advantage to anyone should be forwarded at the sole expense of his brother-in-law; and he was det
his,assistance,male,pronoun,He was seriously concerned that a cause of so little advantage to anyone should be forwarded at the sole expense of his brother-in-law; and he was det
lydia,birth,female,name,"Five daughters successively entered the world, but yet the son was to come; and Mrs. Bennet, for many years after Lydia’s birth, had been certain that"
her,husband,female,pronoun,Mrs. Bennet had no turn for economy; and her husband’s love of independence had alone prevented their exceeding their income.
husband,love,male,role_noun,Mrs. Bennet had no turn for economy; and her husband’s love of independence had alone prevented their exceeding their income.
his,brother,male,pronoun,"In terms of grateful acknowledgment for the kindness of his brother, though expressed most concisely, he then delivered on paper his perfect approbati"
his,approbation,male,pronoun,"In terms of grateful acknowledgment for the kindness of his brother, though expressed most concisely, he then delivered on paper his perfect approbati"
his,willingness,male,pronoun,"In terms of grateful acknowledgment for the kindness of his brother, though expressed most concisely, he then delivered on paper his perfect approbati"
his,daughter,male,pronoun,"He had never before supposed that, could Wickham be prevailed on to marry his daughter, it would be done with so little inconvenience to himself as by"
her,board,female,pronoun,"He would scarcely be ten pounds a year the loser, by the hundred that was to be paid them; for, what with her board and pocket allowance, and the cont"
her,mother,female,pronoun,"He would scarcely be ten pounds a year the loser, by the hundred that was to be paid them; for, what with her board and pocket allowance, and the cont"
mother,hand,female,role_noun,"He would scarcely be ten pounds a year the loser, by the hundred that was to be paid them; for, what with her board and pocket allowance, and the cont"
lydia,expense,female,name,"He would scarcely be ten pounds a year the loser, by the hundred that was to be paid them; for, what with her board and pocket allowance, and the cont"
his,side,male,pronoun,"That it would be done with such trifling exertion on his side, too, was another very welcome surprise; for his chief wish at present was to have as li"
his,wish,male,pronoun,"That it would be done with such trifling exertion on his side, too, was another very welcome surprise; for his chief wish at present was to have as li"
his,activity,male,pronoun,"When the first transports of rage which had produced his activity in seeking her were over, he naturally returned to all his former indolence."
his,indolence,male,pronoun,"When the first transports of rage which had produced his activity in seeking her were over, he naturally returned to all his former indolence."
his,letter,male,pronoun,"His letter was soon despatched; for though dilatory in undertaking business, he was quick in its execution."
his,brother,male,pronoun,He begged to know further particulars of what he was indebted to his brother; but was too angry with Lydia to send any message to her.
her,doing,female,pronoun,"But there was much to be talked of, in marrying her; and the good-natured wishes for her well-doing, which had proceeded before from all the spiteful "
her,misery,female,pronoun,"But there was much to be talked of, in marrying her; and the good-natured wishes for her well-doing, which had proceeded before from all the spiteful "
her,seat,female,pronoun,"It was a fortnight since Mrs. Bennet had been down stairs, but on this happy day she again took her seat at the head of her table, and in spirits oppr"
her,table,female,pronoun,"It was a fortnight since Mrs. Bennet had been down stairs, but on this happy day she again took her seat at the head of her table, and in spirits oppr"
her,triumph,female,pronoun,No sentiment of shame gave a damp to her triumph.
her,wish,female,pronoun,"The marriage of a daughter, which had been the first object of her wishes since Jane was sixteen, was now on the point of accomplishment, and her thou"
her,thought,female,pronoun,"The marriage of a daughter, which had been the first object of her wishes since Jane was sixteen, was now on the point of accomplishment, and her thou"
her,word,female,pronoun,"The marriage of a daughter, which had been the first object of her wishes since Jane was sixteen, was now on the point of accomplishment, and her thou"
her,daughter,female,pronoun,"She was busily searching through the neighbourhood for a proper situation for her daughter; and, without knowing or considering what their income migh"
she,mile,female,pronoun,"I could not bear to have her ten miles from me; and as for Purvis Lodge, the attics are dreadful.”"
her,husband,female,pronoun,Her husband allowed her to talk on without interruption while the servants remained.
her,husband,female,pronoun,"A long dispute followed this declaration; but Mr. Bennet was firm: it soon led to another; and Mrs. Bennet found, with amazement and horror, that her "
his,daughter,male,pronoun,"A long dispute followed this declaration; but Mr. Bennet was firm: it soon led to another; and Mrs. Bennet found, with amazement and horror, that her "
his,anger,male,pronoun,"That his anger could be carried to such a point of inconceivable resentment as to refuse his daughter a privilege, without which her marriage would sc"
his,daughter,male,pronoun,"That his anger could be carried to such a point of inconceivable resentment as to refuse his daughter a privilege, without which her marriage would sc"
her,marriage,female,pronoun,"That his anger could be carried to such a point of inconceivable resentment as to refuse his daughter a privilege, without which her marriage would sc"
her,want,female,pronoun,"She was more alive to the disgrace, which her want of new clothes must reflect on her daughter’s nuptials, than to any sense of shame at her eloping a"
her,daughter,female,pronoun,"She was more alive to the disgrace, which her want of new clothes must reflect on her daughter’s nuptials, than to any sense of shame at her eloping a"
daughter,nuptial,female,role_noun,"She was more alive to the disgrace, which her want of new clothes must reflect on her daughter’s nuptials, than to any sense of shame at her eloping a"
her,eloping,female,pronoun,"She was more alive to the disgrace, which her want of new clothes must reflect on her daughter’s nuptials, than to any sense of shame at her eloping a"
her,sister,female,pronoun,"Elizabeth was now most heartily sorry that she had, from the distress of the moment, been led to make Mr. Darcy acquainted with their fears for her si"
her,marriage,female,pronoun,"Elizabeth was now most heartily sorry that she had, from the distress of the moment, been led to make Mr. Darcy acquainted with their fears for her si"
his,mean,male,pronoun,"She had no fear of its spreading farther, through his means."
sister,frailty,female,role_noun,There were few people on whose secrecy she would have more confidently depended; but at the same time there was no one whose knowledge of a sister’s f
lydia,marriage,female,name,"Had Lydia’s marriage been concluded on the most honourable terms, it was not to be supposed that Mr. Darcy would connect himself with a family, where "
her,regard,female,pronoun,"The wish of procuring her regard, which she had assured herself of his feeling in Derbyshire, could not in rational expectation survive such a blow as"
his,feeling,male,pronoun,"The wish of procuring her regard, which she had assured herself of his feeling in Derbyshire, could not in rational expectation survive such a blow as"
his,esteem,male,pronoun,"She became jealous of his esteem, when she could no longer hope to be benefited by it."
his,sex,male,pronoun,"He was as generous, she doubted not, as the most generous of his sex."
his,understanding,male,pronoun,"His understanding and temper, though unlike her own, would have answered all her wishes."
her,own,female,pronoun,"His understanding and temper, though unlike her own, would have answered all her wishes."
her,wish,female,pronoun,"His understanding and temper, though unlike her own, would have answered all her wishes."
her,ease,female,pronoun,"It was an union that must have been to the advantage of both: by her ease and liveliness, his mind might have been softened, his manners improved; and"
his,mind,male,pronoun,"It was an union that must have been to the advantage of both: by her ease and liveliness, his mind might have been softened, his manners improved; and"
his,manner,male,pronoun,"It was an union that must have been to the advantage of both: by her ease and liveliness, his mind might have been softened, his manners improved; and"
his,judgment,male,pronoun,"It was an union that must have been to the advantage of both: by her ease and liveliness, his mind might have been softened, his manners improved; and"
his,brother,male,pronoun,Mr. Gardiner soon wrote again to his brother.
his,eagerness,male,pronoun,"To Mr. Bennet’s acknowledgments he briefly replied, with assurances of his eagerness to promote the welfare of any of his family; and concluded with e"
his,family,male,pronoun,"To Mr. Bennet’s acknowledgments he briefly replied, with assurances of his eagerness to promote the welfare of any of his family; and concluded with e"
his,letter,male,pronoun,"The principal purport of his letter was to inform them, that Mr. Wickham had resolved on quitting the militia."
his,marriage,male,pronoun,"“It was greatly my wish that he should do so,” he added, “as soon as his marriage was fixed on."
his,account,male,pronoun,"And I think you will agree with me, in considering a removal from that corps as highly advisable, both on his account and my niece’s."
wickham,intention,male,name,"It is Mr. Wickham’s intention to go into the Regulars; and, among his former friends, there are still some who are able and willing to assist him in t"
his,friend,male,pronoun,"It is Mr. Wickham’s intention to go into the Regulars; and, among his former friends, there are still some who are able and willing to assist him in t"
his,creditor,male,pronoun,"And will you give yourself the trouble of carrying similar assurances to his creditors in Meryton, of whom I shall subjoin a list, according to his in"
his,information,male,pronoun,"And will you give yourself the trouble of carrying similar assurances to his creditors in Meryton, of whom I shall subjoin a list, according to his in"
his,debt,male,pronoun,He has given in all his debts; I hope at least he has not deceived us.
his,regiment,male,pronoun,"They will then join his regiment, unless they are first invited to Longbourn; and I understand from Mrs. Gardiner that my niece is very desirous of se"
her,mother.--your,female,pronoun,"She is well, and begs to be dutifully remembered to you and her mother.--Yours, etc."
his,daughter,male,pronoun,"Mr. Bennet and his daughters saw all the advantages of Wickham’s removal from the ----shire, as clearly as Mr. Gardiner could do."
wickham,removal,male,name,"Mr. Bennet and his daughters saw all the advantages of Wickham’s removal from the ----shire, as clearly as Mr. Gardiner could do."
her,company,female,pronoun,"Lydia’s being settled in the north, just when she had expected most pleasure and pride in her company, for she had by no means given up her plan of th"
her,plan,female,pronoun,"Lydia’s being settled in the north, just when she had expected most pleasure and pride in her company, for she had by no means given up her plan of th"
his,daughter,male,pronoun,"His daughter’s request, for such it might be considered, of being admitted into her family again, before she set off for the north, received at first "
daughter,request,female,role_noun,"His daughter’s request, for such it might be considered, of being admitted into her family again, before she set off for the north, received at first "
her,family,female,pronoun,"His daughter’s request, for such it might be considered, of being admitted into her family again, before she set off for the north, received at first "
sister,feeling,female,role_noun,"But Jane and Elizabeth, who agreed in wishing, for the sake of their sister’s feelings and consequence, that she should be noticed on her marriage by "
her,marriage,female,pronoun,"But Jane and Elizabeth, who agreed in wishing, for the sake of their sister’s feelings and consequence, that she should be noticed on her marriage by "
her,parent,female,pronoun,"But Jane and Elizabeth, who agreed in wishing, for the sake of their sister’s feelings and consequence, that she should be noticed on her marriage by "
her,husband,female,pronoun,"But Jane and Elizabeth, who agreed in wishing, for the sake of their sister’s feelings and consequence, that she should be noticed on her marriage by "
her,daughter,female,pronoun,"And their mother had the satisfaction of knowing, that she should be able to show her married daughter in the neighbourhood, before she was banished t"
his,brother,male,pronoun,"When Mr. Bennet wrote again to his brother, therefore, he sent his permission for them to come; and it was settled, that, as soon as the ceremony was "
his,permission,male,pronoun,"When Mr. Bennet wrote again to his brother, therefore, he sent his permission for them to come; and it was settled, that, as soon as the ceremony was "
her,inclination,female,pronoun,"Elizabeth was surprised, however, that Wickham should consent to such a scheme; and, had she consulted only her own inclination, any meeting with him "
her,wish,female,pronoun,"Elizabeth was surprised, however, that Wickham should consent to such a scheme; and, had she consulted only her own inclination, any meeting with him "
sister,day,female,role_noun,[Illustration] Their sister’s wedding-day arrived; and Jane and Elizabeth felt for her probably more than she felt for herself.
her,sister,female,pronoun,"Their arrival was dreaded by the elder Miss Bennets--and Jane more especially, who gave Lydia the feelings which would have attended herself, had _she"
her,husband,female,pronoun,"Smiles decked the face of Mrs. Bennet, as the carriage drove up to the door; her husband looked impenetrably grave; her daughters, alarmed, anxious, u"
her,daughter,female,pronoun,"Smiles decked the face of Mrs. Bennet, as the carriage drove up to the door; her husband looked impenetrably grave; her daughters, alarmed, anxious, u"
lydia,voice,female,name,"Lydia’s voice was heard in the vestibule; the door was thrown open, and she ran into the room."
her,mother,female,pronoun,"Her mother stepped forwards, embraced her, and welcomed her with rapture; gave her hand with an affectionate smile to Wickham, who followed his lady; "
her,hand,female,pronoun,"Her mother stepped forwards, embraced her, and welcomed her with rapture; gave her hand with an affectionate smile to Wickham, who followed his lady; "
his,lady,male,pronoun,"Her mother stepped forwards, embraced her, and welcomed her with rapture; gave her hand with an affectionate smile to Wickham, who followed his lady; "
his,countenance,male,pronoun,His countenance rather gained in austerity; and he scarcely opened his lips.
his,lip,male,pronoun,His countenance rather gained in austerity; and he scarcely opened his lips.
his,manner,male,pronoun,"Wickham was not at all more distressed than herself; but his manners were always so pleasing, that, had his character and his marriage been exactly wh"
his,character,male,pronoun,"Wickham was not at all more distressed than herself; but his manners were always so pleasing, that, had his character and his marriage been exactly wh"
his,marriage,male,pronoun,"Wickham was not at all more distressed than herself; but his manners were always so pleasing, that, had his character and his marriage been exactly wh"
his,smile,male,pronoun,"Wickham was not at all more distressed than herself; but his manners were always so pleasing, that, had his character and his marriage been exactly wh"
his,address,male,pronoun,"Wickham was not at all more distressed than herself; but his manners were always so pleasing, that, had his character and his marriage been exactly wh"
her,mother,female,pronoun,"The bride and her mother could neither of them talk fast enough; and Wickham, who happened to sit near Elizabeth, began inquiring after his acquaintan"
his,acquaintance,male,pronoun,"The bride and her mother could neither of them talk fast enough; and Wickham, who happened to sit near Elizabeth, began inquiring after his acquaintan"
her,reply,female,pronoun,"The bride and her mother could neither of them talk fast enough; and Wickham, who happened to sit near Elizabeth, began inquiring after his acquaintan"
her,sister,female,pronoun,Nothing of the past was recollected with pain; and Lydia led voluntarily to subjects which her sisters would not have alluded to for the world.
her,father,female,pronoun,"Her father lifted up his eyes, Jane was distressed, Elizabeth looked expressively at Lydia; but she, who never heard nor saw anything of which she cho"
his,eye,male,pronoun,"Her father lifted up his eyes, Jane was distressed, Elizabeth looked expressively at Lydia; but she, who never heard nor saw anything of which she cho"
his,curricle,male,pronoun,"I was afraid they might not; and we overtook William Goulding in his curricle, so I was determined he should know it, and so I let down the side glass"
her,mother,female,pronoun,"She then joined them soon enough to see Lydia, with anxious parade, walk up to her mother’s right hand, and hear her say to her eldest sister,-- “Ah, "
mother,hand,female,role_noun,"She then joined them soon enough to see Lydia, with anxious parade, walk up to her mother’s right hand, and hear her say to her eldest sister,-- “Ah, "
her,jane,female,pronoun,"She then joined them soon enough to see Lydia, with anxious parade, walk up to her mother’s right hand, and hear her say to her eldest sister,-- “Ah, "
her,ease,female,pronoun,Her ease and good spirits increased.
her,ring,female,pronoun,"She longed to see Mrs. Philips, the Lucases, and all their other neighbours, and to hear herself called “Mrs. Wickham” by each of them; and in the mea"
her,mother,female,pronoun,“I should like it beyond anything!” said her mother.
his,commission,male,pronoun,"Mr. Wickham had received his commission before he left London, and he was to join his regiment at the end of a fortnight."
his,regiment,male,pronoun,"Mr. Wickham had received his commission before he left London, and he was to join his regiment at the end of a fortnight."
her,daughter,female,pronoun,"No one but Mrs. Bennet regretted that their stay would be so short; and she made the most of the time by visiting about with her daughter, and having "
wickham,affection,male,name,Wickham’s affection for Lydia was just what Elizabeth had expected to find it; not equal to Lydia’s for him.
her,observation,female,pronoun,"She had scarcely needed her present observation to be satisfied, from the reason of things, that their elopement had been brought on by the strength o"
her,love,female,pronoun,"She had scarcely needed her present observation to be satisfied, from the reason of things, that their elopement had been brought on by the strength o"
his,flight,male,pronoun,"She had scarcely needed her present observation to be satisfied, from the reason of things, that their elopement had been brought on by the strength o"
her,wickham,female,pronoun,He was her dear Wickham on every occasion; no one was to be put in competition with him.
her,sister,female,pronoun,"One morning, soon after their arrival, as she was sitting with her two elder sisters, she said to Elizabeth,-- “Lizzy, I never gave _you_ an account o"
wickham,lodging,male,name,"We were married, you know, at St. Clement’s, because Wickham’s lodgings were in that parish."
his,coat,male,pronoun,I longed to know whether he would be married in his blue coat.
her,power,female,pronoun,"On such encouragement to ask, Elizabeth was forced to put it out of her power, by running away."
her,sister,female,pronoun,Mr. Darcy had been at her sister’s wedding.
sister,wedding,female,role_noun,Mr. Darcy had been at her sister’s wedding.
her,brain,female,pronoun,"Conjectures as to the meaning of it, rapid and wild, hurried into her brain; but she was satisfied with none."
his,conduct,male,pronoun,"Those that best pleased her, as placing his conduct in the noblest light, seemed most improbable."
her,aunt,female,pronoun,"She could not bear such suspense; and hastily seizing a sheet of paper, wrote a short letter to her aunt, to request an explanation of what Lydia had "
jane,sense,female,name,Jane’s delicate sense of honour would not allow her to speak to Elizabeth privately of what Lydia had let fall; Elizabeth was glad of it:--till it app
her,inquiry,female,pronoun,Jane’s delicate sense of honour would not allow her to speak to Elizabeth privately of what Lydia had let fall; Elizabeth was glad of it:--till it app
her,letter,female,pronoun,[Illustration] Elizabeth had the satisfaction of receiving an answer to her letter as soon as she possibly could.
his,conviction,male,pronoun,The motive professed was his conviction of its being owing to himself that Wickham’s worthlessness had not been so well known as to make it impossible
wickham,worthlessness,male,name,The motive professed was his conviction of its being owing to himself that Wickham’s worthlessness had not been so well known as to make it impossible
his,pride,male,pronoun,"He generously imputed the whole to his mistaken pride, and confessed that he had before thought it beneath him to lay his private actions open to the "
his,action,male,pronoun,"He generously imputed the whole to his mistaken pride, and confessed that he had before thought it beneath him to lay his private actions open to the "
his,character,male,pronoun,His character was to speak for itself.
his,duty,male,pronoun,"He called it, therefore, his duty to step forward, and endeavour to remedy an evil which had been brought on by himself."
his,search,male,pronoun,"He had been some days in town before he was able to discover them; but he had something to direct his search, which was more than _we_ had; and the co"
his,resolving,male,pronoun,"He had been some days in town before he was able to discover them; but he had something to direct his search, which was more than _we_ had; and the co"
her,charge,female,pronoun,"There is a lady, it seems, a Mrs. Younge, who was some time ago governess to Miss Darcy, and was dismissed from her charge on some cause of disapproba"
her,trust,female,pronoun,"She would not betray her trust, I suppose, without bribery and corruption, for she really did know where her friend was to be found."
her,friend,female,pronoun,"She would not betray her trust, I suppose, without bribery and corruption, for she really did know where her friend was to be found."
her,house,female,pronoun,"Wickham, indeed, had gone to her on their first arrival in London; and had she been able to receive them into her house, they would have taken up thei"
his,object,male,pronoun,"His first object with her, he acknowledged, had been to persuade her to quit her present disgraceful situation, and return to her friends as soon as t"
her,situation,female,pronoun,"His first object with her, he acknowledged, had been to persuade her to quit her present disgraceful situation, and return to her friends as soon as t"
her,friend,female,pronoun,"His first object with her, he acknowledged, had been to persuade her to quit her present disgraceful situation, and return to her friends as soon as t"
his,assistance,male,pronoun,"His first object with her, he acknowledged, had been to persuade her to quit her present disgraceful situation, and return to her friends as soon as t"
her,friend,female,pronoun,She cared for none of her friends; she wanted no help of his; she would not hear of leaving Wickham.
her,feeling,female,pronoun,"Since such were her feelings, it only remained, he thought, to secure and expedite a marriage, which, in his very first conversation with Wickham, he "
his,conversation,male,pronoun,"Since such were her feelings, it only remained, he thought, to secure and expedite a marriage, which, in his very first conversation with Wickham, he "
his,design,male,pronoun,"Since such were her feelings, it only remained, he thought, to secure and expedite a marriage, which, in his very first conversation with Wickham, he "
lydia,flight,female,name,He confessed himself obliged to leave the regiment on account of some debts of honour which were very pressing; and scrupled not to lay all the ill co
her,folly,female,pronoun,He confessed himself obliged to leave the regiment on account of some debts of honour which were very pressing; and scrupled not to lay all the ill co
his,commission,male,pronoun,"He meant to resign his commission immediately; and as to his future situation, he could conjecture very little about it."
his,situation,male,pronoun,"He meant to resign his commission immediately; and as to his future situation, he could conjecture very little about it."
his,situation,male,pronoun,"Though Mr. Bennet was not imagined to be very rich, he would have been able to do something for him, and his situation must have been benefited by mar"
his,fortune,male,pronoun,"But he found, in reply to this question, that Wickham still cherished the hope of more effectually making his fortune by marriage, in some other count"
darcy,step,male,name,"Everything being settled between _them_, Mr. Darcy’s next step was to make your uncle acquainted with it, and he first called in Gracechurch Street th"
his,name,male,pronoun,"He did not leave his name, and till the next day it was only known that a gentleman had called on business."
his,character,male,pronoun,"I fancy, Lizzy, that obstinacy is the real defect of his character, after all."
his,niece,male,pronoun,"But at last your uncle was forced to yield, and instead of being allowed to be of use to his niece, was forced to put up with only having the probable"
his,feather,male,pronoun,"But at last your uncle was forced to yield, and instead of being allowed to be of use to his niece, was forced to put up with only having the probable"
his,debt,male,pronoun,"His debts are to be paid, amounting, I believe, to considerably more than a thousand pounds, another thousand in addition to her own settled upon _her"
her,own,female,pronoun,"His debts are to be paid, amounting, I believe, to considerably more than a thousand pounds, another thousand in addition to her own settled upon _her"
his,commission,male,pronoun,"His debts are to be paid, amounting, I believe, to considerably more than a thousand pounds, another thousand in addition to her own settled upon _her"
his,reserve,male,pronoun,"It was owing to him, to his reserve and want of proper consideration, that Wickham’s character had been so misunderstood, and consequently that he had"
wickham,character,male,name,"It was owing to him, to his reserve and want of proper consideration, that Wickham’s character had been so misunderstood, and consequently that he had"
his,reserve,male,pronoun,"Perhaps there was some truth in _this_; though I doubt whether _his_ reserve, or _anybody’s_ reserve can be answerable for the event."
his,friend,male,pronoun,"When all this was resolved on, he returned again to his friends, who were still staying at Pemberley; but it was agreed that he should be in London on"
jane,letter,female,name,He_ was exactly what he had been when I knew him in Hertfordshire; but I would not tell you how little I was satisfied with _her_ behaviour while she 
her,conduct,female,pronoun,He_ was exactly what he had been when I knew him in Hertfordshire; but I would not tell you how little I was satisfied with _her_ behaviour while she 
her,family,female,pronoun,"I talked to her repeatedly in the most serious manner, representing to her the wickedness of what she had done, and all the unhappiness she had brough"
his,return,male,pronoun,"Mr. Darcy was punctual in his return, and, as Lydia informed you, attended the wedding."
his,behaviour,male,pronoun,"His behaviour to us has, in every respect, been as pleasing as when we were in Derbyshire."
his,understanding,male,pronoun,"His understanding and opinions all please me; he wants nothing but a little more liveliness, and _that_, if he marry _prudently_, his wife may teach h"
his,wife,male,pronoun,"His understanding and opinions all please me; he wants nothing but a little more liveliness, and _that_, if he marry _prudently_, his wife may teach h"
her,sister,female,pronoun,"The vague and unsettled suspicions which uncertainty had produced, of what Mr. Darcy might have been doing to forward her sister’s match--which she ha"
sister,match,female,role_noun,"The vague and unsettled suspicions which uncertainty had produced, of what Mr. Darcy might have been doing to forward her sister’s match--which she ha"
her,heart,female,pronoun,Her heart did whisper that he had done it for her.
her,vanity,female,pronoun,"But it was a hope shortly checked by other considerations; and she soon felt that even her vanity was insufficient, when required to depend on his aff"
his,affection,male,pronoun,"But it was a hope shortly checked by other considerations; and she soon felt that even her vanity was insufficient, when required to depend on his aff"
his,interference,male,pronoun,"But he had given a reason for his interference, which asked no extraordinary stretch of belief."
his,inducement,male,pronoun,"It was reasonable that he should feel he had been wrong; he had liberality, and he had the means of exercising it; and though she would not place hers"
his,endeavour,male,pronoun,"It was reasonable that he should feel he had been wrong; he had liberality, and he had the means of exercising it; and though she would not place hers"
her,peace,female,pronoun,"It was reasonable that he should feel he had been wrong; he had liberality, and he had the means of exercising it; and though she would not place hers"
her,character,female,pronoun,"They owed the restoration of Lydia, her character, everything to him."
her,aunt,female,pronoun,She read over her aunt’s commendation of him again and again.
her,uncle,female,pronoun,"She was even sensible of some pleasure, though mixed with regret, on finding how steadfastly both she and her uncle had been persuaded that affection "
her,seat,female,pronoun,"She was roused from her seat and her reflections, by someone’s approach; and, before she could strike into another path, she was overtaken by Wickham."
her,reflection,female,pronoun,"She was roused from her seat and her reflections, by someone’s approach; and, before she could strike into another path, she was overtaken by Wickham."
his,lip,male,pronoun,"“Certainly,” he replied, biting his lips."
his,marriage,male,pronoun,"“Perhaps preparing for his marriage with Miss de Bourgh,” said Elizabeth."
his,sister,male,pronoun,“Yes; he introduced us to his sister.”
her,sister,female,pronoun,"They were now almost at the door of the house, for she had walked fast to get rid of him; and unwilling, for her sister’s sake, to provoke him, she on"
sister,sake,female,role_noun,"They were now almost at the door of the house, for she had walked fast to get rid of him; and unwilling, for her sister’s sake, to provoke him, she on"
her,hand,female,pronoun,"She held out her hand: he kissed it with affectionate gallantry, though he hardly knew how to look, and they entered the house."
his,sister,male,pronoun,"[Illustration] Mr. Wickham was so perfectly satisfied with this conversation, that he never again distressed himself, or provoked his dear sister Eliz"
his,departure,male,pronoun,"The day of his and Lydia’s departure soon came; and Mrs. Bennet was forced to submit to a separation, which, as her husband by no means entered into h"
her,husband,female,pronoun,"The day of his and Lydia’s departure soon came; and Mrs. Bennet was forced to submit to a separation, which, as her husband by no means entered into h"
her,scheme,female,pronoun,"The day of his and Lydia’s departure soon came; and Mrs. Bennet was forced to submit to a separation, which, as her husband by no means entered into h"
wickham,adieus,male,name,Mr. Wickham’s adieus were much more affectionate than his wife’s.
his,wife,male,pronoun,Mr. Wickham’s adieus were much more affectionate than his wife’s.
her,daughter,female,pronoun,The loss of her daughter made Mrs. Bennet very dull for several days.
her,husband,female,pronoun,Lydia does not leave me because she is married; but only because her husband’s regiment happens to be so far off.
husband,regiment,male,role_noun,Lydia does not leave me because she is married; but only because her husband’s regiment happens to be so far off.
her,mind,female,pronoun,"But the spiritless condition which this event threw her into was shortly relieved, and her mind opened again to the agitation of hope, by an article o"
her,master,female,pronoun,"The housekeeper at Netherfield had received orders to prepare for the arrival of her master, who was coming down in a day or two, to shoot there for s"
her,head,female,pronoun,"She looked at Jane, and smiled, and shook her head, by turns."
his,name,male,pronoun,"It was many months since she had mentioned his name to Elizabeth; but now, as soon as they were alone together, she said,-- “I saw you look at me to-d"
his,friend,male,pronoun,"Had she not seen him in Derbyshire, she might have supposed him capable of coming there with no other view than what was acknowledged; but she still t"
her,sister,female,pronoun,"In spite of what her sister declared, and really believed to be her feelings, in the expectation of his arrival, Elizabeth could easily perceive that "
her,feeling,female,pronoun,"In spite of what her sister declared, and really believed to be her feelings, in the expectation of his arrival, Elizabeth could easily perceive that "
his,arrival,male,pronoun,"In spite of what her sister declared, and really believed to be her feelings, in the expectation of his arrival, Elizabeth could easily perceive that "
her,spirit,female,pronoun,"In spite of what her sister declared, and really believed to be her feelings, in the expectation of his arrival, Elizabeth could easily perceive that "
his,wife,male,pronoun,"His wife represented to him how absolutely necessary such an attention would be from all the neighbouring gentlemen, on his returning to Netherfield."
his,return,male,pronoun,"His wife represented to him how absolutely necessary such an attention would be from all the neighbouring gentlemen, on his returning to Netherfield."
her,husband,female,pronoun,"Consoled by this resolution, she was the better able to bear her husband’s incivility; though it was very mortifying to know that her neighbours might"
husband,incivility,male,role_noun,"Consoled by this resolution, she was the better able to bear her husband’s incivility; though it was very mortifying to know that her neighbours might"
her,neighbour,female,pronoun,"Consoled by this resolution, she was the better able to bear her husband’s incivility; though it was very mortifying to know that her neighbours might"
his,arrival,male,pronoun,"As the day of his arrival drew near,-- “I begin to be sorry that he comes at all,” said Jane to her sister."
her,sister,female,pronoun,"As the day of his arrival drew near,-- “I begin to be sorry that he comes at all,” said Jane to her sister."
his,stay,male,pronoun,Happy shall I be when his stay at Netherfield is over!”
her,side,female,pronoun,"Mrs. Bennet, through the assistance of servants, contrived to have the earliest tidings of it, that the period of anxiety and fretfulness on her side "
his,arrival,male,pronoun,"But on the third morning after his arrival in Hertfordshire, she saw him from her dressing-room window enter the paddock, and ride towards the house."
her,window,female,pronoun,"But on the third morning after his arrival in Hertfordshire, she saw him from her dressing-room window enter the paddock, and ride towards the house."
her,daughter,female,pronoun,Her daughters were eagerly called to partake of her joy.
her,joy,female,pronoun,Her daughters were eagerly called to partake of her joy.
her,place,female,pronoun,"Jane resolutely kept her place at the table; but Elizabeth, to satisfy her mother, went to the window--she looked--she saw Mr. Darcy with him, and sat"
her,mother,female,pronoun,"Jane resolutely kept her place at the table; but Elizabeth, to satisfy her mother, went to the window--she looked--she saw Mr. Darcy with him, and sat"
her,sister,female,pronoun,"Jane resolutely kept her place at the table; but Elizabeth, to satisfy her mother, went to the window--she looked--she saw Mr. Darcy with him, and sat"
his,name,male,pronoun,"Mr. what’s his name--that tall, proud man.”"
her,sister,female,pronoun,"She knew but little of their meeting in Derbyshire, and therefore felt for the awkwardness which must attend her sister, in seeing him almost for the "
his,letter,male,pronoun,"She knew but little of their meeting in Derbyshire, and therefore felt for the awkwardness which must attend her sister, in seeing him almost for the "
her,dislike,female,pronoun,"Each felt for the other, and of course for themselves; and their mother talked on of her dislike of Mr. Darcy, and her resolution to be civil to him o"
her,resolution,female,pronoun,"Each felt for the other, and of course for themselves; and their mother talked on of her dislike of Mr. Darcy, and her resolution to be civil to him o"
bingley,friend,male,name,"Each felt for the other, and of course for themselves; and their mother talked on of her dislike of Mr. Darcy, and her resolution to be civil to him o"
her,change,female,pronoun,"But Elizabeth had sources of uneasiness which could not yet be suspected by Jane, to whom she had never yet had courage to show Mrs. Gardiner’s letter"
her,information,female,pronoun,"To Jane, he could be only a man whose proposals she had refused, and whose merits she had undervalued; but to her own more extensive information, he w"
her,astonishment,female,pronoun,"Her astonishment at his coming--at his coming to Netherfield, to Longbourn, and voluntarily seeking her again, was almost equal to what she had known "
his,come,male,pronoun,"Her astonishment at his coming--at his coming to Netherfield, to Longbourn, and voluntarily seeking her again, was almost equal to what she had known "
his,behaviour,male,pronoun,"Her astonishment at his coming--at his coming to Netherfield, to Longbourn, and voluntarily seeking her again, was almost equal to what she had known "
her,face,female,pronoun,"The colour which had been driven from her face returned for half a minute with an additional glow, and a smile of delight added lustre to her eyes, as"
her,eye,female,pronoun,"The colour which had been driven from her face returned for half a minute with an additional glow, and a smile of delight added lustre to her eyes, as"
his,affection,male,pronoun,"The colour which had been driven from her face returned for half a minute with an additional glow, and a smile of delight added lustre to her eyes, as"
her,eye,female,pronoun,"She sat intently at work, striving to be composed, and without daring to lift up her eyes, till anxious curiosity carried them to the face of her sist"
her,sister,female,pronoun,"She sat intently at work, striving to be composed, and without daring to lift up her eyes, till anxious curiosity carried them to the face of her sist"
gentleman,appear,male,role_noun,"On the gentlemen’s appearing, her colour increased; yet she received them with tolerable ease, and with a propriety of behaviour equally free from any"
her,colour,female,pronoun,"On the gentlemen’s appearing, her colour increased; yet she received them with tolerable ease, and with a propriety of behaviour equally free from any"
her,work,female,pronoun,"Elizabeth said as little to either as civility would allow, and sat down again to her work, with an eagerness which it did not often command."
her,mother,female,pronoun,"But, perhaps, he could not in her mother’s presence be what he was before her uncle and aunt."
mother,presence,female,role_noun,"But, perhaps, he could not in her mother’s presence be what he was before her uncle and aunt."
her,uncle,female,pronoun,"But, perhaps, he could not in her mother’s presence be what he was before her uncle and aunt."
she,daughter,female,pronoun,"He was received by Mrs. Bennet with a degree of civility which made her two daughters ashamed, especially when contrasted with the cold and ceremoniou"
her,courtesy,female,pronoun,"He was received by Mrs. Bennet with a degree of civility which made her two daughters ashamed, especially when contrasted with the cold and ceremoniou"
his,friend,male,pronoun,"He was received by Mrs. Bennet with a degree of civility which made her two daughters ashamed, especially when contrasted with the cold and ceremoniou"
her,mother,female,pronoun,"Elizabeth particularly, who knew that her mother owed to the latter the preservation of her favourite daughter from irremediable infamy, was hurt and "
her,daughter,female,pronoun,"Elizabeth particularly, who knew that her mother owed to the latter the preservation of her favourite daughter from irremediable infamy, was hurt and "
his,silence,male,pronoun,He was not seated by her: perhaps that was the reason of his silence; but it had not been so in Derbyshire.
her,friend,female,pronoun,There he had talked to her friends when he could not to herself.
his,voice,male,pronoun,"But now several minutes elapsed, without bringing the sound of his voice; and when occasionally, unable to resist the impulse of curiosity, she raised"
her,eye,female,pronoun,"But now several minutes elapsed, without bringing the sound of his voice; and when occasionally, unable to resist the impulse of curiosity, she raised"
his,face,male,pronoun,"But now several minutes elapsed, without bringing the sound of his voice; and when occasionally, unable to resist the impulse of curiosity, she raised"
his,sister,male,pronoun,"She inquired after his sister, but could do no more."
her,father,female,pronoun,"It was only said, ‘Lately, George Wickham, Esq., to Miss Lydia Bennet,’ without there being a syllable said of her father, or the place where she live"
his,congratulation,male,pronoun,"Bingley replied that he did, and made his congratulations."
her,eye,female,pronoun,Elizabeth dared not lift up her eyes.
her,mother,female,pronoun,"“It is a delightful thing, to be sure, to have a daughter well married,” continued her mother; “but at the same time, Mr. Bingley, it is very hard to "
his,regiment,male,pronoun,"His regiment is there; for I suppose you have heard of his leaving the ----shire, and of his being gone into the Regulars."
her,seat,female,pronoun,"Elizabeth, who knew this to be levelled at Mr. Darcy, was in such misery of shame that she could hardly keep her seat."
her,mother,female,pronoun,"“When you have killed all your own birds, Mr. Bingley,” said her mother, “I beg you will come here and shoot as many as you please on Mr. Bennet’s man"
bennet,manor,male,name,"“When you have killed all your own birds, Mr. Bingley,” said her mother, “I beg you will come here and shoot as many as you please on Mr. Bennet’s man"
elizabeth,misery,female,name,"Elizabeth’s misery increased at such unnecessary, such officious attention!"
her,sister,female,pronoun,"Yet the misery, for which years of happiness were to offer no compensation, received soon afterwards material relief, from observing how much the beau"
her,lover,female,pronoun,"Yet the misery, for which years of happiness were to offer no compensation, received soon afterwards material relief, from observing how much the beau"
his,attention,male,pronoun,"When first he came in, he had spoken to her but little, but every five minutes seemed to be giving her more of his attention."
her,mind,female,pronoun,"Jane was anxious that no difference should be perceived in her at all, and was really persuaded that she talked as much as ever; but her mind was so b"
her,civility,female,pronoun,"When the gentlemen rose to go away, Mrs. Bennet was mindful of her intended civility, and they were invited and engaged to dine at Longbourn in a few "
his,concern,male,pronoun,"Bingley looked a little silly at this reflection, and said something of his concern at having been prevented by business."
her,spirit,female,pronoun,"[Illustration] As soon as they were gone, Elizabeth walked out to recover her spirits; or, in other words, to dwell without interruption on those subj"
darcy,behaviour,male,name,Mr. Darcy’s behaviour astonished and vexed her.
her,pleasure,female,pronoun,She could settle it in no way that gave her pleasure.
her,resolution,female,pronoun,"Her resolution was for a short time involuntarily kept by the approach of her sister, who joined her with a cheerful look which showed her better sati"
her,sister,female,pronoun,"Her resolution was for a short time involuntarily kept by the approach of her sister, who joined her with a cheerful look which showed her better sati"
his,coming,male,pronoun,"I know my own strength, and I shall never be embarrassed again by his coming."
her,sister,female,pronoun,"When they repaired to the dining-room, Elizabeth eagerly watched to see whether Bingley would take the place which, in all their former parties, had b"
her,mother,female,pronoun,"Her prudent mother, occupied by the same ideas, forbore to invite him to sit by herself."
his,friend,male,pronoun,"Elizabeth, with a triumphant sensation, looked towards his friend."
his,sanction,male,pronoun,"He bore it with noble indifference; and she would have imagined that Bingley had received his sanction to be happy, had she not seen his eyes likewise"
his,eye,male,pronoun,"He bore it with noble indifference; and she would have imagined that Bingley had received his sanction to be happy, had she not seen his eyes likewise"
his,behaviour,male,pronoun,"His behaviour to her sister was such during dinnertime as showed an admiration of her, which, though more guarded than formerly, persuaded Elizabeth, "
her,sister,female,pronoun,"His behaviour to her sister was such during dinnertime as showed an admiration of her, which, though more guarded than formerly, persuaded Elizabeth, "
jane,happiness,female,name,"His behaviour to her sister was such during dinnertime as showed an admiration of her, which, though more guarded than formerly, persuaded Elizabeth, "
his,own,male,pronoun,"His behaviour to her sister was such during dinnertime as showed an admiration of her, which, though more guarded than formerly, persuaded Elizabeth, "
his,behaviour,male,pronoun,"Though she dared not depend upon the consequence, she yet received pleasure from observing his behaviour."
her,spirit,female,pronoun,It gave her all the animation that her spirits could boast; for she was in no cheerful humour.
her,mother,female,pronoun,He was on one side of her mother.
her,mother,female,pronoun,"Her mother’s ungraciousness made the sense of what they owed him more painful to Elizabeth’s mind; and she would, at times, have given anything to be "
mother,ungraciousness,female,role_noun,"Her mother’s ungraciousness made the sense of what they owed him more painful to Elizabeth’s mind; and she would, at times, have given anything to be "
elizabeth,mind,female,name,"Her mother’s ungraciousness made the sense of what they owed him more painful to Elizabeth’s mind; and she would, at times, have given anything to be "
his,kindness,male,pronoun,"Her mother’s ungraciousness made the sense of what they owed him more painful to Elizabeth’s mind; and she would, at times, have given anything to be "
his,entrance,male,pronoun,She was in hopes that the evening would afford some opportunity of bringing them together; that the whole of the visit would not pass away without ena
her,uncivil,female,pronoun,"Anxious and uneasy, the period which passed in the drawing-room before the gentlemen came, was wearisome and dull to a degree that almost made her unc"
her,chance,female,pronoun,She looked forward to their entrance as the point on which all her chance of pleasure for the evening must depend.
her,hope,female,pronoun,"The gentlemen came; and she thought he looked as if he would have answered her hopes; but, alas!"
gentleman,approach,male,role_noun,"And on the gentlemen’s approaching, one of the girls moved closer to her than ever, and said, in a whisper,-- “The men shan’t come and part us, I am d"
her,eye,female,pronoun,"She followed him with her eyes, envied everyone to whom he spoke, had scarcely patience enough to help anybody to coffee, and then was enraged against"
his,love,male,pronoun,How could I ever be foolish enough to expect a renewal of his love?
his,cup,male,pronoun,"She was a little revived, however, by his bringing back his coffee-cup himself; and she seized the opportunity of saying,-- “Is your sister at Pemberl"
her,friend,female,pronoun,Have all her friends left her?”
lady,whispering,female,role_noun,"He stood by her, however, for some minutes, in silence; and, at last, on the young lady’s whispering to Elizabeth again, he walked away."
her,view,female,pronoun,"When the tea things were removed, and the card tables placed, the ladies all rose; and Elizabeth was then hoping to be soon joined by him, when all he"
her,mother,female,pronoun,"When the tea things were removed, and the card tables placed, the ladies all rose; and Elizabeth was then hoping to be soon joined by him, when all he"
mother,rapacity,female,role_noun,"When the tea things were removed, and the card tables placed, the ladies all rose; and Elizabeth was then hoping to be soon joined by him, when all he"
his,eye,male,pronoun,"They were confined for the evening at different tables; and she had nothing to hope, but that his eyes were so often turned towards her side of the ro"
her,side,female,pronoun,"They were confined for the evening at different tables; and she had nothing to hope, but that his eyes were so often turned towards her side of the ro"
her,niece,female,pronoun,"I do think Mrs. Long is as good a creature as ever lived--and her nieces are very pretty behaved girls, and not at all handsome: I like them prodigiou"
her,niece,female,pronoun,Long and her nieces.”
bingley,behaviour,male,name,"] Mrs. Bennet, in short, was in very great spirits: she had seen enough of Bingley’s behaviour to Jane to be convinced that she would get him at last;"
her,expectation,female,pronoun,"] Mrs. Bennet, in short, was in very great spirits: she had seen enough of Bingley’s behaviour to Jane to be convinced that she would get him at last;"
her,family,female,pronoun,"] Mrs. Bennet, in short, was in very great spirits: she had seen enough of Bingley’s behaviour to Jane to be convinced that she would get him at last;"
his,proposal,male,pronoun,"] Mrs. Bennet, in short, was in very great spirits: she had seen enough of Bingley’s behaviour to Jane to be convinced that she would get him at last;"
his,conversation,male,pronoun,I assure you that I have now learnt to enjoy his conversation as an agreeable and sensible young man without having a wish beyond it.
his,manner,male,pronoun,"I am perfectly satisfied, from what his manners now are, that he never had any design of engaging my affection."
her,sister,female,pronoun,"“You are very cruel,” said her sister, “you will not let me smile, and are provoking me to it every moment.”"
his,friend,male,pronoun,"His friend had left him that morning for London, but was to return home in ten days’ time."
her,invitation,female,pronoun,"Yes, he had no engagement at all for to-morrow; and her invitation was accepted with alacrity."
her,daughter,female,pronoun,"In ran Mrs. Bennet to her daughters’ room, in her dressing-gown, and with her hair half finished, crying out,-- “My dear Jane, make haste and hurry do"
daughter,room,female,role_noun,"In ran Mrs. Bennet to her daughters’ room, in her dressing-gown, and with her hair half finished, crying out,-- “My dear Jane, make haste and hurry do"
her,gown,female,pronoun,"In ran Mrs. Bennet to her daughters’ room, in her dressing-gown, and with her hair half finished, crying out,-- “My dear Jane, make haste and hurry do"
her,hair,female,pronoun,"In ran Mrs. Bennet to her daughters’ room, in her dressing-gown, and with her hair half finished, crying out,-- “My dear Jane, make haste and hurry do"
her,gown,female,pronoun,"Here, Sarah, come to Miss Bennet this moment, and help her on with her gown."
her,mother,female,pronoun,"But when her mother was gone, Jane would not be prevailed on to go down without one of her sisters."
her,sister,female,pronoun,"But when her mother was gone, Jane would not be prevailed on to go down without one of her sisters."
his,custom,male,pronoun,"After tea, Mr. Bennet retired to the library, as was his custom, and Mary went upstairs to her instrument."
her,instrument,female,pronoun,"After tea, Mr. Bennet retired to the library, as was his custom, and Mary went upstairs to her instrument."
her,distress,female,pronoun,"Jane instantly gave a look at Elizabeth which spoke her distress at such premeditation, and her entreaty that _"
her,entreaty,female,pronoun,"Jane instantly gave a look at Elizabeth which spoke her distress at such premeditation, and her entreaty that _"
her,mother,female,pronoun,"“We may as well leave them by themselves, you know,” said her mother as soon as she was in the hall."
her,mother,female,pronoun,"Elizabeth made no attempt to reason with her mother, but remained quietly in the hall till she and Kitty were out of sight, then returned into the dra"
bennet,scheme,male,name,Mrs. Bennet’s schemes for this day were ineffectual.
her,daughter,female,pronoun,"Bingley was everything that was charming, except the professed lover of her daughter."
his,ease,male,pronoun,"His ease and cheerfulness rendered him a most agreeable addition to their evening party; and he bore with the ill-judged officiousness of the mother, "
her,remark,female,pronoun,"His ease and cheerfulness rendered him a most agreeable addition to their evening party; and he bore with the ill-judged officiousness of the mother, "
his,bennet,male,pronoun,"He scarcely needed an invitation to stay supper; and before he went away an engagement was formed, chiefly through his own and Mrs. Bennet’s means, fo"
her,husband,female,pronoun,"He scarcely needed an invitation to stay supper; and before he went away an engagement was formed, chiefly through his own and Mrs. Bennet’s means, fo"
her,indifference,female,pronoun,"After this day, Jane said no more of her indifference."
gentleman,concurrence,male,role_noun,"Seriously, however, she felt tolerably persuaded that all this must have taken place with that gentleman’s concurrence."
his,appointment,male,pronoun,"Bingley was punctual to his appointment; and he and Mr. Bennet spent the morning together, as had been agreed on."
his,companion,male,pronoun,The latter was much more agreeable than his companion expected.
his,ridicule,male,pronoun,"There was nothing of presumption or folly in Bingley that could provoke his ridicule, or disgust him into silence; and he was more communicative, and "
bennet,invention,male,name,Bingley of course returned with him to dinner; and in the evening Mrs. Bennet’s invention was again at work to get everybody away from him and her dau
her,daughter,female,pronoun,Bingley of course returned with him to dinner; and in the evening Mrs. Bennet’s invention was again at work to get everybody away from him and her dau
her,mother,female,pronoun,"Elizabeth, who had a letter to write, went into the breakfast-room for that purpose soon after tea; for as the others were all going to sit down to ca"
mother,scheme,female,role_noun,"Elizabeth, who had a letter to write, went into the breakfast-room for that purpose soon after tea; for as the others were all going to sit down to ca"
her,letter,female,pronoun,"But on her returning to the drawing-room, when her letter was finished, she saw, to her infinite surprise, there was reason to fear that her mother ha"
her,surprise,female,pronoun,"But on her returning to the drawing-room, when her letter was finished, she saw, to her infinite surprise, there was reason to fear that her mother ha"
her,mother,female,pronoun,"But on her returning to the drawing-room, when her letter was finished, she saw, to her infinite surprise, there was reason to fear that her mother ha"
her,sister,female,pronoun,"On opening the door, she perceived her sister and Bingley standing together over the hearth, as if engaged in earnest conversation; and had this led t"
her,sister,female,pronoun,"Not a syllable was uttered by either; and Elizabeth was on the point of going away again, when Bingley, who as well as the other had sat down, suddenl"
elizabeth,congratulation,female,name,"Elizabeth’s congratulations were given with a sincerity, a warmth, a delight, which words could but poorly express."
her,sister,female,pronoun,"But she would not allow herself to stay with her sister, or say half that remained to be said, for the present."
her,solicitude,female,pronoun,"“I would not on any account trifle with her affectionate solicitude, or allow her to hear it from anyone but myself."
her,mother,female,pronoun,"She then hastened away to her mother, who had purposely broken up the card-party, and was sitting upstairs with Kitty."
his,friend,male,pronoun,"“And this,” said she, “is the end of all his friend’s anxious circumspection!"
his,sister,male,pronoun,of all his sister’s falsehood and contrivance!
sister,falsehood,female,role_noun,of all his sister’s falsehood and contrivance!
her,father,female,pronoun,"In a few minutes she was joined by Bingley, whose conference with her father had been short and to the purpose."
her,delight,female,pronoun,Elizabeth honestly and heartily expressed her delight in the prospect of their relationship.
her,sister,female,pronoun,"They shook hands with great cordiality; and then, till her sister came down, she had to listen to all he had to say of his own happiness, and of Jane’"
his,happiness,male,pronoun,"They shook hands with great cordiality; and then, till her sister came down, she had to listen to all he had to say of his own happiness, and of Jane’"
jane,perfection,female,name,"They shook hands with great cordiality; and then, till her sister came down, she had to listen to all he had to say of his own happiness, and of Jane’"
his,expectation,male,pronoun,"They shook hands with great cordiality; and then, till her sister came down, she had to listen to all he had to say of his own happiness, and of Jane’"
bennet,mind,male,name,"It was an evening of no common delight to them all; the satisfaction of Miss Bennet’s mind gave such a glow of sweet animation to her face, as made he"
her,face,female,pronoun,"It was an evening of no common delight to them all; the satisfaction of Miss Bennet’s mind gave such a glow of sweet animation to her face, as made he"
her,turn,female,pronoun,"Kitty simpered and smiled, and hoped her turn was coming soon."
her,consent,female,pronoun,"Mrs. Bennet could not give her consent, or speak her approbation in terms warm enough to satisfy her feelings, though she talked to Bingley of nothing"
her,approbation,female,pronoun,"Mrs. Bennet could not give her consent, or speak her approbation in terms warm enough to satisfy her feelings, though she talked to Bingley of nothing"
her,feeling,female,pronoun,"Mrs. Bennet could not give her consent, or speak her approbation in terms warm enough to satisfy her feelings, though she talked to Bingley of nothing"
his,voice,male,pronoun,"Mrs. Bennet could not give her consent, or speak her approbation in terms warm enough to satisfy her feelings, though she talked to Bingley of nothing"
his,lip,male,pronoun,"Not a word, however, passed his lips in allusion to it, till their visitor took his leave for the night; but as soon as he was gone, he turned to his "
his,leave,male,pronoun,"Not a word, however, passed his lips in allusion to it, till their visitor took his leave for the night; but as soon as he was gone, he turned to his "
his,daughter,male,pronoun,"Not a word, however, passed his lips in allusion to it, till their visitor took his leave for the night; but as soon as he was gone, he turned to his "
his,goodness,male,pronoun,"Jane went to him instantly, kissed him, and thanked him for his goodness."
his,wife,male,pronoun,"My dear Mr. Bennet,” cried his wife, “what are you talking of?"
her,daughter,female,pronoun,"Then addressing her daughter, “Oh, my dear, dear Jane, I am so happy!"
her,child,female,pronoun,Jane was beyond competition her favourite child.
her,sister,female,pronoun,Her younger sisters soon began to make interest with her for objects of happiness which she might in future be able to dispense.
her,sister,female,pronoun,Elizabeth had now but little time for conversation with her sister; for while he was present Jane had no attention to bestow on anyone else: but she f
his,sister,male,pronoun,“It must have been his sisters’ doing.
his,acquaintance,male,pronoun,"They were certainly no friends to his acquaintance with me, which I cannot wonder at, since he might have chosen so much more advantageously in many r"
bingley,regard,male,name,"It would vex me, indeed, to see you again the dupe of Miss Bingley’s pretended regard.”"
his,modesty,male,pronoun,"“He made a little mistake, to be sure; but it is to the credit of his modesty.”"
his,diffidence,male,pronoun,"This naturally introduced a panegyric from Jane on his diffidence, and the little value he put on his own good qualities."
his,quality,male,pronoun,"This naturally introduced a panegyric from Jane on his diffidence, and the little value he put on his own good qualities."
his,friend,male,pronoun,"Elizabeth was pleased to find that he had not betrayed the interference of his friend; for, though Jane had the most generous and forgiving heart in t"
her,neighbour,female,pronoun,"Mrs. Bennet was privileged to whisper it to Mrs. Philips, and she ventured, without any permission, to do the same by all her neighbours in Meryton."
bingley,engagement,male,name,"[Illustration] One morning, about a week after Bingley’s engagement with Jane had been formed, as he and the females of the family were sitting togeth"
elizabeth,salutation,female,name,"She entered the room with an air more than usually ungracious, made no other reply to Elizabeth’s salutation than a slight inclination of the head, an"
her,name,female,pronoun,"Elizabeth had mentioned her name to her mother on her Ladyship’s entrance, though no request of introduction had been made."
her,mother,female,pronoun,"Elizabeth had mentioned her name to her mother on her Ladyship’s entrance, though no request of introduction had been made."
her,ladyship,female,pronoun,"Elizabeth had mentioned her name to her mother on her Ladyship’s entrance, though no request of introduction had been made."
her,calling,female,pronoun,"Elizabeth now expected that she would produce a letter for her from Charlotte, as it seemed the only probable motive for her calling."
her,ladyship,female,pronoun,"Mrs. Bennet, with great civility, begged her Ladyship to take some refreshment: but Lady Catherine very resolutely, and not very politely, declined ea"
her,mother,female,pronoun,"“Go, my dear,” cried her mother, “and show her Ladyship about the different walks."
her,ladyship,female,pronoun,"“Go, my dear,” cried her mother, “and show her Ladyship about the different walks."
her,room,female,pronoun,"Elizabeth obeyed; and, running into her own room for her parasol, attended her noble guest downstairs."
her,parasol,female,pronoun,"Elizabeth obeyed; and, running into her own room for her parasol, attended her noble guest downstairs."
her,guest,female,pronoun,"Elizabeth obeyed; and, running into her own room for her parasol, attended her noble guest downstairs."
her,carriage,female,pronoun,"Her carriage remained at the door, and Elizabeth saw that her waiting-woman was in it."
her,woman,female,pronoun,"Her carriage remained at the door, and Elizabeth saw that her waiting-woman was in it."
her,nephew,female,pronoun,"[_Copyright 1894 by George Allen._]] “How could I ever think her like her nephew?” said she, as she looked in her face."
her,face,female,pronoun,"[_Copyright 1894 by George Allen._]] “How could I ever think her like her nephew?” said she, as she looked in her face."
her,ladyship,female,pronoun,"“Miss Bennet,” replied her Ladyship, in an angry tone, “you ought to know that I am not to be trifled with."
his,reason,male,pronoun,"“It ought to be so; it must be so, while he retains the use of his reason."
his,family,male,pronoun,"But _your_ arts and allurements may, in a moment of infatuation, have made him forget what he owes to himself and to all his family."
his,concern,male,pronoun,"I am almost the nearest relation he has in the world, and am entitled to know all his dearest concerns.”"
his,mother,male,pronoun,"It was the favourite wish of _his_ mother, as well as of hers."
his,friend,male,pronoun,Do you pay no regard to the wishes of his friends--to his tacit engagement with Miss de Bourgh?
his,engagement,male,pronoun,Do you pay no regard to the wishes of his friends--to his tacit engagement with Miss de Bourgh?
his,hour,male,pronoun,"Have you not heard me say, that from his earliest hours he was destined for his cousin?”"
his,cousin,male,pronoun,"Have you not heard me say, that from his earliest hours he was destined for his cousin?”"
his,mother,male,pronoun,"If there is no other objection to my marrying your nephew, I shall certainly not be kept from it by knowing that his mother and aunt wished him to mar"
his,cousin,male,pronoun,"If Mr. Darcy is neither by honour nor inclination confined to his cousin, why is not he to make another choice?"
his,family,male,pronoun,"Yes, Miss Bennet, interest; for do not expect to be noticed by his family or friends, if you wilfully act against the inclinations of all."
her,situation,female,pronoun,"“But the wife of Mr. Darcy must have such extraordinary sources of happiness necessarily attached to her situation, that she could, upon the whole, ha"
gentleman,daughter,male,role_noun,He is a gentleman; I am a gentleman’s daughter; so far we are equal.”
gentleman,daughter,male,role_noun,You _are_ a gentleman’s daughter.
his,hand,male,pronoun,"Supposing him to be attached to me, would _my_ refusing to accept his hand make him wish to bestow it on his cousin?"
his,cousin,male,pronoun,"Supposing him to be attached to me, would _my_ refusing to accept his hand make him wish to bestow it on his cousin?"
his,affair,male,pronoun,"How far your nephew might approve of your interference in _his_ affairs, I cannot tell; but you have certainly no right to concern yourself in mine."
sister,elopement,female,role_noun,I am no stranger to the particulars of your youngest sister’s infamous elopement.
his,father,male,pronoun,"Is _her_ husband, who is the son of his late father’s steward, to be his brother?"
his,brother,male,pronoun,"Is _her_ husband, who is the son of his late father’s steward, to be his brother?"
her,ladyship,female,pronoun,Her Ladyship was highly incensed.
his,friend,male,pronoun,"You are determined to ruin him in the opinion of all his friends, and make him the contempt of the world.”"
his,family,male,pronoun,"And with regard to the resentment of his family, or the indignation of the world, if the former _were_ excited by his marrying me, it would not give m"
her,ladyship,female,pronoun,"Elizabeth made no answer; and without attempting to persuade her Ladyship to return into the house, walked quietly into it herself."
her,mother,female,pronoun,"Her mother impatiently met her at the door of her dressing-room, to ask why Lady Catherine would not come in again and rest herself."
her,room,female,pronoun,"Her mother impatiently met her at the door of her dressing-room, to ask why Lady Catherine would not come in again and rest herself."
her,daughter,female,pronoun,"“She did not choose it,” said her daughter; “she would go.”"
her,road,female,pronoun,"She is on her road somewhere, I dare say; and so, passing through Meryton, thought she might as well call on you."
her,engagement,female,pronoun,"Lady Catherine, it appeared, had actually taken the trouble of this journey from Rosings for the sole purpose of breaking off her supposed engagement "
his,_,male,pronoun,"but from what the report of their engagement could originate, Elizabeth was at a loss to imagine; till she recollected that _his_ being the intimate f"
her,sister,female,pronoun,She had not herself forgotten to feel that the marriage of her sister must bring them more frequently together.
her,neighbour,female,pronoun,"And her neighbours at Lucas Lodge, therefore, (for through their communication with the Collinses, the report, she concluded, had reached Lady Catheri"
catherine,expression,female,name,"In revolving Lady Catherine’s expressions, however, she could not help feeling some uneasiness as to the possible consequence of her persisting in thi"
her,resolution,female,pronoun,"From what she had said of her resolution to prevent the marriage, it occurred to Elizabeth that she must meditate an application to her nephew; and ho"
her,nephew,female,pronoun,"From what she had said of her resolution to prevent the marriage, it occurred to Elizabeth that she must meditate an application to her nephew; and ho"
his,affection,male,pronoun,"She knew not the exact degree of his affection for his aunt, or his dependence on her judgment, but it was natural to suppose that he thought much hig"
his,aunt,male,pronoun,"She knew not the exact degree of his affection for his aunt, or his dependence on her judgment, but it was natural to suppose that he thought much hig"
his,dependence,male,pronoun,"She knew not the exact degree of his affection for his aunt, or his dependence on her judgment, but it was natural to suppose that he thought much hig"
her,judgment,female,pronoun,"She knew not the exact degree of his affection for his aunt, or his dependence on her judgment, but it was natural to suppose that he thought much hig"
her,ladyship,female,pronoun,"She knew not the exact degree of his affection for his aunt, or his dependence on her judgment, but it was natural to suppose that he thought much hig"
his,own,male,pronoun,"She knew not the exact degree of his affection for his aunt, or his dependence on her judgment, but it was natural to suppose that he thought much hig"
his,aunt,male,pronoun,"She knew not the exact degree of his affection for his aunt, or his dependence on her judgment, but it was natural to suppose that he thought much hig"
his,side,male,pronoun,"She knew not the exact degree of his affection for his aunt, or his dependence on her judgment, but it was natural to suppose that he thought much hig"
his,notion,male,pronoun,"With his notions of dignity, he would probably feel that the arguments, which to Elizabeth had appeared weak and ridiculous, contained much good sense"
her,way,female,pronoun,Lady Catherine might see him in her way through town; and his engagement to Bingley of coming again to Netherfield must give way.
his,engagement,male,pronoun,Lady Catherine might see him in her way through town; and his engagement to Bingley of coming again to Netherfield must give way.
his,promise,male,pronoun,"“If, therefore, an excuse for not keeping his promise should come to his friend within a few days,” she added, “I shall know how to understand it."
his,friend,male,pronoun,"“If, therefore, an excuse for not keeping his promise should come to his friend within a few days,” she added, “I shall know how to understand it."
his,constancy,male,pronoun,"I shall then give over every expectation, every wish of his constancy."
bennet,curiosity,male,name,"The surprise of the rest of the family, on hearing who their visitor had been, was very great: but they obligingly satisfied it with the same kind of "
her,father,female,pronoun,"The next morning, as she was going down stairs, she was met by her father, who came out of his library with a letter in his hand."
his,library,male,pronoun,"The next morning, as she was going down stairs, she was met by her father, who came out of his library with a letter in his hand."
his,hand,male,pronoun,"The next morning, as she was going down stairs, she was met by her father, who came out of his library with a letter in his hand."
her,curiosity,female,pronoun,She followed him thither; and her curiosity to know what he had to tell her was heightened by the supposition of its being in some manner connected wi
her,father,female,pronoun,"She followed her father to the fireplace, and they both sat down."
elizabeth,cheek,female,name,"The colour now rushed into Elizabeth’s cheeks in the instantaneous conviction of its being a letter from the nephew, instead of the aunt; and she was "
his,letter,male,pronoun,"The colour now rushed into Elizabeth’s cheeks in the instantaneous conviction of its being a letter from the nephew, instead of the aunt; and she was "
her,father,female,pronoun,"The colour now rushed into Elizabeth’s cheeks in the instantaneous conviction of its being a letter from the nephew, instead of the aunt; and she was "
her,sister,female,pronoun,"Your daughter Elizabeth, it is presumed, will not long bear the name of Bennet, after her eldest sister has resigned it; and the chosen partner of her"
her,fate,female,pronoun,"Your daughter Elizabeth, it is presumed, will not long bear the name of Bennet, after her eldest sister has resigned it; and the chosen partner of her"
gentleman,proposal,male,role_noun,"Yet, in spite of all these temptations, let me warn my cousin Elizabeth, and yourself, of what evils you may incur by a precipitate closure with this "
his,aunt,male,pronoun,"‘My motive for cautioning you is as follows:--We have reason to imagine that his aunt, Lady Catherine de Bourgh, does not look on the match with a fri"
his,life,male,pronoun,"Mr. Darcy, who never looks at any woman but to see a blemish, and who probably never looked at _you_ in his life!"
her,father,female,pronoun,"Elizabeth tried to join in her father’s pleasantry, but could only force one most reluctant smile."
father,pleasantry,male,role_noun,"Elizabeth tried to join in her father’s pleasantry, but could only force one most reluctant smile."
his,wit,male,pronoun,Never had his wit been directed in a manner so little agreeable to her.
her,ladyship,female,pronoun,"“‘After mentioning the likelihood of this marriage to her Ladyship last night, she immediately, with her usual condescension, expressed what she felt "
her,condescension,female,pronoun,"“‘After mentioning the likelihood of this marriage to her Ladyship last night, she immediately, with her usual condescension, expressed what she felt "
her,consent,female,pronoun,"“‘After mentioning the likelihood of this marriage to her Ladyship last night, she immediately, with her usual condescension, expressed what she felt "
her,admirer,female,pronoun,"I thought it my duty to give the speediest intelligence of this to my cousin, that she and her noble admirer may be aware of what they are about, and "
lydia,business,female,name,"Mr. Collins, moreover, adds, ‘I am truly rejoiced that my cousin Lydia’s sad business has been so well hushed up, and am only concerned that their liv"
his,notion,male,pronoun,_That_ is his notion of Christian forgiveness!
his,letter,male,pronoun,"The rest of his letter is only about his dear Charlotte’s situation, and his expectation of a young olive-branch."
his,situation,male,pronoun,"The rest of his letter is only about his dear Charlotte’s situation, and his expectation of a young olive-branch."
his,expectation,male,pronoun,"The rest of his letter is only about his dear Charlotte’s situation, and his expectation of a young olive-branch."
his,indifference,male,pronoun,Had they fixed on any other man it would have been nothing; but _his_ perfect indifference and _your_ pointed dislike make it so delightfully absurd!
collins,correspondence,male,name,"Much as I abominate writing, I would not give up Mr. Collins’s correspondence for any consideration."
her,consent,female,pronoun,Did she call to refuse her consent?”
his,daughter,male,pronoun,"To this question his daughter replied only with a laugh; and as it had been asked without the least suspicion, she was not distressed by his repeating"
her,feeling,female,pronoun,Elizabeth had never been more at a loss to make her feelings appear what they were not.
her,father,female,pronoun,Her father had most cruelly mortified her by what he said of Mr. Darcy’s indifference; and she could do nothing but wonder at such a want of penetrati
darcy,indifference,male,name,Her father had most cruelly mortified her by what he said of Mr. Darcy’s indifference; and she could do nothing but wonder at such a want of penetrati
his,see,male,pronoun,Her father had most cruelly mortified her by what he said of Mr. Darcy’s indifference; and she could do nothing but wonder at such a want of penetrati
his,aunt,male,pronoun,[Illustration: “The efforts of his aunt”
his,friend,male,pronoun,"[Illustration] Instead of receiving any such letter of excuse from his friend, as Elizabeth half expected Mr. Bingley to do, he was able to bring Darc"
catherine,visit,female,name,"[Illustration] Instead of receiving any such letter of excuse from his friend, as Elizabeth half expected Mr. Bingley to do, he was able to bring Darc"
his,aunt,male,pronoun,"The gentlemen arrived early; and, before Mrs. Bennet had time to tell him of their having seen his aunt, of which her daughter sat in momentary dread,"
her,daughter,female,pronoun,"The gentlemen arrived early; and, before Mrs. Bennet had time to tell him of their having seen his aunt, of which her daughter sat in momentary dread,"
her,resolution,female,pronoun,"Now was the moment for her resolution to be executed; and while her courage was high, she immediately said,--"
her,courage,female,pronoun,"Now was the moment for her resolution to be executed; and while her courage was high, she immediately said,--"
lydia,thoughtlessness,female,name,"Lydia’s thoughtlessness first betrayed to me that you had been concerned in the matter; and, of course, I could not rest till I knew the particulars."
her,companion,female,pronoun,"After a short pause, her companion added, “You are too generous to trifle with me."
his,situation,male,pronoun,"Elizabeth, feeling all the more than common awkwardness and anxiety of his situation, now forced herself to speak; and immediately, though not very fl"
her,sentiment,female,pronoun,"Elizabeth, feeling all the more than common awkwardness and anxiety of his situation, now forced herself to speak; and immediately, though not very fl"
his,assurance,male,pronoun,"Elizabeth, feeling all the more than common awkwardness and anxiety of his situation, now forced herself to speak; and immediately, though not very fl"
his,eye,male,pronoun,"Had Elizabeth been able to encounter his eyes, she might have seen how well the expression of heartfelt delight diffused over his face became him: but"
his,face,male,pronoun,"Had Elizabeth been able to encounter his eyes, she might have seen how well the expression of heartfelt delight diffused over his face became him: but"
his,affection,male,pronoun,"Had Elizabeth been able to encounter his eyes, she might have seen how well the expression of heartfelt delight diffused over his face became him: but"
his,aunt,male,pronoun,"She soon learnt that they were indebted for their present good understanding to the efforts of his aunt, who _did_ call on him in her return through L"
her,return,female,pronoun,"She soon learnt that they were indebted for their present good understanding to the efforts of his aunt, who _did_ call on him in her return through L"
her,journey,female,pronoun,"She soon learnt that they were indebted for their present good understanding to the efforts of his aunt, who _did_ call on him in her return through L"
her,conversation,female,pronoun,"She soon learnt that they were indebted for their present good understanding to the efforts of his aunt, who _did_ call on him in her return through L"
her,ladyship,female,pronoun,"She soon learnt that they were indebted for their present good understanding to the efforts of his aunt, who _did_ call on him in her return through L"
her,perverseness,female,pronoun,"She soon learnt that they were indebted for their present good understanding to the efforts of his aunt, who _did_ call on him in her return through L"
her,endeavour,female,pronoun,"She soon learnt that they were indebted for their present good understanding to the efforts of his aunt, who _did_ call on him in her return through L"
her,nephew,female,pronoun,"She soon learnt that they were indebted for their present good understanding to the efforts of his aunt, who _did_ call on him in her return through L"
her,ladyship,female,pronoun,"But, unluckily for her Ladyship, its effect had been exactly contrariwise."
his,letter,male,pronoun,Darcy mentioned his letter.
her,prejudice,female,pronoun,"She explained what its effects on her had been, and how gradually all her former prejudices had been removed."
georgiana,delight,female,name,"He then told her of Georgiana’s delight in her acquaintance, and of her disappointment at its sudden interruption; which naturally leading to the caus"
her,acquaintance,female,pronoun,"He then told her of Georgiana’s delight in her acquaintance, and of her disappointment at its sudden interruption; which naturally leading to the caus"
her,disappointment,female,pronoun,"He then told her of Georgiana’s delight in her acquaintance, and of her disappointment at its sudden interruption; which naturally leading to the caus"
his,resolution,male,pronoun,"He then told her of Georgiana’s delight in her acquaintance, and of her disappointment at its sudden interruption; which naturally leading to the caus"
her,sister,female,pronoun,"He then told her of Georgiana’s delight in her acquaintance, and of her disappointment at its sudden interruption; which naturally leading to the caus"
his,gravity,male,pronoun,"He then told her of Georgiana’s delight in her acquaintance, and of her disappointment at its sudden interruption; which naturally leading to the caus"
her,gratitude,female,pronoun,"She expressed her gratitude again, but it was too painful a subject to each to be dwelt on farther."
his,friend,male,pronoun,Darcy was delighted with their engagement; his friend had given him the earliest information of it.
his,affair,male,pronoun,I told him of all that had occurred to make my former interference in his affairs absurd and impertinent.
his,surprise,male,pronoun,His surprise was great.
his,attachment,male,pronoun,"I told him, moreover, that I believed myself mistaken in supposing, as I had done, that your sister was indifferent to him; and as I could easily perc"
his,manner,male,pronoun,Elizabeth could not help smiling at his easy manner of directing his friend.
his,friend,male,pronoun,Elizabeth could not help smiling at his easy manner of directing his friend.
her,affection,female,pronoun,"I had narrowly observed her, during the two visits which I had lately made her here; and I was convinced of her affection.”"
his,diffidence,male,pronoun,"His diffidence had prevented his depending on his own judgment in so anxious a case, but his reliance on mine made everything easy."
his,depend,male,pronoun,"His diffidence had prevented his depending on his own judgment in so anxious a case, but his reliance on mine made everything easy."
his,judgment,male,pronoun,"His diffidence had prevented his depending on his own judgment in so anxious a case, but his reliance on mine made everything easy."
his,reliance,male,pronoun,"His diffidence had prevented his depending on his own judgment in so anxious a case, but his reliance on mine made everything easy."
his,anger,male,pronoun,"But his anger, I am persuaded, lasted no longer than he remained in any doubt of your sister’s sentiments."
sister,sentiment,female,role_noun,"But his anger, I am persuaded, lasted no longer than he remained in any doubt of your sister’s sentiments."
his,worth,male,pronoun,Elizabeth longed to observe that Mr. Bingley had been a most delightful friend; so easily guided that his worth was invaluable; but she checked hersel
his,own,male,pronoun,"In anticipating the happiness of Bingley, which of course was to be inferior only to his own, he continued the conversation till they reached the hous"
her,knowledge,female,pronoun,"She had only to say in reply, that they had wandered about till she was beyond her own knowledge."
her,situation,female,pronoun,She anticipated what would be felt in the family when her situation became known: she was aware that no one liked him but Jane; and even feared that w
his,fortune,male,pronoun,She anticipated what would be felt in the family when her situation became known: she was aware that no one liked him but Jane; and even feared that w
her,heart,female,pronoun,At night she opened her heart to Jane.
bennet,habit,male,name,"Though suspicion was very far from Miss Bennet’s general habits, she was absolutely incredulous here."
her,doubtingly,female,pronoun,Jane looked at her doubtingly.
his,ground,male,pronoun,"“It has been coming on so gradually, that I hardly know when it began; but I believe I must date it from my first seeing his beautiful grounds at Pemb"
her,assurance,female,pronoun,"Another entreaty that she would be serious, however, produced the desired effect; and she soon satisfied Jane by her solemn assurances of attachment."
his,love,male,pronoun,"Were it for nothing but his love of you, I must always have esteemed him; but now, as Bingley’s friend and your husband, there can be only Bingley and"
bingley,friend,male,name,"Were it for nothing but his love of you, I must always have esteemed him; but now, as Bingley’s friend and your husband, there can be only Bingley and"
her,secrecy,female,pronoun,Elizabeth told her the motives of her secrecy.
her,feeling,female,pronoun,She had been unwilling to mention Bingley; and the unsettled state of her own feelings had made her equally avoid the name of his friend: but now she 
his,friend,male,pronoun,She had been unwilling to mention Bingley; and the unsettled state of her own feelings had made her equally avoid the name of his friend: but now she 
his,share,male,pronoun,She had been unwilling to mention Bingley; and the unsettled state of her own feelings had made her equally avoid the name of his friend: but now she 
lydia,marriage,female,name,She had been unwilling to mention Bingley; and the unsettled state of her own feelings had made her equally avoid the name of his friend: but now she 
his,company,male,pronoun,"I had no notion but he would go a-shooting, or something or other, and not disturb us with his company."
bingley,way,male,name,"Lizzy, you must walk out with him again, that he may not be in Bingley’s way.”"
her,mother,female,pronoun,Elizabeth could hardly help laughing at so convenient a proposal; yet was really vexed that her mother should be always giving him such an epithet.
his,information,male,pronoun,"As soon as they entered, Bingley looked at her so expressively, and shook hands with such warmth, as left no doubt of his good information; and he soo"
her,way,female,pronoun,"As soon as they entered, Bingley looked at her so expressively, and shook hands with such warmth, as left no doubt of his good information; and he soo"
jane,sake,female,name,"It is all for Jane’s sake, you know; and there is no occasion for talking to him except just now and then; so do not put yourself to inconvenience.”"
bennet,consent,male,name,"During their walk, it was resolved that Mr. Bennet’s consent should be asked in the course of the evening: Elizabeth reserved to herself the applicati"
her,mother,female,pronoun,"During their walk, it was resolved that Mr. Bennet’s consent should be asked in the course of the evening: Elizabeth reserved to herself the applicati"
her,mother,female,pronoun,She could not determine how her mother would take it; sometimes doubting whether all his wealth and grandeur would be enough to overcome her abhorrenc
his,wealth,male,pronoun,She could not determine how her mother would take it; sometimes doubting whether all his wealth and grandeur would be enough to overcome her abhorrenc
her,abhorrence,female,pronoun,She could not determine how her mother would take it; sometimes doubting whether all his wealth and grandeur would be enough to overcome her abhorrenc
her,manner,female,pronoun,She could not determine how her mother would take it; sometimes doubting whether all his wealth and grandeur would be enough to overcome her abhorrenc
her,sense,female,pronoun,She could not determine how her mother would take it; sometimes doubting whether all his wealth and grandeur would be enough to overcome her abhorrenc
her,joy,female,pronoun,She could not determine how her mother would take it; sometimes doubting whether all his wealth and grandeur would be enough to overcome her abhorrenc
her,disapprobation,female,pronoun,She could not determine how her mother would take it; sometimes doubting whether all his wealth and grandeur would be enough to overcome her abhorrenc
her,agitation,female,pronoun,"In the evening, soon after Mr. Bennet withdrew to the library, she saw Mr. Darcy rise also and follow him, and her agitation on seeing it was extreme."
her,father,female,pronoun,"She did not fear her father’s opposition, but he was going to be made unhappy, and that it should be through her means; that _she_, his favourite chil"
father,opposition,male,role_noun,"She did not fear her father’s opposition, but he was going to be made unhappy, and that it should be through her means; that _she_, his favourite chil"
her,mean,female,pronoun,"She did not fear her father’s opposition, but he was going to be made unhappy, and that it should be through her means; that _she_, his favourite chil"
his,child,male,pronoun,"She did not fear her father’s opposition, but he was going to be made unhappy, and that it should be through her means; that _she_, his favourite chil"
her,choice,female,pronoun,"She did not fear her father’s opposition, but he was going to be made unhappy, and that it should be through her means; that _she_, his favourite chil"
his,smile,male,pronoun,"She did not fear her father’s opposition, but he was going to be made unhappy, and that it should be through her means; that _she_, his favourite chil"
her,work,female,pronoun,"In a few minutes he approached the table where she was sitting with Kitty; and, while pretending to admire her work, said in a whisper, “Go to your fa"
her,father,female,pronoun,"Her father was walking about the room, looking grave and anxious."
her,opinion,female,pronoun,"How earnestly did she then wish that her former opinions had been more reasonable, her expressions more moderate!"
her,expression,female,pronoun,"How earnestly did she then wish that her former opinions had been more reasonable, her expressions more moderate!"
her,attachment,female,pronoun,"It would have spared her from explanations and professions which it was exceedingly awkward to give; but they were now necessary, and she assured him,"
her,eye,female,pronoun,"“I do, I do like him,” she replied, with tears in her eyes; “I love him."
her,father,female,pronoun,"“Lizzy,” said her father, “I have given him my consent."
her,reply,female,pronoun,"Elizabeth, still more affected, was earnest and solemn in her reply; and, at length, by repeated assurances that Mr. Darcy was really the object of he"
her,choice,female,pronoun,"Elizabeth, still more affected, was earnest and solemn in her reply; and, at length, by repeated assurances that Mr. Darcy was really the object of he"
her,estimation,female,pronoun,"Elizabeth, still more affected, was earnest and solemn in her reply; and, at length, by repeated assurances that Mr. Darcy was really the object of he"
her,certainty,female,pronoun,"Elizabeth, still more affected, was earnest and solemn in her reply; and, at length, by repeated assurances that Mr. Darcy was really the object of he"
his,affection,male,pronoun,"Elizabeth, still more affected, was earnest and solemn in her reply; and, at length, by repeated assurances that Mr. Darcy was really the object of he"
his,quality,male,pronoun,"Elizabeth, still more affected, was earnest and solemn in her reply; and, at length, by repeated assurances that Mr. Darcy was really the object of he"
her,father,female,pronoun,"Elizabeth, still more affected, was earnest and solemn in her reply; and, at length, by repeated assurances that Mr. Darcy was really the object of he"
father,incredulity,male,role_noun,"Elizabeth, still more affected, was earnest and solemn in her reply; and, at length, by repeated assurances that Mr. Darcy was really the object of he"
his,commission,male,pronoun,"And so, Darcy did everything; made up the match, gave the money, paid the fellow’s debts, and got him his commission!"
his,love,male,pronoun,"I shall offer to pay him to-morrow, he will rant and storm about his love for you, and there will be an end of the matter.”"
her,embarrassment,female,pronoun,"He then recollected her embarrassment a few days before on his reading Mr. Collins’s letter; and after laughing at her some time, allowed her at last "
his,reading,male,pronoun,"He then recollected her embarrassment a few days before on his reading Mr. Collins’s letter; and after laughing at her some time, allowed her at last "
collins,letter,male,name,"He then recollected her embarrassment a few days before on his reading Mr. Collins’s letter; and after laughing at her some time, allowed her at last "
elizabeth,mind,female,name,"Elizabeth’s mind was now relieved from a very heavy weight; and, after half an hour’s quiet reflection in her own room, she was able to join the other"
her,room,female,pronoun,"Elizabeth’s mind was now relieved from a very heavy weight; and, after half an hour’s quiet reflection in her own room, she was able to join the other"
her,mother,female,pronoun,"When her mother went up to her dressing-room at night, she followed her, and made the important communication."
her,room,female,pronoun,"When her mother went up to her dressing-room at night, she followed her, and made the important communication."
her,family,female,pronoun,"Nor was it under many, many minutes, that she could comprehend what she heard, though not in general backward to credit what was for the advantage of "
her,chair,female,pronoun,"She began at length to recover, to fidget about in her chair, get up, sit down again, wonder, and bless herself."
her,approbation,female,pronoun,"This was enough to prove that her approbation need not be doubted; and Elizabeth, rejoicing that such an effusion was heard only by herself, soon went"
her,room,female,pronoun,"But before she had been three minutes in her own room, her mother followed her."
her,mother,female,pronoun,"But before she had been three minutes in her own room, her mother followed her."
her,mother,female,pronoun,"This was a sad omen of what her mother’s behaviour to the gentleman himself might be; and Elizabeth found that, though in the certain possession of hi"
mother,behaviour,female,role_noun,"This was a sad omen of what her mother’s behaviour to the gentleman himself might be; and Elizabeth found that, though in the certain possession of hi"
his,affection,male,pronoun,"This was a sad omen of what her mother’s behaviour to the gentleman himself might be; and Elizabeth found that, though in the certain possession of hi"
her,relation,female,pronoun,"This was a sad omen of what her mother’s behaviour to the gentleman himself might be; and Elizabeth found that, though in the certain possession of hi"
her,son,female,pronoun,"But the morrow passed off much better than she expected; for Mrs. Bennet luckily stood in such awe of her intended son-in-law, that she ventured not t"
her,power,female,pronoun,"But the morrow passed off much better than she expected; for Mrs. Bennet luckily stood in such awe of her intended son-in-law, that she ventured not t"
her,deference,female,pronoun,"But the morrow passed off much better than she expected; for Mrs. Bennet luckily stood in such awe of her intended son-in-law, that she ventured not t"
his,opinion,male,pronoun,"But the morrow passed off much better than she expected; for Mrs. Bennet luckily stood in such awe of her intended son-in-law, that she ventured not t"
her,father,female,pronoun,Elizabeth had the satisfaction of seeing her father taking pains to get acquainted with him; and Mr. Bennet soon assured her that he was rising every 
his,esteem,male,pronoun,Elizabeth had the satisfaction of seeing her father taking pains to get acquainted with him; and Mr. Bennet soon assured her that he was rising every 
elizabeth,spirit,female,name,"[Illustration] Elizabeth’s spirits soon rising to playfulness again, she wanted Mr. Darcy to account for his having ever fallen in love with her."
catherine,endeavour,female,name,Lady Catherine’s unjustifiable endeavours to separate us were the means of removing all my doubts.
her,intimacy,female,pronoun,"From an unwillingness to confess how much her intimacy with Mr. Darcy had been overrated, Elizabeth had never yet answered Mrs. Gardiner’s long letter"
her,uncle,female,pronoun,"From an unwillingness to confess how much her intimacy with Mr. Darcy had been overrated, Elizabeth had never yet answered Mrs. Gardiner’s long letter"
darcy,letter,male,name,"Mr. Darcy’s letter to Lady Catherine was in a different style, and still different from either was what Mr. Bennet sent to Mr. Collins, in return for "
his,last,male,pronoun,"Mr. Darcy’s letter to Lady Catherine was in a different style, and still different from either was what Mr. Bennet sent to Mr. Collins, in return for "
bingley,congratulation,male,name,Miss Bingley’s congratulations to her brother on his approaching marriage were all that was affectionate and insincere.
her,brother,female,pronoun,Miss Bingley’s congratulations to her brother on his approaching marriage were all that was affectionate and insincere.
his,marriage,male,pronoun,Miss Bingley’s congratulations to her brother on his approaching marriage were all that was affectionate and insincere.
her,delight,female,pronoun,"She wrote even to Jane on the occasion, to express her delight, and repeat all her former professions of regard."
her,profession,female,pronoun,"She wrote even to Jane on the occasion, to express her delight, and repeat all her former professions of regard."
her,brother,female,pronoun,The joy which Miss Darcy expressed on receiving similar information was as sincere as her brother’s in sending it.
her,delight,female,pronoun,"Four sides of paper were insufficient to contain all her delight, and all her earnest desire of being loved by her sister."
her,desire,female,pronoun,"Four sides of paper were insufficient to contain all her delight, and all her earnest desire of being loved by her sister."
her,sister,female,pronoun,"Four sides of paper were insufficient to contain all her delight, and all her earnest desire of being loved by her sister."
his,wife,male,pronoun,"Before any answer could arrive from Mr. Collins, or any congratulations to Elizabeth from his wife, the Longbourn family heard that the Collinses were"
her,nephew,female,pronoun,"Lady Catherine had been rendered so exceedingly angry by the contents of her nephew’s letter, that Charlotte, really rejoicing in the match, was anxio"
her,friend,female,pronoun,"At such a moment, the arrival of her friend was a sincere pleasure to Elizabeth, though in the course of their meetings she must sometimes think the p"
her,husband,female,pronoun,"At such a moment, the arrival of her friend was a sincere pleasure to Elizabeth, though in the course of their meetings she must sometimes think the p"
his,hope,male,pronoun,"He could even listen to Sir William Lucas, when he complimented him on carrying away the brightest jewel of the country, and expressed his hopes of th"
his,shoulder,male,pronoun,"If he did shrug his shoulders, it was not till Sir William was out of sight."
his,forbearance,male,pronoun,"Mrs. Philips’s vulgarity was another, and, perhaps, a greater tax on his forbearance; and though Mrs. Philips, as well as her sister, stood in too muc"
her,sister,female,pronoun,"Mrs. Philips’s vulgarity was another, and, perhaps, a greater tax on his forbearance; and though Mrs. Philips, as well as her sister, stood in too muc"
her,respect,female,pronoun,"Nor was her respect for him, though it made her more quiet, at all likely to make her more elegant."
her,family,female,pronoun,"Elizabeth did all she could to shield him from the frequent notice of either, and was ever anxious to keep him to herself, and to those of her family "
her,feeling,female,pronoun,[Illustration] Happy for all her maternal feelings was the day on which Mrs. Bennet got rid of her two most deserving daughters.
her,daughter,female,pronoun,[Illustration] Happy for all her maternal feelings was the day on which Mrs. Bennet got rid of her two most deserving daughters.
her,family,female,pronoun,"I wish I could say, for the sake of her family, that the accomplishment of her earnest desire in the establishment of so many of her children produced"
her,desire,female,pronoun,"I wish I could say, for the sake of her family, that the accomplishment of her earnest desire in the establishment of so many of her children produced"
her,child,female,pronoun,"I wish I could say, for the sake of her family, that the accomplishment of her earnest desire in the establishment of so many of her children produced"
her,life,female,pronoun,"I wish I could say, for the sake of her family, that the accomplishment of her earnest desire in the establishment of so many of her children produced"
her,husband,female,pronoun,"I wish I could say, for the sake of her family, that the accomplishment of her earnest desire in the establishment of so many of her children produced"
his,daughter,male,pronoun,Mr. Bennet missed his second daughter exceedingly; his affection for her drew him oftener from home than anything else could do.
his,affection,male,pronoun,Mr. Bennet missed his second daughter exceedingly; his affection for her drew him oftener from home than anything else could do.
her,mother,female,pronoun,"So near a vicinity to her mother and Meryton relations was not desirable even to _his_ easy temper, or _her_ affectionate heart."
his,temper,male,pronoun,"So near a vicinity to her mother and Meryton relations was not desirable even to _his_ easy temper, or _her_ affectionate heart."
his,sister,male,pronoun,"The darling wish of his sisters was then gratified: he bought an estate in a neighbouring county to Derbyshire; and Jane and Elizabeth, in addition to"
her,advantage,female,pronoun,"Kitty, to her very material advantage, spent the chief of her time with her two elder sisters."
her,time,female,pronoun,"Kitty, to her very material advantage, spent the chief of her time with her two elder sisters."
her,sister,female,pronoun,"Kitty, to her very material advantage, spent the chief of her time with her two elder sisters."
her,improvement,female,pronoun,"In society so superior to what she had generally known, her improvement was great."
lydia,example,female,name,"She was not of so ungovernable a temper as Lydia; and, removed from the influence of Lydia’s example, she became, by proper attention and management, "
lydia,society,female,name,From the further disadvantage of Lydia’s society she was of course carefully kept; and though Mrs. Wickham frequently invited her to come and stay wit
her,father,female,pronoun,From the further disadvantage of Lydia’s society she was of course carefully kept; and though Mrs. Wickham frequently invited her to come and stay wit
her,sister,female,pronoun,"Mary was obliged to mix more with the world, but she could still moralize over every morning visit; and as she was no longer mortified by comparisons "
sister,beauty,female,role_noun,"Mary was obliged to mix more with the world, but she could still moralize over every morning visit; and as she was no longer mortified by comparisons "
her,own,female,pronoun,"Mary was obliged to mix more with the world, but she could still moralize over every morning visit; and as she was no longer mortified by comparisons "
her,father,female,pronoun,"Mary was obliged to mix more with the world, but she could still moralize over every morning visit; and as she was no longer mortified by comparisons "
her,sister,female,pronoun,"As for Wickham and Lydia, their characters suffered no revolution from the marriage of her sisters."
his,ingratitude,male,pronoun,He bore with philosophy the conviction that Elizabeth must now become acquainted with whatever of his ingratitude and falsehood had before been unknow
his,fortune,male,pronoun,He bore with philosophy the conviction that Elizabeth must now become acquainted with whatever of his ingratitude and falsehood had before been unknow
her,marriage,female,pronoun,"The congratulatory letter which Elizabeth received from Lydia on her marriage explained to her that, by his wife at least, if not by himself, such a h"
his,wife,male,pronoun,"The congratulatory letter which Elizabeth received from Lydia on her marriage explained to her that, by his wife at least, if not by himself, such a h"
her,answer,female,pronoun,"As it happened that Elizabeth had much rather not, she endeavoured in her answer to put an end to every entreaty and expectation of the kind."
her,power,female,pronoun,"Such relief, however, as it was in her power to afford, by the practice of what might be called economy in her own private expenses, she frequently se"
her,expense,female,pronoun,"Such relief, however, as it was in her power to afford, by the practice of what might be called economy in her own private expenses, she frequently se"
his,affection,male,pronoun,"His affection for her soon sunk into indifference: hers lasted a little longer; and, in spite of her youth and her manners, she retained all the claim"
her,youth,female,pronoun,"His affection for her soon sunk into indifference: hers lasted a little longer; and, in spite of her youth and her manners, she retained all the claim"
her,manner,female,pronoun,"His affection for her soon sunk into indifference: hers lasted a little longer; and, in spite of her youth and her manners, she retained all the claim"
her,marriage,female,pronoun,"His affection for her soon sunk into indifference: hers lasted a little longer; and, in spite of her youth and her manners, she retained all the claim"
elizabeth,sake,female,name,"Though Darcy could never receive _him_ at Pemberley, yet, for Elizabeth’s sake, he assisted him further in his profession."
his,profession,male,pronoun,"Though Darcy could never receive _him_ at Pemberley, yet, for Elizabeth’s sake, he assisted him further in his profession."
her,husband,female,pronoun,"Lydia was occasionally a visitor there, when her husband was gone to enjoy himself in London or Bath; and with the Bingleys they both of them frequent"
bingley,humour,male,name,"Lydia was occasionally a visitor there, when her husband was gone to enjoy himself in London or Bath; and with the Bingleys they both of them frequent"
darcy,marriage,male,name,"Miss Bingley was very deeply mortified by Darcy’s marriage; but as she thought it advisable to retain the right of visiting at Pemberley, she dropped "
her,resentment,female,pronoun,"Miss Bingley was very deeply mortified by Darcy’s marriage; but as she thought it advisable to retain the right of visiting at Pemberley, she dropped "
georgiana,home,female,name,Pemberley was now Georgiana’s home; and the attachment of the sisters was exactly what Darcy had hoped to see.
her,manner,female,pronoun,"Georgiana had the highest opinion in the world of Elizabeth; though at first she often listened with an astonishment bordering on alarm at her lively,"
her,brother,female,pronoun,"Georgiana had the highest opinion in the world of Elizabeth; though at first she often listened with an astonishment bordering on alarm at her lively,"
her,affection,female,pronoun,"He, who had always inspired in herself a respect which almost overcame her affection, she now saw the object of open pleasantry."
her,mind,female,pronoun,Her mind received knowledge which had never before fallen in her way.
her,way,female,pronoun,Her mind received knowledge which had never before fallen in her way.
elizabeth,instruction,female,name,"By Elizabeth’s instructions she began to comprehend that a woman may take liberties with her husband, which a brother will not always allow in a siste"
her,husband,female,pronoun,"By Elizabeth’s instructions she began to comprehend that a woman may take liberties with her husband, which a brother will not always allow in a siste"
her,nephew,female,pronoun,"Lady Catherine was extremely indignant on the marriage of her nephew; and as she gave way to all the genuine frankness of her character, in her reply "
her,character,female,pronoun,"Lady Catherine was extremely indignant on the marriage of her nephew; and as she gave way to all the genuine frankness of her character, in her reply "
her,reply,female,pronoun,"Lady Catherine was extremely indignant on the marriage of her nephew; and as she gave way to all the genuine frankness of her character, in her reply "
elizabeth,persuasion,female,name,"But at length, by Elizabeth’s persuasion, he was prevailed on to overlook the offence, and seek a reconciliation; and, after a little further resistan"
his,aunt,male,pronoun,"But at length, by Elizabeth’s persuasion, he was prevailed on to overlook the offence, and seek a reconciliation; and, after a little further resistan"
her,resentment,female,pronoun,"But at length, by Elizabeth’s persuasion, he was prevailed on to overlook the offence, and seek a reconciliation; and, after a little further resistan"
her,affection,female,pronoun,"But at length, by Elizabeth’s persuasion, he was prevailed on to overlook the offence, and seek a reconciliation; and, after a little further resistan"
her,curiosity,female,pronoun,"But at length, by Elizabeth’s persuasion, he was prevailed on to overlook the offence, and seek a reconciliation; and, after a little further resistan"
his,wife,male,pronoun,"But at length, by Elizabeth’s persuasion, he was prevailed on to overlook the offence, and seek a reconciliation; and, after a little further resistan"
her,uncle,female,pronoun,"But at length, by Elizabeth’s persuasion, he was prevailed on to overlook the offence, and seek a reconciliation; and, after a little further resistan"
