subject,verb,gender,tier,dep_type,is_passive,example
he,consider,male,pronoun,nsubjpass,True,"However little known the feelings or views of such a man may be on his first entering a neighbourhood, this truth is so well fixed in the minds of the"
lady,say,female,role_noun,nsubj,False,"“My dear Mr. Bennet,” said his lady to him one day, “have you heard that Netherfield Park is let at last?”"
bennet,reply,male,name,nsubj,False,Mr. Bennet replied that he had not.
he,have,male,pronoun,nsubj,False,Mr. Bennet replied that he had not.
she,return,female,pronoun,nsubj,False,"“But it is,” returned she; “for Mrs. Long has just been here, and she told me all about it.”"
she,tell,female,pronoun,nsubj,False,"“But it is,” returned she; “for Mrs. Long has just been here, and she told me all about it.”"
bennet,make,male,name,nsubj,False,Mr. Bennet made no answer.
he,come,male,pronoun,nsubj,False,[Illustration: “He came down to see the place” [_Copyright 1894 by George Allen._]]
he,come,male,pronoun,nsubj,False,"“Why, my dear, you must know, Mrs. Long says that Netherfield is taken by a young man of large fortune from the north of England; that he came down on"
he,agree,male,pronoun,nsubj,False,"“Why, my dear, you must know, Mrs. Long says that Netherfield is taken by a young man of large fortune from the north of England; that he came down on"
his,marry,male,pronoun,nsubj,False,You must know that I am thinking of his marrying one of them.”
he,fall,male,pronoun,nsubj,False,"But it is very likely that he _may_ fall in love with one of them, and therefore you must visit him as soon as he comes.”"
he,come,male,pronoun,nsubj,False,"But it is very likely that he _may_ fall in love with one of them, and therefore you must visit him as soon as he comes.”"
bingley,like,male,name,nsubj,False,"You and the girls may go--or you may send them by themselves, which perhaps will be still better; for as you are as handsome as any of them, Mr. Bingl"
woman,have,female,role_noun,nsubj,False,"When a woman has five grown-up daughters, she ought to give over thinking of her own beauty.”"
he,come,male,pronoun,nsubj,False,"“But, my dear, you must indeed go and see Mr. Bingley when he comes into the neighbourhood.”"
he,choose,male,pronoun,nsubj,False,I dare say Mr. Bingley will be very glad to see you; and I will send a few lines by you to assure him of my hearty consent to his marrying whichever h
man,come,male,role_noun,nsubj,False,"“But I hope you will get over it, and live to see many young men of four thousand a year come into the neighbourhood.”"
wife,understand,female,role_noun,nsubj,False,"Mr. Bennet was so odd a mixture of quick parts, sarcastic humour, reserve, and caprice, that the experience of three-and-twenty years had been insuffi"
she,discontent,female,pronoun,nsubjpass,True,"When she was discontented, she fancied herself nervous."
she,fancy,female,pronoun,nsubj,False,"When she was discontented, she fancied herself nervous."
daughter,marry,female,role_noun,nsubj,False,The business of her life was to get her daughters married: its solace was visiting and news.
bingley,like,male,name,nsubj,False,[Illustration: “I hope Mr. Bingley will like it”
he,intend,male,pronoun,nsubj,False,"He had always intended to visit him, though to the last always assuring his wife that he should not go; and till the evening after the visit was paid "
he,go,male,pronoun,nsubj,False,"He had always intended to visit him, though to the last always assuring his wife that he should not go; and till the evening after the visit was paid "
she,have,female,pronoun,nsubj,False,"He had always intended to visit him, though to the last always assuring his wife that he should not go; and till the evening after the visit was paid "
he,address,male,pronoun,nsubj,False,"Observing his second daughter employed in trimming a hat, he suddenly addressed her with,--"
bingley,like,male,name,nsubj,False,"“I hope Mr. Bingley will like it, Lizzy.”"
bingley,like,male,name,nsubj,False,"Mr. Bingley likes,” said her mother, resentfully, “since we are not to visit.”"
mother,say,female,role_noun,nsubj,False,"Mr. Bingley likes,” said her mother, resentfully, “since we are not to visit.”"
elizabeth,say,female,name,nsubj,False,"“But you forget, mamma,” said Elizabeth, “that we shall meet him at the assemblies, and that Mrs. Long has promised to introduce him.”"
she,have,female,pronoun,nsubj,False,She has two nieces of her own.
bennet,say,male,name,nsubj,False,"“No more have I,” said Mr. Bennet; “and I am glad to find that you do not depend on her serving you.”"
she,serve,female,pronoun,nsubj,False,"“No more have I,” said Mr. Bennet; “and I am glad to find that you do not depend on her serving you.”"
bennet,deign,male,name,nsubj,False,"Mrs. Bennet deigned not to make any reply; but, unable to contain herself, began scolding one of her daughters."
kitty,have,female,name,nsubj,False,"“Kitty has no discretion in her coughs,” said her father; “she times them ill.”"
father,say,male,role_noun,nsubj,False,"“Kitty has no discretion in her coughs,” said her father; “she times them ill.”"
she,time,female,pronoun,nsubj,False,"“Kitty has no discretion in her coughs,” said her father; “she times them ill.”"
kitty,reply,female,name,nsubj,False,"“I do not cough for my own amusement,” replied Kitty, fretfully."
she,introduce,female,pronoun,nsubj,False,"“Ay, so it is,” cried her mother, “and Mrs. Long does not come back till the day before; so, it will be impossible for her to introduce him, for she w"
she,know,female,pronoun,nsubj,False,"“Ay, so it is,” cried her mother, “and Mrs. Long does not come back till the day before; so, it will be impossible for her to introduce him, for she w"
she,think,female,pronoun,nsubj,False,"But if _we_ do not venture, somebody else will; and after all, Mrs. Long and her nieces must stand their chance; and, therefore, as she will think it "
girl,stare,female,role_noun,nsubj,False,The girls stared at their father.
bennet,say,male,name,nsubj,False,"Mrs. Bennet said only, “Nonsense, nonsense!”"
he,cry,male,pronoun,nsubj,False,“What can be the meaning of that emphatic exclamation?” cried he.
mary,wish,female,name,nsubj,False,"Mary wished to say something very sensible, but knew not how."
mary,adjust,female,name,nsubj,False,"“While Mary is adjusting her ideas,” he continued, “let us return to Mr. Bingley.”"
he,continue,male,pronoun,nsubj,False,"“While Mary is adjusting her ideas,” he continued, “let us return to Mr. Bingley.”"
wife,cry,female,role_noun,nsubj,False,"“I am sick of Mr. Bingley,” cried his wife."
he,wish,male,pronoun,nsubj,False,"The astonishment of the ladies was just what he wished--that of Mrs. Bennet perhaps surpassing the rest; though when the first tumult of joy was over,"
she,begin,female,pronoun,nsubj,False,"The astonishment of the ladies was just what he wished--that of Mrs. Bennet perhaps surpassing the rest; though when the first tumult of joy was over,"
she,expect,female,pronoun,nsubj,False,"The astonishment of the ladies was just what he wished--that of Mrs. Bennet perhaps surpassing the rest; though when the first tumult of joy was over,"
bennet,say,male,name,nsubj,False,"“Now, Kitty, you may cough as much as you choose,” said Mr. Bennet; and, as he spoke, he left the room, fatigued with the raptures of his wife."
he,speak,male,pronoun,nsubj,False,"“Now, Kitty, you may cough as much as you choose,” said Mr. Bennet; and, as he spoke, he left the room, fatigued with the raptures of his wife."
he,leave,male,pronoun,nsubj,False,"“Now, Kitty, you may cough as much as you choose,” said Mr. Bennet; and, as he spoke, he left the room, fatigued with the raptures of his wife."
she,say,female,pronoun,nsubj,False,"“What an excellent father you have, girls,” said she, when the door was shut."
lydia,say,female,name,nsubj,False,"Lydia, my love, though you _are_ the youngest, I dare say Mr. Bingley will dance with you at the next ball.”"
bingley,dance,male,name,nsubj,False,"Lydia, my love, though you _are_ the youngest, I dare say Mr. Bingley will dance with you at the next ball.”"
lydia,say,female,name,nsubj,False,"“Oh,” said Lydia, stoutly, “I am not afraid; for though I _am_ the youngest, I’m the tallest.”"
he,return,male,pronoun,nsubj,False,"The rest of the evening was spent in conjecturing how soon he would return Mr. Bennet’s visit, and determining when they should ask him to dinner."
he,ride,male,pronoun,nsubj,False,[Illustration: “He rode a black horse” ] CHAPTER III.
bennet,ask,male,name,nsubj,False,"[Illustration] Not all that Mrs. Bennet, however, with the assistance of her five daughters, could ask on the subject, was sufficient to draw from her"
he,elude,male,pronoun,nsubj,False,"They attacked him in various ways, with barefaced questions, ingenious suppositions, and distant surmises; but he eluded the skill of them all; and th"
he,mean,male,pronoun,nsubj,False,"He was quite young, wonderfully handsome, extremely agreeable, and, to crown the whole, he meant to be at the next assembly with a large party."
bennet,say,male,name,nsubj,False,"“If I can but see one of my daughters happily settled at Netherfield,” said Mrs. Bennet to her husband, “and all the others equally well married, I sh"
bingley,return,male,name,nsubj,False,"In a few days Mr. Bingley returned Mr. Bennet’s visit, and sat about ten minutes with him in his library."
he,entertain,male,pronoun,nsubj,False,"He had entertained hopes of being admitted to a sight of the young ladies, of whose beauty he had heard much; but he saw only the father."
he,hear,male,pronoun,nsubj,False,"He had entertained hopes of being admitted to a sight of the young ladies, of whose beauty he had heard much; but he saw only the father."
he,see,male,pronoun,nsubj,False,"He had entertained hopes of being admitted to a sight of the young ladies, of whose beauty he had heard much; but he saw only the father."
he,wear,male,pronoun,nsubj,False,"The ladies were somewhat more fortunate, for they had the advantage of ascertaining, from an upper window, that he wore a blue coat and rode a black h"
bennet,plan,male,name,nsubj,False,"An invitation to dinner was soon afterwards despatched; and already had Mrs. Bennet planned the courses that were to do credit to her housekeeping, wh"
bingley,oblige,male,name,nsubjpass,True,"Mr. Bingley was obliged to be in town the following day, and consequently unable to accept the honour of their invitation, etc."
bennet,disconcert,male,name,nsubjpass,True,Mrs. Bennet was quite disconcerted.
she,imagine,female,pronoun,nsubj,False,She could not imagine what business he could have in town so soon after his arrival in Hertfordshire; and she began to fear that he might always be fl
he,have,male,pronoun,nsubj,False,She could not imagine what business he could have in town so soon after his arrival in Hertfordshire; and she began to fear that he might always be fl
she,begin,female,pronoun,nsubj,False,She could not imagine what business he could have in town so soon after his arrival in Hertfordshire; and she began to fear that he might always be fl
he,fly,male,pronoun,nsubj,False,She could not imagine what business he could have in town so soon after his arrival in Hertfordshire; and she began to fear that he might always be fl
girl,grieve,female,role_noun,nsubj,False,"The girls grieved over such a number of ladies; but were comforted the day before the ball by hearing that, instead of twelve, he had brought only six"
he,bring,male,pronoun,nsubj,False,"The girls grieved over such a number of ladies; but were comforted the day before the ball by hearing that, instead of twelve, he had brought only six"
he,have,male,pronoun,nsubj,False,"Mr. Bingley was good-looking and gentlemanlike: he had a pleasant countenance, and easy, unaffected manners."
his,have,male,pronoun,nsubj,False,"His brother-in-law, Mr. Hurst, merely looked the gentleman; but his friend Mr. Darcy soon drew the attention of the room by his fine, tall person, han"
gentleman,pronounce,male,role_noun,nsubj,False,"The gentlemen pronounced him to be a fine figure of a man, the ladies declared he was much handsomer than Mr. Bingley, and he was looked at with great"
lady,declare,female,role_noun,nsubj,False,"The gentlemen pronounced him to be a fine figure of a man, the ladies declared he was much handsomer than Mr. Bingley, and he was looked at with great"
he,look,male,pronoun,nsubjpass,True,"The gentlemen pronounced him to be a fine figure of a man, the ladies declared he was much handsomer than Mr. Bingley, and he was looked at with great"
he,discover,male,pronoun,nsubjpass,True,"The gentlemen pronounced him to be a fine figure of a man, the ladies declared he was much handsomer than Mr. Bingley, and he was looked at with great"
bingley,make,male,name,nsubj,False,"Mr. Bingley had soon made himself acquainted with all the principal people in the room: he was lively and unreserved, danced every dance, was angry th"
himself,acquaint,male,pronoun,nsubj,False,"Mr. Bingley had soon made himself acquainted with all the principal people in the room: he was lively and unreserved, danced every dance, was angry th"
darcy,dance,male,name,nsubj,False,"Mr. Darcy danced only once with Mrs. Hurst and once with Miss Bingley, declined being introduced to any other lady, and spent the rest of the evening "
he,come,male,pronoun,nsubj,False,"He was the proudest, most disagreeable man in the world, and everybody hoped that he would never come there again."
his,slight,male,pronoun,nsubj,False,"Amongst the most violent against him was Mrs. Bennet, whose dislike of his general behaviour was sharpened into particular resentment by his having sl"
bennet,oblige,male,name,nsubjpass,True,"Elizabeth Bennet had been obliged, by the scarcity of gentlemen, to sit down for two dances; and during part of that time, Mr. Darcy had been standing"
darcy,stand,male,name,nsubj,False,"Elizabeth Bennet had been obliged, by the scarcity of gentlemen, to sit down for two dances; and during part of that time, Mr. Darcy had been standing"
she,overhear,female,pronoun,nsubj,False,"Elizabeth Bennet had been obliged, by the scarcity of gentlemen, to sit down for two dances; and during part of that time, Mr. Darcy had been standing"
he,say,male,pronoun,nsubj,False,"“Come, Darcy,” said he, “I must have you dance."
sister,engage,female,role_noun,nsubjpass,True,"Your sisters are engaged, and there is not another woman in the room whom it would not be a punishment to me to stand up with.”"
bingley,cry,male,name,nsubj,False,"“I would not be so fastidious as you are,” cried Bingley, “for a kingdom!"
darcy,say,male,name,nsubj,False,"“_You_ are dancing with the only handsome girl in the room,” said Mr. Darcy, looking at the eldest Miss Bennet."
he,look,male,pronoun,nsubj,False,"[_Copyright 1894 by George Allen._]] “Which do you mean?” and turning round, he looked for a moment at Elizabeth, till, catching her eye, he withdrew "
he,withdraw,male,pronoun,nsubj,False,"[_Copyright 1894 by George Allen._]] “Which do you mean?” and turning round, he looked for a moment at Elizabeth, till, catching her eye, he withdrew "
bingley,follow,male,name,nsubj,False,Mr. Bingley followed his advice.
darcy,walk,male,name,nsubj,False,Mr. Darcy walked off; and Elizabeth remained with no very cordial feelings towards him.
elizabeth,remain,female,name,nsubj,False,Mr. Darcy walked off; and Elizabeth remained with no very cordial feelings towards him.
she,tell,female,pronoun,nsubj,False,"She told the story, however, with great spirit among her friends; for she had a lively, playful disposition, which delighted in anything ridiculous."
she,have,female,pronoun,nsubj,False,"She told the story, however, with great spirit among her friends; for she had a lively, playful disposition, which delighted in anything ridiculous."
bennet,see,male,name,nsubj,False,Mrs. Bennet had seen her eldest daughter much admired by the Netherfield party.
daughter,admire,female,role_noun,nsubj,False,Mrs. Bennet had seen her eldest daughter much admired by the Netherfield party.
bingley,dance,male,name,nsubj,False,"Mr. Bingley had danced with her twice, and she had been distinguished by his sisters."
she,distinguish,female,pronoun,nsubjpass,True,"Mr. Bingley had danced with her twice, and she had been distinguished by his sisters."
elizabeth,feel,female,name,nsubj,False,Elizabeth felt Jane’s pleasure.
mary,hear,female,name,nsubj,False,Mary had heard herself mentioned to Miss Bingley as the most accomplished girl in the neighbourhood; and Catherine and Lydia had been fortunate enough
herself,mention,female,pronoun,nsubj,False,Mary had heard herself mentioned to Miss Bingley as the most accomplished girl in the neighbourhood; and Catherine and Lydia had been fortunate enough
he,have,male,pronoun,nsubj,False,"With a book, he was regardless of time; and on the present occasion he had a good deal of curiosity as to the event of an evening which had raised suc"
he,hope,male,pronoun,nsubj,False,He had rather hoped that all his wife’s views on the stranger would be disappointed; but he soon found that he had a very different story to hear.
he,find,male,pronoun,nsubj,False,He had rather hoped that all his wife’s views on the stranger would be disappointed; but he soon found that he had a very different story to hear.
he,have,male,pronoun,nsubj,False,He had rather hoped that all his wife’s views on the stranger would be disappointed; but he soon found that he had a very different story to hear.
bennet,have,male,name,nsubj,False,"“Oh, my dear Mr. Bennet,” as she entered the room, “we have had a most delightful evening, a most excellent ball."
she,enter,female,pronoun,nsubj,False,"“Oh, my dear Mr. Bennet,” as she entered the room, “we have had a most delightful evening, a most excellent ball."
she,look,female,pronoun,nsubj,False,"Everybody said how well she looked; and Mr. Bingley thought her quite beautiful, and danced with her twice."
bingley,think,male,name,nsubj,False,"Everybody said how well she looked; and Mr. Bingley thought her quite beautiful, and danced with her twice."
he,dance,male,pronoun,nsubj,False,"Only think of _that_, my dear: he actually danced with her twice; and she was the only creature in the room that he asked a second time."
he,ask,male,pronoun,nsubj,False,"Only think of _that_, my dear: he actually danced with her twice; and she was the only creature in the room that he asked a second time."
he,ask,male,pronoun,nsubj,False,"First of all, he asked Miss Lucas."
he,stand,male,pronoun,nsubj,False,"I was so vexed to see him stand up with her; but, however, he did not admire her at all; indeed, nobody can, you know; and he seemed quite struck with"
he,admire,male,pronoun,nsubj,False,"I was so vexed to see him stand up with her; but, however, he did not admire her at all; indeed, nobody can, you know; and he seemed quite struck with"
he,seem,male,pronoun,nsubj,False,"I was so vexed to see him stand up with her; but, however, he did not admire her at all; indeed, nobody can, you know; and he seemed quite struck with"
she,go,female,pronoun,nsubj,False,"I was so vexed to see him stand up with her; but, however, he did not admire her at all; indeed, nobody can, you know; and he seemed quite struck with"
he,inquire,male,pronoun,nsubj,False,"So he inquired who she was, and got introduced, and asked her for the two next."
he,dance,male,pronoun,nsubj,False,"Then, the two third he danced with Miss King, and the two fourth with Maria Lucas, and the two fifth with Jane again, and the two sixth with Lizzy, an"
he,have,male,pronoun,nsubj,False,"Then, the two third he danced with Miss King, and the two fourth with Maria Lucas, and the two fifth with Jane again, and the two sixth with Lizzy, an"
he,dance,male,pronoun,nsubj,False,"Then, the two third he danced with Miss King, and the two fourth with Maria Lucas, and the two fifth with Jane again, and the two sixth with Lizzy, an"
he,sprain,male,pronoun,nsubj,False,O that he had sprained his ancle in the first dance!”
bennet,continue,male,name,nsubj,False,"“Oh, my dear,” continued Mrs. Bennet, “I am quite delighted with him."
she,interrupt,female,pronoun,nsubjpass,True,Here she was interrupted again.
bennet,protest,male,name,nsubj,False,Mr. Bennet protested against any description of finery.
she,oblige,female,pronoun,nsubjpass,True,"She was therefore obliged to seek another branch of the subject, and related, with much bitterness of spirit, and some exaggeration, the shocking rude"
she,add,female,pronoun,nsubj,False,"“But I can assure you,” she added, “that Lizzy does not lose much by not suiting _his_ fancy; for he is a most disagreeable, horrid man, not at all wo"
he,walk,male,pronoun,nsubj,False,"He walked here, and he walked there, fancying himself so very great!"
he,walk,male,pronoun,nsubj,False,"He walked here, and he walked there, fancying himself so very great!"
she,admire,female,pronoun,nsubj,False,"[Illustration] When Jane and Elizabeth were alone, the former, who had been cautious in her praise of Mr. Bingley before, expressed to her sister how "
she,say,female,pronoun,nsubj,False,"“He is just what a young-man ought to be,” said she, “sensible, good-humoured, lively; and I never saw such happy manners!"
elizabeth,reply,female,name,nsubj,False,"“He is also handsome,” replied Elizabeth, “which a young man ought likewise to be if he possibly can."
his,ask,male,pronoun,nsubj,False,“I was very much flattered by his asking me to dance a second time.
his,ask,male,pronoun,nsubj,False,What could be more natural than his asking you again?
he,help,male,pronoun,nsubj,False,He could not help seeing that you were about five times as pretty as every other woman in the room.
elizabeth,listen,female,name,nsubj,False,"Elizabeth listened in silence, but was not convinced: their behaviour at the assembly had not been calculated to please in general; and with more quic"
bingley,inherit,male,name,nsubj,False,"Mr. Bingley inherited property to the amount of nearly a hundred thousand pounds from his father, who had intended to purchase an estate, but did not "
bingley,intend,male,name,nsubj,False,"Mr. Bingley intended it likewise, and sometimes made choice of his county; but, as he was now provided with a good house and the liberty of a manor, i"
he,provide,male,pronoun,nsubjpass,True,"Mr. Bingley intended it likewise, and sometimes made choice of his county; but, as he was now provided with a good house and the liberty of a manor, i"
he,spend,male,pronoun,nsubj,False,"Mr. Bingley intended it likewise, and sometimes made choice of his county; but, as he was now provided with a good house and the liberty of a manor, i"
his,have,male,pronoun,nsubj,False,"His sisters were very anxious for his having an estate of his own; but though he was now established only as a tenant, Miss Bingley was by no means un"
he,establish,male,pronoun,nsubjpass,True,"His sisters were very anxious for his having an estate of his own; but though he was now established only as a tenant, Miss Bingley was by no means un"
he,tempt,male,pronoun,nsubjpass,True,"Mr. Bingley had not been of age two years when he was tempted, by an accidental recommendation, to look at Netherfield House."
he,look,male,pronoun,nsubj,False,"He did look at it, and into it, for half an hour; was pleased with the situation and the principal rooms, satisfied with what the owner said in its pr"
bingley,endear,male,name,nsubjpass,True,"Bingley was endeared to Darcy by the easiness, openness, and ductility of his temper, though no disposition could offer a greater contrast to his own,"
he,appear,male,pronoun,nsubj,False,"Bingley was endeared to Darcy by the easiness, openness, and ductility of his temper, though no disposition could offer a greater contrast to his own,"
bingley,have,male,name,nsubj,False,"On the strength of Darcy’s regard, Bingley had the firmest reliance, and of his judgment the highest opinion."
he,appear,male,pronoun,nsubj,False,Bingley was sure of being liked wherever he appeared; Darcy was continually giving offence.
darcy,give,male,name,nsubj,False,Bingley was sure of being liked wherever he appeared; Darcy was continually giving offence.
bingley,meet,male,name,nsubj,False,Bingley had never met with pleasanter people or prettier girls in his life; everybody had been most kind and attentive to him; there had been no forma
he,feel,male,pronoun,nsubj,False,Bingley had never met with pleasanter people or prettier girls in his life; everybody had been most kind and attentive to him; there had been no forma
he,conceive,male,pronoun,nsubj,False,Bingley had never met with pleasanter people or prettier girls in his life; everybody had been most kind and attentive to him; there had been no forma
darcy,see,male,name,nsubj,False,"Darcy, on the contrary, had seen a collection of people in whom there was little beauty and no fashion, for none of whom he had felt the smallest inte"
he,feel,male,pronoun,nsubj,False,"Darcy, on the contrary, had seen a collection of people in whom there was little beauty and no fashion, for none of whom he had felt the smallest inte"
he,acknowledge,male,pronoun,nsubj,False,Miss Bennet he acknowledged to be pretty; but she smiled too much.
she,smile,female,pronoun,nsubj,False,Miss Bennet he acknowledged to be pretty; but she smiled too much.
bennet,establish,male,name,nsubjpass,True,Miss Bennet was therefore established as a sweet girl; and their brother felt authorized by such commendation to think of her as he chose.
he,choose,male,pronoun,nsubj,False,Miss Bennet was therefore established as a sweet girl; and their brother felt authorized by such commendation to think of her as he chose.
he,make,male,pronoun,nsubj,False,"Sir William Lucas had been formerly in trade in Meryton, where he had made a tolerable fortune, and risen to the honour of knighthood by an address to"
he,remove,male,pronoun,nsubj,False,"It had given him a disgust to his business and to his residence in a small market town; and, quitting them both, he had removed with his family to a h"
he,think,male,pronoun,nsubj,False,"It had given him a disgust to his business and to his residence in a small market town; and, quitting them both, he had removed with his family to a h"
bennet,say,male,name,nsubj,False,"“_You_ began the evening well, Charlotte,” said Mrs. Bennet, with civil self-command, to Miss Lucas."
he,seem,male,pronoun,nsubj,False,“Yes; but he seemed to like his second better.”
he,dance,male,pronoun,nsubj,False,"“Oh, you mean Jane, I suppose, because he danced with her twice."
he,admire,male,pronoun,nsubj,False,"To be sure that _did_ seem as if he admired her--indeed, I rather believe he _did_--I heard something about it--but I hardly know what--something abou"
he,hear,male,pronoun,nsubj,False,"To be sure that _did_ seem as if he admired her--indeed, I rather believe he _did_--I heard something about it--but I hardly know what--something abou"
he,like,male,pronoun,nsubj,False,"Mr. Robinson’s asking him how he liked our Meryton assemblies, and whether he did not think there were a great many pretty women in the room, and _whi"
he,think,male,pronoun,nsubj,False,"Mr. Robinson’s asking him how he liked our Meryton assemblies, and whether he did not think there were a great many pretty women in the room, and _whi"
he,think,male,pronoun,nsubj,False,"Mr. Robinson’s asking him how he liked our Meryton assemblies, and whether he did not think there were a great many pretty women in the room, and _whi"
his,answer,male,pronoun,nsubj,False,"and his answering immediately to the last question, ‘Oh, the eldest Miss Bennet, beyond a doubt: there cannot be two opinions on that point.’”"
charlotte,say,female,name,nsubj,False,"“_My_ overhearings were more to the purpose than _yours_, Eliza,” said Charlotte."
he,sit,male,pronoun,nsubj,False,Mrs. Long told me last night that he sat close to her for half an hour without once opening his lips.”
jane,say,female,name,nsubj,False,Is not there a little mistake?” said Jane.
darcy,speak,male,name,nsubj,False,“I certainly saw Mr. Darcy speaking to her.”
she,ask,female,pronoun,nsubj,False,"“Ay, because she asked him at last how he liked Netherfield, and he could not help answering her; but she said he seemed very angry at being spoke to."
he,like,male,pronoun,nsubj,False,"“Ay, because she asked him at last how he liked Netherfield, and he could not help answering her; but she said he seemed very angry at being spoke to."
he,help,male,pronoun,nsubj,False,"“Ay, because she asked him at last how he liked Netherfield, and he could not help answering her; but she said he seemed very angry at being spoke to."
she,say,female,pronoun,nsubj,False,"“Ay, because she asked him at last how he liked Netherfield, and he could not help answering her; but she said he seemed very angry at being spoke to."
he,seem,male,pronoun,nsubj,False,"“Ay, because she asked him at last how he liked Netherfield, and he could not help answering her; but she said he seemed very angry at being spoke to."
bingley,tell,male,name,nsubj,False,"“Miss Bingley told me,” said Jane, “that he never speaks much unless among his intimate acquaintance."
jane,say,female,name,nsubj,False,"“Miss Bingley told me,” said Jane, “that he never speaks much unless among his intimate acquaintance."
he,speak,male,pronoun,nsubj,False,"“Miss Bingley told me,” said Jane, “that he never speaks much unless among his intimate acquaintance."
he,talk,male,pronoun,nsubj,False,"If he had been so very agreeable, he would have talked to Mrs. Long."
he,eat,male,pronoun,nsubjpass,True,"But I can guess how it was; everybody says that he is eat up with pride, and I dare say he had heard somehow that Mrs. Long does not keep a carriage, "
he,hear,male,pronoun,nsubj,False,"But I can guess how it was; everybody says that he is eat up with pride, and I dare say he had heard somehow that Mrs. Long does not keep a carriage, "
his,talk,male,pronoun,nsubj,False,"“I do not mind his not talking to Mrs. Long,” said Miss Lucas, “but I wish he had danced with Eliza.”"
he,dance,male,pronoun,nsubj,False,"“I do not mind his not talking to Mrs. Long,” said Miss Lucas, “but I wish he had danced with Eliza.”"
mother,say,female,role_noun,nsubj,False,"“Another time, Lizzy,” said her mother, “I would not dance with _him_, if I were you.”"
man,think,male,role_noun,nsubj,False,"One cannot wonder that so very fine a young man, with family, fortune, everything in his favour, should think highly of himself."
he,have,male,pronoun,nsubj,False,"If I may so express it, he has a _right_ to be proud.”"
elizabeth,reply,female,name,nsubj,False,"“That is very true,” replied Elizabeth, “and I could easily forgive _his_ pride, if he had not mortified _mine_.”"
he,mortify,male,pronoun,nsubj,False,"“That is very true,” replied Elizabeth, “and I could easily forgive _his_ pride, if he had not mortified _mine_.”"
mary,observe,female,name,nsubj,False,"“Pride,” observed Mary, who piqued herself upon the solidity of her reflections, “is a very common failing, I believe."
bennet,say,male,name,nsubj,False,"“Then you would drink a great deal more than you ought,” said Mrs. Bennet; “and if I were to see you at it, I should take away your bottle directly.”"
boy,protest,male,role_noun,nsubj,False,The boy protested that she should not; she continued to declare that she would; and the argument ended only with the visit.
she,continue,female,pronoun,nsubj,False,The boy protested that she should not; she continued to declare that she would; and the argument ended only with the visit.
lady,wait,female,role_noun,nsubj,False,[Illustration] The ladies of Longbourn soon waited on those of Netherfield.
mother,find,female,role_noun,nsubjpass,True,"Miss Bennet’s pleasing manners grew on the good-will of Mrs. Hurst and Miss Bingley; and though the mother was found to be intolerable, and the younge"
elizabeth,see,female,name,nsubj,False,"By Jane this attention was received with the greatest pleasure; but Elizabeth still saw superciliousness in their treatment of everybody, hardly excep"
he,admire,male,pronoun,nsubj,False,"It was generally evident, whenever they met, that he _did_ admire her; and to _her_"
jane,yield,female,name,nsubj,False,"it was equally evident that Jane was yielding to the preference which she had begun to entertain for him from the first, and was in a way to be very m"
she,begin,female,pronoun,nsubj,False,"it was equally evident that Jane was yielding to the preference which she had begun to entertain for him from the first, and was in a way to be very m"
she,consider,female,pronoun,nsubj,False,"it was equally evident that Jane was yielding to the preference which she had begun to entertain for him from the first, and was in a way to be very m"
jane,unite,female,name,nsubj,False,"it was equally evident that Jane was yielding to the preference which she had begun to entertain for him from the first, and was in a way to be very m"
she,mention,female,pronoun,nsubj,False,"She mentioned this to her friend, Miss Lucas."
charlotte,reply,female,name,nsubj,False,"“It may, perhaps, be pleasant,” replied Charlotte, “to be able to impose on the public in such a case; but it is sometimes a disadvantage to be so ver"
woman,conceal,female,role_noun,nsubj,False,"If a woman conceals her affection with the same skill from the object of it, she may lose the opportunity of fixing him; and it will then be but poor "
she,lose,female,pronoun,nsubj,False,"If a woman conceals her affection with the same skill from the object of it, she may lose the opportunity of fixing him; and it will then be but poor "
she,feel,female,pronoun,nsubj,False,"In nine cases out of ten, a woman had better show _more_ affection than she feels."
bingley,like,male,name,nsubj,False,"Bingley likes your sister undoubtedly; but he may never do more than like her, if she does not help him on.”"
he,do,male,pronoun,nsubj,False,"Bingley likes your sister undoubtedly; but he may never do more than like her, if she does not help him on.”"
she,help,female,pronoun,nsubj,False,"Bingley likes your sister undoubtedly; but he may never do more than like her, if she does not help him on.”"
she,help,female,pronoun,nsubj,False,"“But she does help him on, as much as her nature will allow."
he,know,male,pronoun,nsubj,False,"“Remember, Eliza, that he does not know Jane’s disposition as you do.”"
he,find,male,pronoun,nsubj,False,"“But if a woman is partial to a man, and does not endeavor to conceal it, he must find it out.”"
he,see,male,pronoun,nsubj,False,"“Perhaps he must, if he sees enough of her."
bingley,meet,male,name,nsubj,False,"But though Bingley and Jane meet tolerably often, it is never for many hours together; and as they always see each other in large mixed parties, it is"
jane,make,female,name,nsubj,False,Jane should therefore make the most of every half hour in which she can command his attention.
she,command,female,pronoun,nsubj,False,Jane should therefore make the most of every half hour in which she can command his attention.
she,choose,female,pronoun,nsubj,False,"When she is secure of him, there will be leisure for falling in love as much as she chooses.”"
elizabeth,reply,female,name,nsubj,False,"“Your plan is a good one,” replied Elizabeth, “where nothing is in question but the desire of being well married; and if I were determined to get a ri"
she,act,female,pronoun,nsubj,False,But these are not Jane’s feelings; she is not acting by design.
she,know,female,pronoun,nsubj,False,She has known him only a fortnight.
she,dance,female,pronoun,nsubj,False,"She danced four dances with him at Meryton; she saw him one morning at his own house, and has since dined in company with him four times."
she,see,female,pronoun,nsubj,False,"She danced four dances with him at Meryton; she saw him one morning at his own house, and has since dined in company with him four times."
she,understand,female,pronoun,nsubj,False,This is not quite enough to make her understand his character.”
she,dine,female,pronoun,nsubj,False,"Had she merely _dined_ with him, she might only have discovered whether he had a good appetite; but you must remember that four evenings have been als"
she,discover,female,pronoun,nsubj,False,"Had she merely _dined_ with him, she might only have discovered whether he had a good appetite; but you must remember that four evenings have been als"
he,have,male,pronoun,nsubj,False,"Had she merely _dined_ with him, she might only have discovered whether he had a good appetite; but you must remember that four evenings have been als"
charlotte,say,female,name,nsubj,False,"“Well,” said Charlotte, “I wish Jane success with all my heart; and if she were married to him to-morrow, I should think she had as good a chance of h"
she,have,female,pronoun,nsubj,False,"“Well,” said Charlotte, “I wish Jane success with all my heart; and if she were married to him to-morrow, I should think she had as good a chance of h"
she,become,female,pronoun,nsubj,False,"Occupied in observing Mr. Bingley’s attention to her sister, Elizabeth was far from suspecting that she was herself becoming an object of some interes"
herself,become,female,pronoun,nsubj,False,"Occupied in observing Mr. Bingley’s attention to her sister, Elizabeth was far from suspecting that she was herself becoming an object of some interes"
darcy,allow,male,name,nsubj,False,"Mr. Darcy had at first scarcely allowed her to be pretty: he had looked at her without admiration at the ball; and when they next met, he looked at he"
he,look,male,pronoun,nsubj,False,"Mr. Darcy had at first scarcely allowed her to be pretty: he had looked at her without admiration at the ball; and when they next met, he looked at he"
he,look,male,pronoun,nsubj,False,"Mr. Darcy had at first scarcely allowed her to be pretty: he had looked at her without admiration at the ball; and when they next met, he looked at he"
he,make,male,pronoun,nsubj,False,"But no sooner had he made it clear to himself and his friends that she had hardly a good feature in her face, than he began to find it was rendered un"
she,have,female,pronoun,nsubj,False,"But no sooner had he made it clear to himself and his friends that she had hardly a good feature in her face, than he began to find it was rendered un"
he,begin,male,pronoun,nsubj,False,"But no sooner had he made it clear to himself and his friends that she had hardly a good feature in her face, than he began to find it was rendered un"
he,detect,male,pronoun,nsubj,False,"Though he had detected with a critical eye more than one failure of perfect symmetry in her form, he was forced to acknowledge her figure to be light "
he,force,male,pronoun,nsubjpass,True,"Though he had detected with a critical eye more than one failure of perfect symmetry in her form, he was forced to acknowledge her figure to be light "
his,assert,male,pronoun,nsubj,False,"Though he had detected with a critical eye more than one failure of perfect symmetry in her form, he was forced to acknowledge her figure to be light "
he,catch,male,pronoun,nsubjpass,True,"Though he had detected with a critical eye more than one failure of perfect symmetry in her form, he was forced to acknowledge her figure to be light "
he,begin,male,pronoun,nsubj,False,"He began to wish to know more of her; and, as a step towards conversing with her himself, attended to her conversation with others."
darcy,mean,male,name,nsubj,False,"“What does Mr. Darcy mean,” said she to Charlotte, “by listening to my conversation with Colonel Forster?”"
she,say,female,pronoun,nsubj,False,"“What does Mr. Darcy mean,” said she to Charlotte, “by listening to my conversation with Colonel Forster?”"
darcy,answer,male,name,nsubj,False,“That is a question which Mr. Darcy only can answer.”
he,do,male,pronoun,nsubj,False,"“But if he does it any more, I shall certainly let him know that I see what he is about."
he,know,male,pronoun,nsubj,False,"“But if he does it any more, I shall certainly let him know that I see what he is about."
he,have,male,pronoun,nsubj,False,"He has a very satirical eye, and if I do not begin by being impertinent myself, I shall soon grow afraid of him.”"
his,approach,male,pronoun,nsubj,False,"[Illustration: “The entreaties of several” [_Copyright 1894 by George Allen._]] On his approaching them soon afterwards, though without seeming to hav"
she,turn,female,pronoun,nsubj,False,"[Illustration: “The entreaties of several” [_Copyright 1894 by George Allen._]] On his approaching them soon afterwards, though without seeming to hav"
she,add,female,pronoun,nsubj,False,"On Miss Lucas’s persevering, however, she added, “Very well; if it must be so, it must.”"
she,reply,female,pronoun,nsubj,False,"After a song or two, and before she could reply to the entreaties of several that she would sing again, she was eagerly succeeded at the instrument by"
she,sing,female,pronoun,nsubj,False,"After a song or two, and before she could reply to the entreaties of several that she would sing again, she was eagerly succeeded at the instrument by"
she,succeed,female,pronoun,nsubjpass,True,"After a song or two, and before she could reply to the entreaties of several that she would sing again, she was eagerly succeeded at the instrument by"
mary,have,female,name,nsubj,False,"Mary had neither genius nor taste; and though vanity had given her application, it had given her likewise a pedantic air and conceited manner, which w"
she,reach,female,pronoun,nsubj,False,"Mary had neither genius nor taste; and though vanity had given her application, it had given her likewise a pedantic air and conceited manner, which w"
elizabeth,listen,female,name,nsubjpass,True,"Elizabeth, easy and unaffected, had been listened to with much more pleasure, though not playing half so well; and Mary, at the end of a long concerto"
darcy,stand,male,name,nsubj,False,"Mr. Darcy stood near them in silent indignation at such a mode of passing the evening, to the exclusion of all conversation, and was too much engrosse"
he,continue,male,pronoun,nsubj,False,"“Your friend performs delightfully,” he continued, after a pause, on seeing Bingley join the group; “and I doubt not that you are an adept in the scie"
bingley,join,male,name,nsubj,False,"“Your friend performs delightfully,” he continued, after a pause, on seeing Bingley join the group; “and I doubt not that you are an adept in the scie"
darcy,bow,male,name,nsubj,False,Mr. Darcy bowed.
he,pause,male,pronoun,nsubj,False,"He paused in hopes of an answer: but his companion was not disposed to make any; and Elizabeth at that instant moving towards them, he was struck with"
elizabeth,strike,female,name,nsubjpass,True,"He paused in hopes of an answer: but his companion was not disposed to make any; and Elizabeth at that instant moving towards them, he was struck with"
he,strike,male,pronoun,nsubjpass,True,"He paused in hopes of an answer: but his companion was not disposed to make any; and Elizabeth at that instant moving towards them, he was struck with"
he,give,male,pronoun,nsubj,False,"And, taking her hand, he would have given it to Mr. Darcy, who, though extremely surprised, was not unwilling to receive it, when she instantly drew b"
she,draw,female,pronoun,nsubj,False,"And, taking her hand, he would have given it to Mr. Darcy, who, though extremely surprised, was not unwilling to receive it, when she instantly drew b"
darcy,request,male,name,nsubj,False,"Mr. Darcy, with grave propriety, requested to be allowed the honour of her hand, but in vain."
elizabeth,determine,female,name,nsubjpass,True,Elizabeth was determined; nor did Sir William at all shake her purpose by his attempt at persuasion.
gentleman,dislike,male,role_noun,nsubj,False,"“You excel so much in the dance, Miss Eliza, that it is cruel to deny me the happiness of seeing you; and though this gentleman dislikes the amusement"
he,have,male,pronoun,nsubj,False,"“You excel so much in the dance, Miss Eliza, that it is cruel to deny me the happiness of seeing you; and though this gentleman dislikes the amusement"
elizabeth,say,female,name,nsubj,False,"“Mr. Darcy is all politeness,” said Elizabeth, smiling."
elizabeth,look,female,name,nsubj,False,"Elizabeth looked archly, and turned away."
he,think,male,pronoun,nsubj,False,"Her resistance had not injured her with the gentleman, and he was thinking of her with some complacency, when thus accosted by Miss Bingley,-- “I can "
bingley,fix,male,name,nsubj,False,"Miss Bingley immediately fixed her eyes on his face, and desired he would tell her what lady had the credit of inspiring such reflections."
he,tell,male,pronoun,nsubj,False,"Miss Bingley immediately fixed her eyes on his face, and desired he would tell her what lady had the credit of inspiring such reflections."
lady,have,female,role_noun,nsubj,False,"Miss Bingley immediately fixed her eyes on his face, and desired he would tell her what lady had the credit of inspiring such reflections."
darcy,reply,male,name,nsubj,False,"Mr. Darcy replied, with great intrepidity,-- “Miss Elizabeth Bennet.”"
bennet,repeat,male,name,nsubj,False,“Miss Elizabeth Bennet!” repeated Miss Bingley.
bingley,repeat,male,name,nsubj,False,“Miss Elizabeth Bennet!” repeated Miss Bingley.
he,listen,male,pronoun,nsubj,False,"He listened to her with perfect indifference, while she chose to entertain herself in this manner; and as his composure convinced her that all was saf"
she,choose,female,pronoun,nsubj,False,"He listened to her with perfect indifference, while she chose to entertain herself in this manner; and as his composure convinced her that all was saf"
she,have,female,pronoun,nsubj,False,"She had a sister married to a Mr. Philips, who had been a clerk to their father and succeeded him in the business, and a brother settled in London in "
catherine,disconcert,female,name,nsubjpass,True,"Catherine was disconcerted, and made no answer; but Lydia, with perfect indifference, continued to express her admiration of Captain Carter, and her h"
lydia,continue,female,name,nsubj,False,"Catherine was disconcerted, and made no answer; but Lydia, with perfect indifference, continued to express her admiration of Captain Carter, and her h"
he,go,male,pronoun,nsubj,False,"Catherine was disconcerted, and made no answer; but Lydia, with perfect indifference, continued to express her admiration of Captain Carter, and her h"
bennet,say,male,name,nsubj,False,"“I am astonished, my dear,” said Mrs. Bennet, “that you should be so ready to think your own children silly."
girl,have,female,role_noun,nsubj,False,"“My dear Mr. Bennet, you must not expect such girls to have the sense of their father and mother."
lydia,cry,female,name,nsubj,False,"“Mamma,” cried Lydia, “my aunt says that Colonel Forster and Captain Carter do not go so often to Miss Watson’s as they did when they first came; she "
she,see,female,pronoun,nsubj,False,"“Mamma,” cried Lydia, “my aunt says that Colonel Forster and Captain Carter do not go so often to Miss Watson’s as they did when they first came; she "
bennet,prevent,male,name,nsubjpass,True,"Mrs. Bennet was prevented replying by the entrance of the footman with a note for Miss Bennet; it came from Netherfield, and the servant waited for an"
she,call,female,pronoun,nsubj,False,"Mrs. Bennet’s eyes sparkled with pleasure, and she was eagerly calling out, while her daughter read,-- “Well, Jane, who is it from?"
he,say,male,pronoun,nsubj,False,What does he say?
jane,say,female,name,nsubj,False,"“It is from Miss Bingley,” said Jane, and then read it aloud."
lydia,cry,female,name,nsubj,False,“With the officers!” cried Lydia: “I wonder my aunt did not tell us of _that_.”
bennet,say,male,name,nsubj,False,"“Dining out,” said Mrs. Bennet; “that is very unlucky.”"
jane,say,female,name,nsubj,False,“Can I have the carriage?” said Jane.
elizabeth,say,female,name,nsubj,False,"“That would be a good scheme,” said Elizabeth, “if you were sure that they would not offer to send her home.”"
gentleman,have,male,role_noun,nsubj,False,"“Oh, but the gentlemen will have Mr. Bingley’s chaise to go to Meryton; and the Hursts have no horses to theirs.”"
father,spare,male,role_noun,nsubj,False,"“But, my dear, your father cannot spare the horses, I am sure."
elizabeth,say,female,name,nsubj,False,"“But if you have got them to-day,” said Elizabeth, “my mother’s purpose will be answered.”"
she,do,female,pronoun,nsubj,False,"She did at last extort from her father an acknowledgment that the horses were engaged; Jane was therefore obliged to go on horseback, and her mother a"
jane,oblige,female,name,nsubjpass,True,"She did at last extort from her father an acknowledgment that the horses were engaged; Jane was therefore obliged to go on horseback, and her mother a"
mother,attend,female,role_noun,nsubj,False,"She did at last extort from her father an acknowledgment that the horses were engaged; Jane was therefore obliged to go on horseback, and her mother a"
jane,go,female,name,nsubjpass,True,Her hopes were answered; Jane had not been gone long before it rained hard.
jane,come,female,name,nsubj,False,The rain continued the whole evening without intermission; Jane certainly could not come back.
bennet,say,male,name,nsubj,False,"“This was a lucky idea of mine, indeed!” said Mrs. Bennet, more than once, as if the credit of making it rain were all her own."
bennet,say,male,name,nsubj,False,"“Well, my dear,” said Mr. Bennet, when Elizabeth had read the note aloud, “if your daughter should have a dangerous fit of illness--if she should die-"
elizabeth,read,female,name,nsubj,False,"“Well, my dear,” said Mr. Bennet, when Elizabeth had read the note aloud, “if your daughter should have a dangerous fit of illness--if she should die-"
daughter,have,female,role_noun,nsubj,False,"“Well, my dear,” said Mr. Bennet, when Elizabeth had read the note aloud, “if your daughter should have a dangerous fit of illness--if she should die-"
she,die,female,pronoun,nsubj,False,"“Well, my dear,” said Mr. Bennet, when Elizabeth had read the note aloud, “if your daughter should have a dangerous fit of illness--if she should die-"
she,take,female,pronoun,nsubjpass,True,She will be taken good care of.
she,stay,female,pronoun,nsubj,False,"As long as she stays there, it is all very well."
she,declare,female,pronoun,nsubj,False,She declared her resolution.
mother,cry,female,role_noun,nsubj,False,"“How can you be so silly,” cried her mother, “as to think of such a thing, in all this dirt!"
father,say,male,role_noun,nsubj,False,"“Is this a hint to me, Lizzy,” said her father, “to send for the horses?”"
catherine,say,female,name,nsubj,False,"“We will go as far as Meryton with you,” said Catherine and Lydia."
elizabeth,accept,female,name,nsubj,False,"Elizabeth accepted their company, and the three young ladies set off together."
lady,set,female,role_noun,nsubj,False,"Elizabeth accepted their company, and the three young ladies set off together."
lydia,say,female,name,nsubj,False,"“If we make haste,” said Lydia, as they walked along, “perhaps we may see something of Captain Carter, before he goes.”"
he,go,male,pronoun,nsubj,False,"“If we make haste,” said Lydia, as they walked along, “perhaps we may see something of Captain Carter, before he goes.”"
elizabeth,continue,female,name,nsubj,False,"In Meryton they parted: the two youngest repaired to the lodgings of one of the officers’ wives, and Elizabeth continued her walk alone, crossing fiel"
she,show,female,pronoun,nsubjpass,True,"She was shown into the breakfast parlour, where all but Jane were assembled, and where her appearance created a great deal of surprise."
she,walk,female,pronoun,nsubj,False,"That she should have walked three miles so early in the day in such dirty weather, and by herself, was almost incredible to Mrs. Hurst and Miss Bingle"
she,receive,female,pronoun,nsubjpass,True,"She was received, however, very politely by them; and in their brother’s manners there was something better than politeness--there was good-humour and"
darcy,say,male,name,nsubj,False,"Mr. Darcy said very little, and Mr. Hurst nothing at all."
she,come,female,pronoun,nsubj,False,The former was divided between admiration of the brilliancy which exercise had given to her complexion and doubt as to the occasion’s justifying her c
bennet,sleep,male,name,nsubj,False,"Miss Bennet had slept ill, and though up, was very feverish, and not well enough to leave her room."
she,long,female,pronoun,nsubj,False,"Elizabeth was glad to be taken to her immediately; and Jane, who had only been withheld by the fear of giving alarm or inconvenience, from expressing "
bingley,leave,male,name,nsubj,False,"She was not equal, however, to much conversation; and when Miss Bingley left them together, could attempt little beside expressions of gratitude for t"
she,treat,female,pronoun,nsubjpass,True,"She was not equal, however, to much conversation; and when Miss Bingley left them together, could attempt little beside expressions of gratitude for t"
elizabeth,attend,female,name,nsubj,False,Elizabeth silently attended her.
elizabeth,begin,female,name,nsubj,False,"When breakfast was over, they were joined by the sisters; and Elizabeth began to like them herself, when she saw how much affection and solicitude the"
she,see,female,pronoun,nsubj,False,"When breakfast was over, they were joined by the sisters; and Elizabeth began to like them herself, when she saw how much affection and solicitude the"
she,catch,female,pronoun,nsubj,False,"The apothecary came; and having examined his patient, said, as might be supposed, that she had caught a violent cold, and that they must endeavour to "
elizabeth,quit,female,name,nsubj,False,"Elizabeth did not quit her room for a moment, nor were the other ladies often absent; the gentlemen being out, they had in fact nothing to do elsewher"
elizabeth,feel,female,name,nsubj,False,"When the clock struck three, Elizabeth felt that she must go, and very unwillingly said so."
she,go,female,pronoun,nsubj,False,"When the clock struck three, Elizabeth felt that she must go, and very unwillingly said so."
bingley,offer,male,name,nsubj,False,"Miss Bingley offered her the carriage, and she only wanted a little pressing to accept it, when Jane testified such concern at parting with her that M"
she,want,female,pronoun,nsubj,False,"Miss Bingley offered her the carriage, and she only wanted a little pressing to accept it, when Jane testified such concern at parting with her that M"
jane,testify,female,name,nsubj,False,"Miss Bingley offered her the carriage, and she only wanted a little pressing to accept it, when Jane testified such concern at parting with her that M"
bingley,oblige,male,name,nsubjpass,True,"Miss Bingley offered her the carriage, and she only wanted a little pressing to accept it, when Jane testified such concern at parting with her that M"
elizabeth,consent,female,name,nsubj,False,"Elizabeth most thankfully consented, and a servant was despatched to Longbourn, to acquaint the family with her stay, and bring back a supply of cloth"
lady,retire,female,role_noun,nsubj,False,"[Illustration] At five o’clock the two ladies retired to dress, and at half-past six Elizabeth was summoned to dinner."
elizabeth,summon,female,name,nsubjpass,True,"[Illustration] At five o’clock the two ladies retired to dress, and at half-past six Elizabeth was summoned to dinner."
she,have,female,pronoun,nsubj,False,"To the civil inquiries which then poured in, and amongst which she had the pleasure of distinguishing the much superior solicitude of Mr. Bingley, she"
she,make,female,pronoun,nsubj,False,"To the civil inquiries which then poured in, and amongst which she had the pleasure of distinguishing the much superior solicitude of Mr. Bingley, she"
she,regard,female,pronoun,nsubj,False,"Their brother, indeed, was the only one of the party whom she could regard with any complacency."
she,believe,female,pronoun,nsubj,False,"His anxiety for Jane was evident, and his attentions to herself most pleasing; and they prevented her feeling herself so much an intruder as she belie"
she,consider,female,pronoun,nsubjpass,True,"His anxiety for Jane was evident, and his attentions to herself most pleasing; and they prevented her feeling herself so much an intruder as she belie"
she,have,female,pronoun,nsubj,False,She had very little notice from any but him.
bingley,engross,male,name,nsubjpass,True,"Miss Bingley was engrossed by Mr. Darcy, her sister scarcely less so; and as for Mr. Hurst, by whom Elizabeth sat, he was an indolent man, who lived o"
elizabeth,sit,female,name,nsubj,False,"Miss Bingley was engrossed by Mr. Darcy, her sister scarcely less so; and as for Mr. Hurst, by whom Elizabeth sat, he was an indolent man, who lived o"
he,find,male,pronoun,nsubj,False,"Miss Bingley was engrossed by Mr. Darcy, her sister scarcely less so; and as for Mr. Hurst, by whom Elizabeth sat, he was an indolent man, who lived o"
she,prefer,female,pronoun,nsubj,False,"Miss Bingley was engrossed by Mr. Darcy, her sister scarcely less so; and as for Mr. Hurst, by whom Elizabeth sat, he was an indolent man, who lived o"
she,return,female,pronoun,nsubj,False,"When dinner was over, she returned directly to Jane, and Miss Bingley began abusing her as soon as she was out of the room."
bingley,begin,male,name,nsubj,False,"When dinner was over, she returned directly to Jane, and Miss Bingley began abusing her as soon as she was out of the room."
she,have,female,pronoun,nsubj,False,"Her manners were pronounced to be very bad indeed,--a mixture of pride and impertinence: she had no conversation, no style, no taste, no beauty."
she,have,female,pronoun,nsubj,False,"Mrs. Hurst thought the same, and added,-- “She has nothing, in short, to recommend her, but being an excellent walker."
she,look,female,pronoun,nsubj,False,She really looked almost wild.”
she,scamper,female,pronoun,nsubj,False,"Why must _she_ be scampering about the country, because her sister had a cold?"
sister,have,female,role_noun,nsubj,False,"Why must _she_ be scampering about the country, because her sister had a cold?"
bingley,say,male,name,nsubj,False,"“Your picture may be very exact, Louisa,” said Bingley; “but this was all lost upon me."
bennet,look,male,name,nsubj,False,I thought Miss Elizabeth Bennet looked remarkably well when she came into the room this morning.
she,come,female,pronoun,nsubj,False,I thought Miss Elizabeth Bennet looked remarkably well when she came into the room this morning.
bingley,say,male,name,nsubj,False,"“_You_ observed it, Mr. Darcy, I am sure,” said Miss Bingley; “and I am inclined to think that you would not wish to see _your sister_ make such an ex"
sister,make,female,role_noun,nsubj,False,"“_You_ observed it, Mr. Darcy, I am sure,” said Miss Bingley; “and I am inclined to think that you would not wish to see _your sister_ make such an ex"
she,mean,female,pronoun,nsubj,False,what could she mean by it?
bingley,say,male,name,nsubj,False,"“It shows an affection for her sister that is very pleasing,” said Bingley."
bingley,observe,male,name,nsubj,False,"“I am afraid, Mr. Darcy,” observed Miss Bingley, in a half whisper, “that this adventure has rather affected your admiration of her fine eyes.”"
he,reply,male,pronoun,nsubj,False,"“Not at all,” he replied: “they were brightened by the exercise.”"
bingley,cry,male,name,nsubj,False,"“If they had uncles enough to fill _all_ Cheapside,” cried Bingley, “it would not make them one jot less agreeable.”"
darcy,reply,male,name,nsubj,False,"“But it must very materially lessen their chance of marrying men of any consideration in the world,” replied Darcy."
bingley,make,male,name,nsubj,False,"To this speech Bingley made no answer; but his sisters gave it their hearty assent, and indulged their mirth for some time at the expense of their dea"
sister,give,female,role_noun,nsubj,False,"To this speech Bingley made no answer; but his sisters gave it their hearty assent, and indulged their mirth for some time at the expense of their dea"
elizabeth,quit,female,name,nsubj,False,"She was still very poorly, and Elizabeth would not quit her at all, till late in the evening, when she had the comfort of seeing her asleep, and when "
she,have,female,pronoun,nsubj,False,"She was still very poorly, and Elizabeth would not quit her at all, till late in the evening, when she had the comfort of seeing her asleep, and when "
she,go,female,pronoun,nsubj,False,"She was still very poorly, and Elizabeth would not quit her at all, till late in the evening, when she had the comfort of seeing her asleep, and when "
she,find,female,pronoun,nsubj,False,"On entering the drawing-room, she found the whole party at loo, and was immediately invited to join them; but suspecting them to be playing high, she "
she,decline,female,pronoun,nsubj,False,"On entering the drawing-room, she found the whole party at loo, and was immediately invited to join them; but suspecting them to be playing high, she "
she,amuse,female,pronoun,nsubj,False,"On entering the drawing-room, she found the whole party at loo, and was immediately invited to join them; but suspecting them to be playing high, she "
she,stay,female,pronoun,nsubj,False,"On entering the drawing-room, she found the whole party at loo, and was immediately invited to join them; but suspecting them to be playing high, she "
he,say,male,pronoun,nsubj,False,“Do you prefer reading to cards?” said he; “that is rather singular.”
bingley,say,male,name,nsubj,False,"“Miss Eliza Bennet,” said Miss Bingley, “despises cards."
elizabeth,cry,female,name,nsubj,False,"“I deserve neither such praise nor such censure,” cried Elizabeth; “I am _not_ a great reader, and I have pleasure in many things.”"
bingley,say,male,name,nsubj,False,"“In nursing your sister I am sure you have pleasure,” said Bingley; “and I hope it will soon be increased by seeing her quite well.”"
elizabeth,thank,female,name,nsubj,False,"Elizabeth thanked him from her heart, and then walked towards a table where a few books were lying."
he,offer,male,pronoun,nsubj,False,He immediately offered to fetch her others; all that his library afforded.
elizabeth,assure,female,name,nsubj,False,Elizabeth assured him that she could suit herself perfectly with those in the room.
she,suit,female,pronoun,nsubj,False,Elizabeth assured him that she could suit herself perfectly with those in the room.
bingley,say,male,name,nsubj,False,"“I am astonished,” said Miss Bingley, “that my father should have left so small a collection of books."
father,leave,male,role_noun,nsubj,False,"“I am astonished,” said Miss Bingley, “that my father should have left so small a collection of books."
he,reply,male,pronoun,nsubj,False,"“It ought to be good,” he replied: “it has been the work of many generations.”"
darcy,sell,male,name,nsubj,False,"“With all my heart: I will buy Pemberley itself, if Darcy will sell it.”"
she,draw,female,pronoun,nsubj,False,"Elizabeth was so much caught by what passed, as to leave her very little attention for her book; and, soon laying it wholly aside, she drew near the c"
bingley,say,male,name,nsubj,False,“Is Miss Darcy much grown since the spring?” said Miss Bingley: “will she be as tall as I am?”
bingley,say,male,name,nsubj,False,"“It is amazing to me,” said Bingley, “how young ladies can have patience to be so very accomplished as they all are.”"
lady,have,female,role_noun,nsubj,False,"“It is amazing to me,” said Bingley, “how young ladies can have patience to be so very accomplished as they all are.”"
lady,accomplish,female,role_noun,nsubj,False,“All young ladies accomplished!
darcy,say,male,name,nsubj,False,"“Your list of the common extent of accomplishments,” said Darcy, “has too much truth."
bingley,say,male,name,nsubj,False,"“Nor I, I am sure,” said Miss Bingley."
elizabeth,observe,female,name,nsubj,False,"“Then,” observed Elizabeth, “you must comprehend a great deal in your idea of an accomplished woman.”"
woman,have,female,role_noun,nsubj,False,"A woman must have a thorough knowledge of music, singing, drawing, dancing, and the modern languages, to deserve the word; and, besides all this, she "
she,possess,female,pronoun,nsubj,False,"A woman must have a thorough knowledge of music, singing, drawing, dancing, and the modern languages, to deserve the word; and, besides all this, she "
she,possess,female,pronoun,nsubj,False,"“All this she must possess,” added Darcy; “and to all she must yet add something more substantial in the improvement of her mind by extensive reading."
darcy,add,male,name,nsubj,False,"“All this she must possess,” added Darcy; “and to all she must yet add something more substantial in the improvement of her mind by extensive reading."
she,add,female,pronoun,nsubj,False,"“All this she must possess,” added Darcy; “and to all she must yet add something more substantial in the improvement of her mind by extensive reading."
elizabeth,leave,female,name,nsubj,False,"As all conversation was thereby at an end, Elizabeth soon afterwards left the room."
bingley,say,male,name,nsubj,False,"“Eliza Bennet,” said Miss Bingley, when the door was closed on her, “is one of those young ladies who seek to recommend themselves to the other sex by"
darcy,reply,male,name,nsubj,False,"“Undoubtedly,” replied Darcy, to whom this remark was chiefly addressed, “there is meanness in _all_ the arts which ladies sometimes condescend to emp"
lady,condescend,female,role_noun,nsubj,False,"“Undoubtedly,” replied Darcy, to whom this remark was chiefly addressed, “there is meanness in _all_ the arts which ladies sometimes condescend to emp"
elizabeth,join,female,name,nsubj,False,"Elizabeth joined them again only to say that her sister was worse, and that she could not leave her."
she,leave,female,pronoun,nsubj,False,"Elizabeth joined them again only to say that her sister was worse, and that she could not leave her."
bingley,urge,male,name,nsubj,False,"Bingley urged Mr. Jones’s being sent for immediately; while his sisters, convinced that no country advice could be of any service, recommended an expr"
sister,convince,female,role_noun,nsubj,False,"Bingley urged Mr. Jones’s being sent for immediately; while his sisters, convinced that no country advice could be of any service, recommended an expr"
she,hear,female,pronoun,nsubj,False,This she would not hear of; but she was not so unwilling to comply with their brother’s proposal; and it was settled that Mr. Jones should be sent for
sister,declare,female,role_noun,nsubj,False,Bingley was quite uncomfortable; his sisters declared that they were miserable.
he,find,male,pronoun,nsubj,False,"They solaced their wretchedness, however, by duets after supper; while he could find no better relief to his feelings than by giving his housekeeper d"
elizabeth,pass,female,name,nsubj,False,"[Illustration] Elizabeth passed the chief of the night in her sister’s room, and in the morning had the pleasure of being able to send a tolerable ans"
she,receive,female,pronoun,nsubj,False,"[Illustration] Elizabeth passed the chief of the night in her sister’s room, and in the morning had the pleasure of being able to send a tolerable ans"
she,request,female,pronoun,nsubj,False,"In spite of this amendment, however, she requested to have a note sent to Longbourn, desiring her mother to visit Jane, and form her own judgment of h"
bennet,reach,male,name,nsubj,False,"Mrs. Bennet, accompanied by her two youngest girls, reached Netherfield soon after the family breakfast."
she,find,female,pronoun,nsubj,False,"Had she found Jane in any apparent danger, Mrs. Bennet would have been very miserable; but being satisfied on seeing her that her illness was not alar"
she,have,female,pronoun,nsubj,False,"Had she found Jane in any apparent danger, Mrs. Bennet would have been very miserable; but being satisfied on seeing her that her illness was not alar"
she,recover,female,pronoun,nsubj,False,"Had she found Jane in any apparent danger, Mrs. Bennet would have been very miserable; but being satisfied on seeing her that her illness was not alar"
she,listen,female,pronoun,nsubj,False,"She would not listen, therefore, to her daughter’s proposal of being carried home; neither did the apothecary, who arrived about the same time, think "
mother,attend,female,role_noun,nsubj,False,"After sitting a little while with Jane, on Miss Bingley’s appearance and invitation, the mother and three daughters all attended her into the breakfas"
bingley,meet,male,name,nsubj,False,Bingley met them with hopes that Mrs. Bennet had not found Miss Bennet worse than she expected.
bennet,find,male,name,nsubj,False,Bingley met them with hopes that Mrs. Bennet had not found Miss Bennet worse than she expected.
she,expect,female,pronoun,nsubj,False,Bingley met them with hopes that Mrs. Bennet had not found Miss Bennet worse than she expected.
bingley,cry,male,name,nsubj,False,cried Bingley.
sister,hear,female,role_noun,nsubj,False,"My sister, I am sure, will not hear of her removal.”"
bingley,say,male,name,nsubj,False,"“You may depend upon it, madam,” said Miss Bingley, with cold civility, “that Miss Bennet shall receive every possible attention while she remains wit"
bennet,receive,male,name,nsubj,False,"“You may depend upon it, madam,” said Miss Bingley, with cold civility, “that Miss Bennet shall receive every possible attention while she remains wit"
she,remain,female,pronoun,nsubj,False,"“You may depend upon it, madam,” said Miss Bingley, with cold civility, “that Miss Bennet shall receive every possible attention while she remains wit"
she,add,female,pronoun,nsubj,False,"“I am sure,” she added, “if it was not for such good friends, I do not know what would become of her, for she is very ill indeed, and suffers a vast d"
she,have,female,pronoun,nsubj,False,"“I am sure,” she added, “if it was not for such good friends, I do not know what would become of her, for she is very ill indeed, and suffers a vast d"
he,reply,male,pronoun,nsubj,False,"“Whatever I do is done in a hurry,” replied he; “and therefore if I should resolve to quit Netherfield, I should probably be off in five minutes."
elizabeth,say,female,name,nsubj,False,"“That is exactly what I should have supposed of you,” said Elizabeth."
darcy,say,male,name,nsubj,False,"“The country,” said Darcy, “can in general supply but few subjects for such a study."
bennet,cry,male,name,nsubj,False,"“Yes, indeed,” cried Mrs. Bennet, offended by his manner of mentioning a country neighbourhood."
darcy,turn,male,name,nsubj,False,"Everybody was surprised; and Darcy, after looking at her for a moment, turned silently away."
bennet,continue,male,name,nsubj,False,"Mrs. Bennet, who fancied she had gained a complete victory over him, continued her triumph,-- “I cannot see that London has any great advantage over t"
she,gain,female,pronoun,nsubj,False,"Mrs. Bennet, who fancied she had gained a complete victory over him, continued her triumph,-- “I cannot see that London has any great advantage over t"
he,reply,male,pronoun,nsubj,False,"“When I am in the country,” he replied, “I never wish to leave it; and when I am in town, it is pretty much the same."
gentleman,seem,male,role_noun,nsubj,False,"But that gentleman,” looking at Darcy, “seemed to think the country was nothing at all.”"
elizabeth,say,female,name,nsubj,False,"“Indeed, mamma, you are mistaken,” said Elizabeth, blushing for her mother."
he,mean,male,pronoun,nsubj,False,"He only meant that there was not such a variety of people to be met with in the country as in town, which you must acknowledge to be true.”"
elizabeth,ask,female,name,nsubj,False,"Elizabeth, for the sake of saying something that might turn her mother’s thoughts, now asked her if Charlotte Lucas had been at Longbourn since _her_ "
she,call,female,pronoun,nsubj,False,"“Yes, she called yesterday with her father."
he,have,male,pronoun,nsubj,False,He has always something to say to everybody.
charlotte,dine,female,name,nsubj,False,“Did Charlotte dine with you?”
she,go,female,pronoun,nsubj,False,"“No, she would go home."
she,want,female,pronoun,nsubjpass,True,I fancy she was wanted about the mince-pies.
bingley,keep,male,name,nsubj,False,"For my part, Mr. Bingley, _I_ always keep servants that can do their own work; _my_ daughters are brought up differently."
daughter,bring,female,role_noun,nsubjpass,True,"For my part, Mr. Bingley, _I_ always keep servants that can do their own work; _my_ daughters are brought up differently."
she,seem,female,pronoun,nsubj,False,"“She seems a very pleasant young woman,” said Bingley."
bingley,say,male,name,nsubj,False,"“She seems a very pleasant young woman,” said Bingley."
he,make,male,pronoun,nsubj,False,"When she was only fifteen there was a gentleman at my brother Gardiner’s in town so much in love with her, that my sister-in-law was sure he would mak"
he,do,male,pronoun,nsubj,False,"But, however, he did not."
he,think,male,pronoun,nsubj,False,Perhaps he thought her too young.
he,write,male,pronoun,nsubj,False,"However, he wrote some verses on her, and very pretty they were.”"
elizabeth,say,female,name,nsubj,False,"“And so ended his affection,” said Elizabeth, impatiently."
darcy,say,male,name,nsubj,False,"“I have been used to consider poetry as the _food_ of love,” said Darcy."
darcy,smile,male,name,nsubj,False,Darcy only smiled; and the general pause which ensued made Elizabeth tremble lest her mother should be exposing herself again.
mother,expose,female,role_noun,nsubj,False,Darcy only smiled; and the general pause which ensued made Elizabeth tremble lest her mother should be exposing herself again.
she,long,female,pronoun,nsubj,False,"She longed to speak, but could think of nothing to say; and after a short silence Mrs. Bennet began repeating her thanks to Mr. Bingley for his kindne"
bennet,begin,male,name,nsubj,False,"She longed to speak, but could think of nothing to say; and after a short silence Mrs. Bennet began repeating her thanks to Mr. Bingley for his kindne"
she,perform,female,pronoun,nsubj,False,"She performed her part, indeed, without much graciousness, but Mrs. Bennet was satisfied, and soon afterwards ordered her carriage."
she,have,female,pronoun,nsubj,False,"She had high animal spirits, and a sort of natural self-consequence, which the attentions of the officers, to whom her uncle’s good dinners and her ow"
he,keep,male,pronoun,nsubj,False,"She was very equal, therefore, to address Mr. Bingley on the subject of the ball, and abruptly reminded him of his promise; adding, that it would be t"
sister,recover,female,role_noun,nsubjpass,True,"“I am perfectly ready, I assure you, to keep my engagement; and, when your sister is recovered, you shall, if you please, name the very day of the bal"
lydia,declare,female,name,nsubj,False,Lydia declared herself satisfied.
she,add,female,pronoun,nsubj,False,"And when you have given _your_ ball,” she added, “I shall insist on their giving one also."
he,do,male,pronoun,nsubj,False,I shall tell Colonel Forster it will be quite a shame if he does not.”
bennet,depart,male,name,nsubj,False,"Mrs. Bennet and her daughters then departed, and Elizabeth returned instantly to Jane, leaving her own and her relations’ behaviour to the remarks of "
elizabeth,return,female,name,nsubj,False,"Mrs. Bennet and her daughters then departed, and Elizabeth returned instantly to Jane, leaving her own and her relations’ behaviour to the remarks of "
elizabeth,join,female,name,nsubj,False,"Mrs. Hurst and Miss Bingley had spent some hours of the morning with the invalid, who continued, though slowly, to mend; and, in the evening, Elizabet"
darcy,write,male,name,nsubj,False,"Mr. Darcy was writing, and Miss Bingley, seated near him, was watching the progress of his letter, and repeatedly calling off his attention by message"
elizabeth,take,female,name,nsubj,False,"Elizabeth took up some needlework, and was sufficiently amused in attending to what passed between Darcy and his companion."
he,make,male,pronoun,nsubj,False,He made no answer.
she,know,female,pronoun,nsubj,False,"“Tell your sister I am delighted to hear of her improvement on the harp, and pray let her know that I am quite in raptures with her beautiful little d"
he,do,male,pronoun,nsubj,False,"“That will not do for a compliment to Darcy, Caroline,” cried her brother, “because he does _not_ write with ease."
he,study,male,pronoun,nsubj,False,He studies too much for words of four syllables.
bingley,cry,male,name,nsubj,False,"“Oh,” cried Miss Bingley, “Charles writes in the most careless way imaginable."
he,leave,male,pronoun,nsubj,False,"He leaves out half his words, and blots the rest.”"
elizabeth,say,female,name,nsubj,False,"“Your humility, Mr. Bingley,” said Elizabeth, “must disarm reproof.”"
darcy,say,male,name,nsubj,False,"“Nothing is more deceitful,” said Darcy, “than the appearance of humility."
bingley,cry,male,name,nsubj,False,"“Nay,” cried Bingley, “this is too much, to remember at night all the foolish things that were said in the morning."
elizabeth,cry,female,name,nsubj,False,"“You have only proved by this,” cried Elizabeth, “that Mr. Bingley did not do justice to his own disposition."
bingley,do,male,name,nsubj,False,"“You have only proved by this,” cried Elizabeth, “that Mr. Bingley did not do justice to his own disposition."
he,do,male,pronoun,nsubj,False,You have shown him off now much more than he did himself.”
bingley,say,male,name,nsubj,False,"“I am exceedingly gratified,” said Bingley, “by your converting what my friend says into a compliment on the sweetness of my temper."
he,think,male,pronoun,nsubj,False,"But I am afraid you are giving it a turn which that gentleman did by no means intend; for he would certainly think the better of me if, under such a c"
darcy,consider,male,name,nsubj,False,“Would Mr. Darcy then consider the rashness of your original intention as atoned for by your obstinacy in adhering to it?”
darcy,speak,male,name,nsubj,False,"“Upon my word, I cannot exactly explain the matter--Darcy must speak for himself.”"
bingley,cry,male,name,nsubj,False,"“By all means,” cried Bingley; “let us hear all the particulars, not forgetting their comparative height and size, for that will have more weight in t"
he,have,male,pronoun,nsubj,False,"I declare I do not know a more awful object than Darcy on particular occasions, and in particular places; at his own house especially, and of a Sunday"
darcy,smile,male,name,nsubj,False,"Mr. Darcy smiled; but Elizabeth thought she could perceive that he was rather offended, and therefore checked her laugh."
elizabeth,think,female,name,nsubj,False,"Mr. Darcy smiled; but Elizabeth thought she could perceive that he was rather offended, and therefore checked her laugh."
she,perceive,female,pronoun,nsubj,False,"Mr. Darcy smiled; but Elizabeth thought she could perceive that he was rather offended, and therefore checked her laugh."
bingley,resent,male,name,nsubj,False,"Miss Bingley warmly resented the indignity he had received, in an expostulation with her brother for talking such nonsense."
he,receive,male,pronoun,nsubj,False,"Miss Bingley warmly resented the indignity he had received, in an expostulation with her brother for talking such nonsense."
elizabeth,say,female,name,nsubj,False,"“What you ask,” said Elizabeth, “is no sacrifice on my side; and Mr. Darcy had much better finish his letter.”"
darcy,take,male,name,nsubj,False,"Mr. Darcy took her advice, and did finish his letter."
he,apply,male,pronoun,nsubj,False,"When that business was over, he applied to Miss Bingley and Elizabeth for the indulgence of some music."
bingley,move,male,name,nsubj,False,"Miss Bingley moved with alacrity to the pianoforte, and after a polite request that Elizabeth would lead the way, which the other as politely and more"
elizabeth,lead,female,name,nsubj,False,"Miss Bingley moved with alacrity to the pianoforte, and after a polite request that Elizabeth would lead the way, which the other as politely and more"
she,seat,female,pronoun,nsubj,False,"Miss Bingley moved with alacrity to the pianoforte, and after a polite request that Elizabeth would lead the way, which the other as politely and more"
elizabeth,help,female,name,nsubj,False,"Mrs. Hurst sang with her sister; and while they were thus employed, Elizabeth could not help observing, as she turned over some music-books that lay o"
she,turn,female,pronoun,nsubj,False,"Mrs. Hurst sang with her sister; and while they were thus employed, Elizabeth could not help observing, as she turned over some music-books that lay o"
she,know,female,pronoun,nsubj,False,"She hardly knew how to suppose that she could be an object of admiration to so great a man, and yet that he should look at her because he disliked her"
he,look,male,pronoun,nsubj,False,"She hardly knew how to suppose that she could be an object of admiration to so great a man, and yet that he should look at her because he disliked her"
he,dislike,male,pronoun,nsubj,False,"She hardly knew how to suppose that she could be an object of admiration to so great a man, and yet that he should look at her because he disliked her"
she,imagine,female,pronoun,nsubj,False,"She could only imagine, however, at last, that she drew his notice because there was something about her more wrong and reprehensible, according to hi"
she,draw,female,pronoun,nsubj,False,"She could only imagine, however, at last, that she drew his notice because there was something about her more wrong and reprehensible, according to hi"
she,like,female,pronoun,nsubj,False,She liked him too little to care for his approbation.
bingley,vary,male,name,nsubj,False,"After playing some Italian songs, Miss Bingley varied the charm by a lively Scotch air; and soon afterwards Mr. Darcy, drawing near Elizabeth, said to"
darcy,say,male,name,nsubj,False,"After playing some Italian songs, Miss Bingley varied the charm by a lively Scotch air; and soon afterwards Mr. Darcy, drawing near Elizabeth, said to"
she,smile,female,pronoun,nsubj,False,"She smiled, but made no answer."
he,repeat,male,pronoun,nsubj,False,"He repeated the question, with some surprise at her silence."
she,say,female,pronoun,nsubj,False,"“Oh,” said she, “I heard you before; but I could not immediately determine what to say in reply."
she,affront,female,pronoun,nsubj,False,"Elizabeth, having rather expected to affront him, was amazed at his gallantry; but there was a mixture of sweetness and archness in her manner which m"
he,believe,male,pronoun,nsubj,False,"He really believed that, were it not for the inferiority of her connections, he should be in some danger."
bingley,see,male,name,nsubj,False,"Miss Bingley saw, or suspected, enough to be jealous; and her great anxiety for the recovery of her dear friend Jane received some assistance from her"
she,try,female,pronoun,nsubj,False,"She often tried to provoke Darcy into disliking her guest, by talking of their supposed marriage, and planning his happiness in such an alliance."
she,say,female,pronoun,nsubj,False,"“I hope,” said she, as they were walking together in the shrubbery the next day, “you will give your mother-in-law a few hints, when this desirable ev"
lady,possess,female,role_noun,nsubj,False,"And, if I may mention so delicate a subject, endeavour to check that little something, bordering on conceit and impertinence, which your lady possesse"
bingley,say,male,name,nsubj,False,"“I did not know that you intended to walk,” said Miss Bingley, in some confusion, lest they had been overheard."
she,leave,female,pronoun,nsubj,False,"Then taking the disengaged arm of Mr. Darcy, she left Elizabeth to walk by herself."
darcy,feel,male,name,nsubj,False,"Mr. Darcy felt their rudeness, and immediately said,-- “This walk is not wide enough for our party."
elizabeth,stay,female,name,nsubj,False,"But Elizabeth, who had not the least inclination to remain with them, laughingly answered,-- “No, no; stay where you are."
she,run,female,pronoun,nsubj,False,"She then ran gaily off, rejoicing, as she rambled about, in the hope of being at home again in a day or two."
she,ramble,female,pronoun,nsubj,False,"She then ran gaily off, rejoicing, as she rambled about, in the hope of being at home again in a day or two."
lady,run,female,role_noun,nsubj,False,"[Illustration] When the ladies removed after dinner Elizabeth ran up to her sister, and seeing her well guarded from cold, attended her into the drawi"
she,guard,female,pronoun,nsubj,False,"[Illustration] When the ladies removed after dinner Elizabeth ran up to her sister, and seeing her well guarded from cold, attended her into the drawi"
she,welcome,female,pronoun,nsubjpass,True,"[Illustration] When the ladies removed after dinner Elizabeth ran up to her sister, and seeing her well guarded from cold, attended her into the drawi"
elizabeth,see,female,name,nsubj,False,"[Illustration] When the ladies removed after dinner Elizabeth ran up to her sister, and seeing her well guarded from cold, attended her into the drawi"
gentleman,appear,male,role_noun,nsubj,False,"[Illustration] When the ladies removed after dinner Elizabeth ran up to her sister, and seeing her well guarded from cold, attended her into the drawi"
gentleman,enter,male,role_noun,nsubj,False,"But when the gentlemen entered, Jane was no longer the first object; Miss Bingley’s eyes were instantly turned towards Darcy, and she had something to"
she,have,female,pronoun,nsubj,False,"But when the gentlemen entered, Jane was no longer the first object; Miss Bingley’s eyes were instantly turned towards Darcy, and she had something to"
he,advance,male,pronoun,nsubj,False,"But when the gentlemen entered, Jane was no longer the first object; Miss Bingley’s eyes were instantly turned towards Darcy, and she had something to"
he,address,male,pronoun,nsubj,False,"He addressed himself directly to Miss Bennet with a polite congratulation; Mr. Hurst also made her a slight bow, and said he was “very glad;” but diff"
she,suffer,female,pronoun,nsubj,False,"The first half hour was spent in piling up the fire, lest she should suffer from the change of room; and she removed, at his desire, to the other side"
she,remove,female,pronoun,nsubj,False,"The first half hour was spent in piling up the fire, lest she should suffer from the change of room; and she removed, at his desire, to the other side"
he,sit,male,pronoun,nsubj,False,"He then sat down by her, and talked scarcely to anyone else."
elizabeth,see,female,name,nsubj,False,"Elizabeth, at work in the opposite corner, saw it all with great delight."
she,obtain,female,pronoun,nsubj,False,"She had obtained private intelligence that Mr. Darcy did not wish for cards, and Mr. Hurst soon found even his open petition rejected."
darcy,wish,male,name,nsubj,False,"She had obtained private intelligence that Mr. Darcy did not wish for cards, and Mr. Hurst soon found even his open petition rejected."
she,assure,female,pronoun,nsubj,False,"She assured him that no one intended to play, and the silence of the whole party on the subject seemed to justify her."
darcy,take,male,name,nsubj,False,Darcy took up a book.
bingley,do,male,name,nsubj,False,"Miss Bingley did the same; and Mrs. Hurst, principally occupied in playing with her bracelets and rings, joined now and then in her brother’s conversa"
she,make,female,pronoun,nsubj,False,"Miss Bingley’s attention was quite as much engaged in watching Mr. Darcy’s progress through _his_ book, as in reading her own; and she was perpetually"
she,win,female,pronoun,nsubj,False,"She could not win him, however, to any conversation; he merely answered her question and read on."
he,answer,male,pronoun,nsubj,False,"She could not win him, however, to any conversation; he merely answered her question and read on."
she,choose,female,pronoun,nsubj,False,"At length, quite exhausted by the attempt to be amused with her own book, which she had only chosen because it was the second volume of his, she gave "
she,give,female,pronoun,nsubj,False,"At length, quite exhausted by the attempt to be amused with her own book, which she had only chosen because it was the second volume of his, she gave "
she,yawn,female,pronoun,nsubj,False,"She then yawned again, threw aside her book, and cast her eyes round the room in quest of some amusement; when, hearing her brother mentioning a ball "
she,turn,female,pronoun,nsubj,False,"She then yawned again, threw aside her book, and cast her eyes round the room in quest of some amusement; when, hearing her brother mentioning a ball "
brother,cry,male,role_noun,nsubj,False,"“If you mean Darcy,” cried her brother, “he may go to bed, if he chooses, before it begins; but as for the ball, it is quite a settled thing, and as s"
he,go,male,pronoun,nsubj,False,"“If you mean Darcy,” cried her brother, “he may go to bed, if he chooses, before it begins; but as for the ball, it is quite a settled thing, and as s"
he,choose,male,pronoun,nsubj,False,"“If you mean Darcy,” cried her brother, “he may go to bed, if he chooses, before it begins; but as for the ball, it is quite a settled thing, and as s"
she,reply,female,pronoun,nsubj,False,"“I should like balls infinitely better,” she replied, “if they were carried on in a different manner; but there is something insufferably tedious in t"
bingley,make,male,name,nsubj,False,"Miss Bingley made no answer, and soon afterwards got up and walked about the room."
she,walk,female,pronoun,nsubj,False,"Her figure was elegant, and she walked well; but Darcy, at whom it was all aimed, was still inflexibly studious."
she,resolve,female,pronoun,nsubj,False,"In the desperation of her feelings, she resolved on one effort more; and, turning to Elizabeth, said,-- “Miss Eliza Bennet, let me persuade you to fol"
bingley,succeed,male,name,nsubj,False,Miss Bingley succeeded no less in the real object of her civility: Mr. Darcy looked up.
darcy,look,male,name,nsubj,False,Miss Bingley succeeded no less in the real object of her civility: Mr. Darcy looked up.
he,invite,male,pronoun,nsubjpass,True,"He was directly invited to join their party, but he declined it, observing that he could imagine but two motives for their choosing to walk up and dow"
he,decline,male,pronoun,nsubj,False,"He was directly invited to join their party, but he declined it, observing that he could imagine but two motives for their choosing to walk up and dow"
he,imagine,male,pronoun,nsubj,False,"He was directly invited to join their party, but he declined it, observing that he could imagine but two motives for their choosing to walk up and dow"
his,join,male,pronoun,nsubj,False,"He was directly invited to join their party, but he declined it, observing that he could imagine but two motives for their choosing to walk up and dow"
he,mean,male,pronoun,nsubj,False,What could he mean?
she,die,female,pronoun,nsubj,False,She was dying to know what could be his meaning--and asked Elizabeth whether she could at all understand him.
she,understand,female,pronoun,nsubj,False,She was dying to know what could be his meaning--and asked Elizabeth whether she could at all understand him.
he,mean,male,pronoun,nsubj,False,"“Not at all,” was her answer; “but, depend upon it, he means to be severe on us, and our surest way of disappointing him will be to ask nothing about "
he,say,male,pronoun,nsubj,False,"“I have not the smallest objection to explaining them,” said he, as soon as she allowed him to speak."
she,allow,female,pronoun,nsubj,False,"“I have not the smallest objection to explaining them,” said he, as soon as she allowed him to speak."
he,speak,male,pronoun,nsubj,False,"“I have not the smallest objection to explaining them,” said he, as soon as she allowed him to speak."
bingley,cry,male,name,nsubj,False,cried Miss Bingley.
elizabeth,say,female,name,nsubj,False,"“Nothing so easy, if you have but the inclination,” said Elizabeth."
he,defy,male,pronoun,nsubj,False,"No, no; I feel he may defy us there."
darcy,hug,male,name,nsubj,False,Mr. Darcy may hug himself.”
elizabeth,cry,female,name,nsubj,False,“Mr. Darcy is not to be laughed at!” cried Elizabeth.
he,give,male,pronoun,nsubj,False,"“Miss Bingley,” said he, “has given me credit for more than can be."
elizabeth,reply,female,name,nsubj,False,"“Certainly,” replied Elizabeth, “there are such people, but I hope I am not one of _them_."
elizabeth,turn,female,name,nsubj,False,Elizabeth turned away to hide a smile.
bingley,say,male,name,nsubj,False,"“Your examination of Mr. Darcy is over, I presume,” said Miss Bingley; “and pray what is the result?”"
darcy,have,male,name,nsubj,False,“I am perfectly convinced by it that Mr. Darcy has no defect.
he,own,male,pronoun,nsubj,False,He owns it himself without disguise.”
darcy,say,male,name,nsubj,False,"“No,” said Darcy, “I have made no such pretension."
elizabeth,cry,female,name,nsubj,False,"“_That_ is a failing, indeed!” cried Elizabeth."
he,reply,male,pronoun,nsubj,False,"“And yours,” he replied, with a smile, “is wilfully to misunderstand them.”"
bingley,cry,male,name,nsubj,False,"“Do let us have a little music,” cried Miss Bingley, tired of a conversation in which she had no share."
she,have,female,pronoun,nsubj,False,"“Do let us have a little music,” cried Miss Bingley, tired of a conversation in which she had no share."
sister,make,female,role_noun,nsubj,False,"Her sister made not the smallest objection, and the pianoforte was opened; and Darcy, after a few moments’ recollection, was not sorry for it."
he,begin,male,pronoun,nsubj,False,He began to feel the danger of paying Elizabeth too much attention.
elizabeth,write,female,name,nsubj,False,"[Illustration] In consequence of an agreement between the sisters, Elizabeth wrote the next morning to her mother, to beg that the carriage might be s"
bennet,bring,male,name,nsubj,False,"But Mrs. Bennet, who had calculated on her daughters remaining at Netherfield till the following Tuesday, which would exactly finish Jane’s week, coul"
bennet,send,male,name,nsubj,False,"Mrs. Bennet sent them word that they could not possibly have the carriage before Tuesday; and in her postscript it was added, that if Mr. Bingley and "
bingley,press,male,name,nsubj,False,"Mrs. Bennet sent them word that they could not possibly have the carriage before Tuesday; and in her postscript it was added, that if Mr. Bingley and "
she,spare,female,pronoun,nsubj,False,"Mrs. Bennet sent them word that they could not possibly have the carriage before Tuesday; and in her postscript it was added, that if Mr. Bingley and "
elizabeth,resolve,female,name,nsubjpass,True,"Against staying longer, however, Elizabeth was positively resolved--nor did she much expect it would be asked; and fearful, on the contrary, of being "
she,expect,female,pronoun,nsubj,False,"Against staying longer, however, Elizabeth was positively resolved--nor did she much expect it would be asked; and fearful, on the contrary, of being "
she,urge,female,pronoun,nsubj,False,"Against staying longer, however, Elizabeth was positively resolved--nor did she much expect it would be asked; and fearful, on the contrary, of being "
she,propose,female,pronoun,nsubj,False,Miss Bingley was then sorry that she had proposed the delay; for her jealousy and dislike of one sister much exceeded her affection for the other.
she,feel,female,pronoun,nsubj,False,"The master of the house heard with real sorrow that they were to go so soon, and repeatedly tried to persuade Miss Bennet that it would not be safe fo"
she,attract,female,pronoun,nsubj,False,She attracted him more than he liked; and Miss Bingley was uncivil to _her_ and more teasing than usual to himself.
he,like,male,pronoun,nsubj,False,She attracted him more than he liked; and Miss Bingley was uncivil to _her_ and more teasing than usual to himself.
he,resolve,male,pronoun,nsubj,False,He wisely resolved to be particularly careful that no sign of admiration should _now_ escape him--nothing that could elevate her with the hope of infl
he,speak,male,pronoun,nsubj,False,"Steady to his purpose, he scarcely spoke ten words to her through the whole of Saturday: and though they were at one time left by themselves for half "
he,adhere,male,pronoun,nsubj,False,"Steady to his purpose, he scarcely spoke ten words to her through the whole of Saturday: and though they were at one time left by themselves for half "
she,shake,female,pronoun,nsubj,False,"Miss Bingley’s civility to Elizabeth increased at last very rapidly, as well as her affection for Jane; and when they parted, after assuring the latte"
elizabeth,take,female,name,nsubj,False,Elizabeth took leave of the whole party in the liveliest spirits.
bennet,wonder,male,name,nsubj,False,"Mrs. Bennet wondered at their coming, and thought them very wrong to give so much trouble, and was sure Jane would have caught cold again."
jane,catch,female,name,nsubj,False,"Mrs. Bennet wondered at their coming, and thought them very wrong to give so much trouble, and was sure Jane would have caught cold again."
he,feel,male,pronoun,nsubj,False,"But their father, though very laconic in his expressions of pleasure, was really glad to see them; he had felt their importance in the family circle."
catherine,have,female,name,nsubj,False,Catherine and Lydia had information for them of a different sort.
bennet,say,male,name,nsubj,False,"[Illustration] “I hope, my dear,” said Mr. Bennet to his wife, as they were at breakfast the next morning, “that you have ordered a good dinner to-day"
she,see,female,pronoun,nsubj,False,I do not believe she often sees such at home.”
lydia,ring,female,name,nsubj,False,"Lydia, my love, ring the bell."
husband,say,male,role_noun,nsubj,False,"“It is _not_ Mr. Bingley,” said her husband; “it is a person whom I never saw in the whole course of my life.”"
he,have,male,pronoun,nsubj,False,This roused a general astonishment; and he had the pleasure of being eagerly questioned by his wife and five daughters at once.
he,receive,male,pronoun,nsubj,False,"After amusing himself some time with their curiosity, he thus explained:--“About a month ago I received this letter, and about a fortnight ago I answe"
he,please,male,pronoun,nsubj,False,"It is from my cousin, Mr. Collins, who, when I am dead, may turn you all out of this house as soon as he pleases.”"
wife,cry,female,role_noun,nsubj,False,"“Oh, my dear,” cried his wife, “I cannot bear to hear that mentioned."
jane,attempt,female,name,nsubj,False,Jane and Elizabeth attempted to explain to her the nature of an entail.
she,continue,female,pronoun,nsubj,False,They had often attempted it before: but it was a subject on which Mrs. Bennet was beyond the reach of reason; and she continued to rail bitterly again
bennet,say,male,name,nsubj,False,"“It certainly is a most iniquitous affair,” said Mr. Bennet; “and nothing can clear Mr. Collins from the guilt of inheriting Longbourn."
he,keep,male,pronoun,nsubj,False,"Why could not he keep on quarrelling with you, as his father did before him?”"
father,do,male,role_noun,nsubj,False,"Why could not he keep on quarrelling with you, as his father did before him?”"
he,seem,male,pronoun,nsubj,False,"“Why, indeed, he does seem to have had some filial scruples on that head, as you will hear.”"
bennet,say,male,name,nsubj,False,"“At four o’clock, therefore, we may expect this peace-making gentleman,” said Mr. Bennet, as he folded up the letter."
he,fold,male,pronoun,nsubj,False,"“At four o’clock, therefore, we may expect this peace-making gentleman,” said Mr. Bennet, as he folded up the letter."
he,seem,male,pronoun,nsubj,False,"“He seems to be a most conscientious and polite young man, upon my word; and, I doubt not, will prove a valuable acquaintance, especially if Lady Cath"
he,come,male,pronoun,nsubj,False,"“He seems to be a most conscientious and polite young man, upon my word; and, I doubt not, will prove a valuable acquaintance, especially if Lady Cath"
he,say,male,pronoun,nsubj,False,"“There is some sense in what he says about the girls, however; and, if he is disposed to make them any amends, I shall not be the person to discourage"
jane,say,female,name,nsubj,False,"“Though it is difficult,” said Jane, “to guess in what way he can mean to make us the atonement he thinks our due, the wish is certainly to his credit"
he,mean,male,pronoun,nsubj,False,"“Though it is difficult,” said Jane, “to guess in what way he can mean to make us the atonement he thinks our due, the wish is certainly to his credit"
he,think,male,pronoun,nsubj,False,"“Though it is difficult,” said Jane, “to guess in what way he can mean to make us the atonement he thinks our due, the wish is certainly to his credit"
elizabeth,strike,female,name,nsubjpass,True,"Elizabeth was chiefly struck with his extraordinary deference for Lady Catherine, and his kind intention of christening, marrying, and burying his par"
she,say,female,pronoun,nsubj,False,"“He must be an oddity, I think,” said she."
he,mean,male,pronoun,nsubj,False,And what can he mean by apologizing for being next in the entail?
he,help,male,pronoun,nsubj,False,"We cannot suppose he would help it, if he could."
mary,say,female,name,nsubj,False,"“In point of composition,” said Mary, “his letter does not seem defective."
she,prepare,female,pronoun,nsubj,False,"As for their mother, Mr. Collins’s letter had done away much of her ill-will, and she was preparing to see him with a degree of composure which astoni"
bennet,say,male,name,nsubj,False,"Mr. Bennet indeed said little; but the ladies were ready enough to talk, and Mr. Collins seemed neither in need of encouragement, nor inclined to be s"
collins,seem,male,name,nsubj,False,"Mr. Bennet indeed said little; but the ladies were ready enough to talk, and Mr. Collins seemed neither in need of encouragement, nor inclined to be s"
he,seat,male,pronoun,nsubjpass,True,"He had not been long seated before he complimented Mrs. Bennet on having so fine a family of daughters, said he had heard much of their beauty, but th"
he,compliment,male,pronoun,nsubj,False,"He had not been long seated before he complimented Mrs. Bennet on having so fine a family of daughters, said he had heard much of their beauty, but th"
he,hear,male,pronoun,nsubj,False,"He had not been long seated before he complimented Mrs. Bennet on having so fine a family of daughters, said he had heard much of their beauty, but th"
he,doubt,male,pronoun,nsubj,False,"He had not been long seated before he complimented Mrs. Bennet on having so fine a family of daughters, said he had heard much of their beauty, but th"
she,see,female,pronoun,nsubj,False,"He had not been long seated before he complimented Mrs. Bennet on having so fine a family of daughters, said he had heard much of their beauty, but th"
bennet,answer,male,name,nsubj,False,"This gallantry was not much to the taste of some of his hearers; but Mrs. Bennet, who quarrelled with no compliments, answered most readily,-- “You ar"
he,interrupt,male,pronoun,nsubjpass,True,He was interrupted by a summons to dinner; and the girls smiled on each other.
girl,smile,female,role_noun,nsubj,False,He was interrupted by a summons to dinner; and the girls smiled on each other.
his,view,male,pronoun,nsubj,False,"The hall, the dining-room, and all its furniture, were examined and praised; and his commendation of everything would have touched Mrs. Bennet’s heart"
he,beg,male,pronoun,nsubj,False,"The dinner, too, in its turn, was highly admired; and he begged to know to which of his fair cousins the excellence of its cookery was owing."
he,set,male,pronoun,nsubjpass,True,"But here he was set right by Mrs. Bennet, who assured him, with some asperity, that they were very well able to keep a good cook, and that her daughte"
daughter,have,female,role_noun,nsubj,False,"But here he was set right by Mrs. Bennet, who assured him, with some asperity, that they were very well able to keep a good cook, and that her daughte"
he,beg,male,pronoun,nsubj,False,He begged pardon for having displeased her.
she,declare,female,pronoun,nsubj,False,In a softened tone she declared herself not at all offended; but he continued to apologize for about a quarter of an hour.
herself,offend,female,pronoun,nsubj,False,In a softened tone she declared herself not at all offended; but he continued to apologize for about a quarter of an hour.
he,continue,male,pronoun,nsubj,False,In a softened tone she declared herself not at all offended; but he continued to apologize for about a quarter of an hour.
bennet,speak,male,name,nsubj,False,"[Illustration] During dinner, Mr. Bennet scarcely spoke at all; but when the servants were withdrawn, he thought it time to have some conversation wit"
he,think,male,pronoun,nsubj,False,"[Illustration] During dinner, Mr. Bennet scarcely spoke at all; but when the servants were withdrawn, he thought it time to have some conversation wit"
he,expect,male,pronoun,nsubj,False,"[Illustration] During dinner, Mr. Bennet scarcely spoke at all; but when the servants were withdrawn, he thought it time to have some conversation wit"
he,shine,male,pronoun,nsubj,False,"[Illustration] During dinner, Mr. Bennet scarcely spoke at all; but when the servants were withdrawn, he thought it time to have some conversation wit"
he,seem,male,pronoun,nsubj,False,"[Illustration] During dinner, Mr. Bennet scarcely spoke at all; but when the servants were withdrawn, he thought it time to have some conversation wit"
bennet,choose,male,name,nsubj,False,Mr. Bennet could not have chosen better.
he,protest,male,pronoun,nsubj,False,The subject elevated him to more than usual solemnity of manner; and with a most important aspect he protested that he had never in his life witnessed
he,witness,male,pronoun,nsubj,False,The subject elevated him to more than usual solemnity of manner; and with a most important aspect he protested that he had never in his life witnessed
he,experience,male,pronoun,nsubj,False,The subject elevated him to more than usual solemnity of manner; and with a most important aspect he protested that he had never in his life witnessed
himself,experience,male,pronoun,nsubj,False,The subject elevated him to more than usual solemnity of manner; and with a most important aspect he protested that he had never in his life witnessed
he,have,male,pronoun,nsubj,False,She had been graciously pleased to approve of both the discourses which he had already had the honour of preaching before her.
she,ask,female,pronoun,nsubj,False,"She had also asked him twice to dine at Rosings, and had sent for him only the Saturday before, to make up her pool of quadrille in the evening."
catherine,reckon,female,name,nsubjpass,True,"Lady Catherine was reckoned proud by many people, he knew, but _he_ had never seen anything but affability in her."
he,know,male,pronoun,nsubj,False,"Lady Catherine was reckoned proud by many people, he knew, but _he_ had never seen anything but affability in her."
he,see,male,pronoun,nsubj,False,"Lady Catherine was reckoned proud by many people, he knew, but _he_ had never seen anything but affability in her."
she,speak,female,pronoun,nsubj,False,She had always spoken to him as she would to any other gentleman; she made not the smallest objection to his joining in the society of the neighbourho
she,make,female,pronoun,nsubj,False,She had always spoken to him as she would to any other gentleman; she made not the smallest objection to his joining in the society of the neighbourho
his,leave,male,pronoun,nsubj,False,She had always spoken to him as she would to any other gentleman; she made not the smallest objection to his joining in the society of the neighbourho
she,condescend,female,pronoun,nsubj,False,"She had even condescended to advise him to marry as soon as he could, provided he chose with discretion; and had once paid him a visit in his humble p"
he,provide,male,pronoun,nsubj,False,"She had even condescended to advise him to marry as soon as he could, provided he chose with discretion; and had once paid him a visit in his humble p"
he,choose,male,pronoun,nsubj,False,"She had even condescended to advise him to marry as soon as he could, provided he chose with discretion; and had once paid him a visit in his humble p"
she,approve,female,pronoun,nsubj,False,"She had even condescended to advise him to marry as soon as he could, provided he chose with discretion; and had once paid him a visit in his humble p"
he,make,male,pronoun,nsubj,False,"She had even condescended to advise him to marry as soon as he could, provided he chose with discretion; and had once paid him a visit in his humble p"
bennet,say,male,name,nsubj,False,"“That is all very proper and civil, I am sure,” said Mrs. Bennet, “and I dare say she is a very agreeable woman."
she,live,female,pronoun,nsubj,False,"Does she live near you, sir?”"
she,have,female,pronoun,nsubj,False,has she any family?”
she,have,female,pronoun,nsubj,False,"“She has one only daughter, the heiress of Rosings, and of very extensive property.”"
bennet,cry,male,name,nsubj,False,"“Ah,” cried Mrs. Bennet, shaking her head, “then she is better off than many girls."
catherine,say,female,name,nsubj,False,"Lady Catherine herself says that, in point of true beauty, Miss de Bourgh is far superior to the handsomest of her sex; because there is that in her f"
she,make,female,pronoun,nsubj,False,"She is unfortunately of a sickly constitution, which has prevented her making that progress in many accomplishments which she could not otherwise have"
she,fail,female,pronoun,nsubj,False,"She is unfortunately of a sickly constitution, which has prevented her making that progress in many accomplishments which she could not otherwise have"
she,present,female,pronoun,nsubjpass,True,“Has she been presented?
daughter,seem,female,role_noun,nsubj,False,"I have more than once observed to Lady Catherine, that her charming daughter seemed born to be a duchess; and that the most elevated rank, instead of "
bennet,say,male,name,nsubj,False,"“You judge very properly,” said Mr. Bennet; “and it is happy for you that you possess the talent of flattering with delicacy."
he,hope,male,pronoun,nsubj,False,"His cousin was as absurd as he had hoped; and he listened to him with the keenest enjoyment, maintaining at the same time the most resolute composure "
he,listen,male,pronoun,nsubj,False,"His cousin was as absurd as he had hoped; and he listened to him with the keenest enjoyment, maintaining at the same time the most resolute composure "
he,read,male,pronoun,nsubj,False,[Illustration: “Protested that he never read novels” H.T Feb 94 ] to read aloud to the ladies.
collins,assent,male,name,nsubj,False,"Mr. Collins readily assented, and a book was produced; but on beholding it (for everything announced it to be from a circulating library)"
he,start,male,pronoun,nsubj,False,"he started back, and, begging pardon, protested that he never read novels."
he,read,male,pronoun,nsubj,False,"he started back, and, begging pardon, protested that he never read novels."
kitty,stare,female,name,nsubj,False,"Kitty stared at him, and Lydia exclaimed."
lydia,exclaim,female,name,nsubj,False,"Kitty stared at him, and Lydia exclaimed."
he,choose,male,pronoun,nsubj,False,"Other books were produced, and after some deliberation he chose “Fordyce’s Sermons.”"
lydia,gape,female,name,nsubj,False,"Lydia gaped as he opened the volume; and before he had, with very monotonous solemnity, read three pages, she interrupted him with,--"
he,open,male,pronoun,nsubj,False,"Lydia gaped as he opened the volume; and before he had, with very monotonous solemnity, read three pages, she interrupted him with,--"
he,have,male,pronoun,nsubj,False,"Lydia gaped as he opened the volume; and before he had, with very monotonous solemnity, read three pages, she interrupted him with,--"
she,interrupt,female,pronoun,nsubj,False,"Lydia gaped as he opened the volume; and before he had, with very monotonous solemnity, read three pages, she interrupted him with,--"
he,do,male,pronoun,nsubj,False,"and if he does, Colonel Forster will hire him."
lydia,bid,female,name,nsubjpass,True,"Lydia was bid by her two eldest sisters to hold her tongue; but Mr. Collins, much offended, laid aside his book, and said,-- “I have often observed ho"
collins,lay,male,name,nsubj,False,"Lydia was bid by her two eldest sisters to hold her tongue; but Mr. Collins, much offended, laid aside his book, and said,-- “I have often observed ho"
he,offer,male,pronoun,nsubj,False,"Then, turning to Mr. Bennet, he offered himself as his antagonist at backgammon."
bennet,accept,male,name,nsubj,False,"Mr. Bennet accepted the challenge, observing that he acted very wisely in leaving the girls to their own trifling amusements."
he,act,male,pronoun,nsubj,False,"Mr. Bennet accepted the challenge, observing that he acted very wisely in leaving the girls to their own trifling amusements."
bennet,apologize,male,name,nsubj,False,"Mrs. Bennet and her daughters apologized most civilly for Lydia’s interruption, and promised that it should not occur again, if he would resume his bo"
he,resume,male,pronoun,nsubj,False,"Mrs. Bennet and her daughters apologized most civilly for Lydia’s interruption, and promised that it should not occur again, if he would resume his bo"
he,bear,male,pronoun,nsubj,False,"Mrs. Bennet and her daughters apologized most civilly for Lydia’s interruption, and promised that it should not occur again, if he would resume his bo"
he,belong,male,pronoun,nsubj,False,"[Illustration] Mr. Collins was not a sensible man, and the deficiency of nature had been but little assisted by education or society; the greatest par"
he,keep,male,pronoun,nsubj,False,"[Illustration] Mr. Collins was not a sensible man, and the deficiency of nature had been but little assisted by education or society; the greatest par"
father,bring,male,role_noun,nsubj,False,The subjection in which his father had brought him up had given him originally great humility of manner; but it was now a good deal counteracted by th
he,feel,male,pronoun,nsubj,False,A fortunate chance had recommended him to Lady Catherine de Bourgh when the living of Hunsford was vacant; and the respect which he felt for her high 
he,intend,male,pronoun,nsubj,False,"Having now a good house and a very sufficient income, he intended to marry; and in seeking a reconciliation with the Longbourn family he had a wife in"
he,have,male,pronoun,nsubj,False,"Having now a good house and a very sufficient income, he intended to marry; and in seeking a reconciliation with the Longbourn family he had a wife in"
he,mean,male,pronoun,nsubj,False,"Having now a good house and a very sufficient income, he intended to marry; and in seeking a reconciliation with the Longbourn family he had a wife in"
he,find,male,pronoun,nsubj,False,"Having now a good house and a very sufficient income, he intended to marry; and in seeking a reconciliation with the Longbourn family he had a wife in"
he,think,male,pronoun,nsubj,False,"This was his plan of amends--of atonement--for inheriting their father’s estate; and he thought it an excellent one, full of eligibility and suitablen"
he,fix,male,pronoun,nsubj,False,"The next morning, however, made an alteration; for in a quarter of an hour’s _tête-à-tête_ with Mrs. Bennet before breakfast, a conversation beginning"
she,take,female,pronoun,nsubj,False,"“As to her _younger_ daughters, she could not take upon her to say--she could not positively answer--but she did not _know_ of any prepossession;--her"
she,answer,female,pronoun,nsubj,False,"“As to her _younger_ daughters, she could not take upon her to say--she could not positively answer--but she did not _know_ of any prepossession;--her"
she,mention,female,pronoun,nsubj,False,"“As to her _younger_ daughters, she could not take upon her to say--she could not positively answer--but she did not _know_ of any prepossession;--her"
she,feel,female,pronoun,nsubj,False,"“As to her _younger_ daughters, she could not take upon her to say--she could not positively answer--but she did not _know_ of any prepossession;--her"
collins,have,male,name,nsubj,False,Mr. Collins had only to change from Jane to Elizabeth--and it was soon done--done while Mrs. Bennet was stirring the fire.
bennet,stir,male,name,nsubj,False,Mr. Collins had only to change from Jane to Elizabeth--and it was soon done--done while Mrs. Bennet was stirring the fire.
elizabeth,succeed,female,name,nsubj,False,"Elizabeth, equally next to Jane in birth and beauty, succeeded her of course."
bennet,treasure,male,name,nsubj,False,"Mrs. Bennet treasured up the hint, and trusted that she might soon have two daughters married; and the man whom she could not bear to speak of the day"
she,have,female,pronoun,nsubj,False,"Mrs. Bennet treasured up the hint, and trusted that she might soon have two daughters married; and the man whom she could not bear to speak of the day"
daughter,marry,female,role_noun,nsubj,False,"Mrs. Bennet treasured up the hint, and trusted that she might soon have two daughters married; and the man whom she could not bear to speak of the day"
she,bear,female,pronoun,nsubj,False,"Mrs. Bennet treasured up the hint, and trusted that she might soon have two daughters married; and the man whom she could not bear to speak of the day"
sister,agree,female,role_noun,nsubj,False,"Lydia’s intention of walking to Meryton was not forgotten: every sister except Mary agreed to go with her; and Mr. Collins was to attend them, at the "
collins,follow,male,name,nsubj,False,"Lydia’s intention of walking to Meryton was not forgotten: every sister except Mary agreed to go with her; and Mr. Collins was to attend them, at the "
he,continue,male,pronoun,nsubj,False,"Lydia’s intention of walking to Meryton was not forgotten: every sister except Mary agreed to go with her; and Mr. Collins was to attend them, at the "
he,tell,male,pronoun,nsubj,False,"In his library he had been always sure of leisure and tranquillity; and though prepared, as he told Elizabeth, to meet with folly and conceit in every"
he,use,male,pronoun,nsubjpass,True,"In his library he had been always sure of leisure and tranquillity; and though prepared, as he told Elizabeth, to meet with folly and conceit in every"
he,bow,male,pronoun,nsubj,False,"The officer was the very Mr. Denny concerning whose return from London Lydia came to inquire, and he bowed as they passed."
kitty,determine,female,name,nsubj,False,"All were struck with the stranger’s air, all wondered who he could be; and Kitty and Lydia, determined if possible to find out, led the way across the"
gentleman,reach,male,role_noun,nsubj,False,"All were struck with the stranger’s air, all wondered who he could be; and Kitty and Lydia, determined if possible to find out, led the way across the"
wickham,entreat,male,name,nsubj,False,"Mr. Denny addressed them directly, and entreated permission to introduce his friend, Mr. Wickham, who had returned with him the day before from town, "
man,want,male,role_noun,nsubj,False,This was exactly as it should be; for the young man wanted only regimentals to make him completely charming.
he,have,male,pronoun,nsubj,False,"His appearance was greatly in his favour: he had all the best parts of beauty, a fine countenance, a good figure, and very pleasing address."
darcy,see,male,name,nsubjpass,True,The introduction was followed up on his side by a happy readiness of conversation--a readiness at the same time perfectly correct and unassuming; and 
gentleman,come,male,role_noun,nsubj,False,"On distinguishing the ladies of the group the two gentlemen came directly towards them, and began the usual civilities."
he,say,male,pronoun,nsubj,False,"He was then, he said, on his way to Longbourn on purpose to inquire after her."
darcy,corroborate,male,name,nsubj,False,"Mr. Darcy corroborated it with a bow, and was beginning to determine not to fix his eyes on Elizabeth, when they were suddenly arrested by the sight o"
elizabeth,happen,female,name,nsubj,False,"Mr. Darcy corroborated it with a bow, and was beginning to determine not to fix his eyes on Elizabeth, when they were suddenly arrested by the sight o"
wickham,touch,male,name,nsubj,False,"Mr. Wickham, after a few moments, touched his hat--a salutation which Mr. Darcy just deigned to return."
darcy,deign,male,name,nsubj,False,"Mr. Wickham, after a few moments, touched his hat--a salutation which Mr. Darcy just deigned to return."
she,express,female,pronoun,nsubj,False,"Mrs. Philips was always glad to see her nieces; and the two eldest, from their recent absence, were particularly welcome; and she was eagerly expressi"
she,know,female,pronoun,nsubj,False,"Mrs. Philips was always glad to see her nieces; and the two eldest, from their recent absence, were particularly welcome; and she was eagerly expressi"
she,happen,female,pronoun,nsubj,False,"Mrs. Philips was always glad to see her nieces; and the two eldest, from their recent absence, were particularly welcome; and she was eagerly expressi"
she,receive,female,pronoun,nsubj,False,"She received him with her very best politeness, which he returned with as much more, apologizing for his intrusion, without any previous acquaintance "
he,return,male,pronoun,nsubj,False,"She received him with her very best politeness, which he returned with as much more, apologizing for his intrusion, without any previous acquaintance "
he,help,male,pronoun,nsubj,False,"She received him with her very best politeness, which he returned with as much more, apologizing for his intrusion, without any previous acquaintance "
she,tell,female,pronoun,nsubj,False,Mrs. Philips was quite awed by such an excess of good breeding; but her contemplation of one stranger was soon put an end to by exclamations and inqui
she,watch,female,pronoun,nsubj,False,"She had been watching him the last hour, she said, as he walked up and down the street,--and had Mr. Wickham appeared, Kitty and Lydia would certainly"
she,say,female,pronoun,nsubj,False,"She had been watching him the last hour, she said, as he walked up and down the street,--and had Mr. Wickham appeared, Kitty and Lydia would certainly"
he,walk,male,pronoun,nsubj,False,"She had been watching him the last hour, she said, as he walked up and down the street,--and had Mr. Wickham appeared, Kitty and Lydia would certainly"
wickham,appear,male,name,nsubj,False,"She had been watching him the last hour, she said, as he walked up and down the street,--and had Mr. Wickham appeared, Kitty and Lydia would certainly"
kitty,continue,female,name,nsubj,False,"She had been watching him the last hour, she said, as he walked up and down the street,--and had Mr. Wickham appeared, Kitty and Lydia would certainly"
husband,call,male,role_noun,nsubj,False,"Some of them were to dine with the Philipses the next day, and their aunt promised to make her husband call on Mr. Wickham, and give him an invitation"
collins,repeat,male,name,nsubj,False,"Mr. Collins repeated his apologies in quitting the room, and was assured, with unwearying civility, that they were perfectly needless."
elizabeth,relate,female,name,nsubj,False,"As they walked home, Elizabeth related to Jane what she had seen pass between the two gentlemen; but though Jane would have defended either or both, h"
she,see,female,pronoun,nsubj,False,"As they walked home, Elizabeth related to Jane what she had seen pass between the two gentlemen; but though Jane would have defended either or both, h"
jane,defend,female,name,nsubj,False,"As they walked home, Elizabeth related to Jane what she had seen pass between the two gentlemen; but though Jane would have defended either or both, h"
she,explain,female,pronoun,nsubj,False,"As they walked home, Elizabeth related to Jane what she had seen pass between the two gentlemen; but though Jane would have defended either or both, h"
he,protest,male,pronoun,nsubj,False,"He protested that, except Lady Catherine and her daughter, he had never seen a more elegant woman; for she had not only received him with the utmost c"
he,see,male,pronoun,nsubj,False,"He protested that, except Lady Catherine and her daughter, he had never seen a more elegant woman; for she had not only received him with the utmost c"
she,receive,female,pronoun,nsubj,False,"He protested that, except Lady Catherine and her daughter, he had never seen a more elegant woman; for she had not only received him with the utmost c"
he,suppose,male,pronoun,nsubj,False,"Something, he supposed, might be attributed to his connection with them, but yet he had never met with so much attention in the whole course of his li"
he,meet,male,pronoun,nsubj,False,"Something, he supposed, might be attributed to his connection with them, but yet he had never met with so much attention in the whole course of his li"
girl,have,female,role_noun,nsubj,False,"[Illustration] As no objection was made to the young people’s engagement with their aunt, and all Mr. Collins’s scruples of leaving Mr. and Mrs. Benne"
wickham,accept,male,name,nsubj,False,"[Illustration] As no objection was made to the young people’s engagement with their aunt, and all Mr. Collins’s scruples of leaving Mr. and Mrs. Benne"
he,declare,male,pronoun,nsubj,False,"When this information was given, and they had all taken their seats, Mr. Collins was at leisure to look around him and admire, and he was so much stru"
he,suppose,male,pronoun,nsubj,False,"When this information was given, and they had all taken their seats, Mr. Collins was at leisure to look around him and admire, and he was so much stru"
she,listen,female,pronoun,nsubj,False,"When this information was given, and they had all taken their seats, Mr. Collins was at leisure to look around him and admire, and he was so much stru"
she,feel,female,pronoun,nsubj,False,"When this information was given, and they had all taken their seats, Mr. Collins was at leisure to look around him and admire, and he was so much stru"
he,employ,male,pronoun,nsubjpass,True,"In describing to her all the grandeur of Lady Catherine and her mansion, with occasional digressions in praise of his own humble abode, and the improv"
gentleman,join,male,role_noun,nsubj,False,"In describing to her all the grandeur of Lady Catherine and her mansion, with occasional digressions in praise of his own humble abode, and the improv"
he,find,male,pronoun,nsubj,False,"In describing to her all the grandeur of Lady Catherine and her mansion, with occasional digressions in praise of his own humble abode, and the improv"
she,hear,female,pronoun,nsubj,False,"In describing to her all the grandeur of Lady Catherine and her mansion, with occasional digressions in praise of his own humble abode, and the improv"
wickham,walk,male,name,nsubj,False,"The gentlemen did approach: and when Mr. Wickham walked into the room, Elizabeth felt that she had neither been seeing him before, nor thinking of him"
elizabeth,feel,female,name,nsubj,False,"The gentlemen did approach: and when Mr. Wickham walked into the room, Elizabeth felt that she had neither been seeing him before, nor thinking of him"
she,see,female,pronoun,nsubj,False,"The gentlemen did approach: and when Mr. Wickham walked into the room, Elizabeth felt that she had neither been seeing him before, nor thinking of him"
he,seat,male,pronoun,nsubj,False,"[_Copyright 1894 by George Allen._]] Mr. Wickham was the happy man towards whom almost every female eye was turned, and Elizabeth was the happy woman "
he,fall,male,pronoun,nsubj,False,"[_Copyright 1894 by George Allen._]] Mr. Wickham was the happy man towards whom almost every female eye was turned, and Elizabeth was the happy woman "
she,feel,female,pronoun,nsubj,False,"[_Copyright 1894 by George Allen._]] Mr. Wickham was the happy man towards whom almost every female eye was turned, and Elizabeth was the happy woman "
collins,seem,male,name,nsubj,False,"With such rivals for the notice of the fair as Mr. Wickham and the officers, Mr. Collins seemed to sink into insignificance; to the young ladies he ce"
he,have,male,pronoun,nsubj,False,"With such rivals for the notice of the fair as Mr. Wickham and the officers, Mr. Collins seemed to sink into insignificance; to the young ladies he ce"
he,have,male,pronoun,nsubj,False,"When the card tables were placed, he had an opportunity of obliging her, in return, by sitting down to whist."
he,say,male,pronoun,nsubj,False,"“I know little of the game at present,” said he, “but I shall be glad to improve myself; for in my situation of life----” Mrs. Philips was very thankf"
wickham,play,male,name,nsubj,False,"Mr. Wickham did not play at whist, and with ready delight was he received at the other table between Elizabeth and Lydia."
he,receive,male,pronoun,nsubj,False,"Mr. Wickham did not play at whist, and with ready delight was he received at the other table between Elizabeth and Lydia."
she,grow,female,pronoun,nsubj,False,"At first there seemed danger of Lydia’s engrossing him entirely, for she was a most determined talker; but being likewise extremely fond of lottery ti"
she,wish,female,pronoun,nsubj,False,"Allowing for the common demands of the game, Mr. Wickham was therefore at leisure to talk to Elizabeth, and she was very willing to hear him, though w"
she,hope,female,pronoun,nsubj,False,"Allowing for the common demands of the game, Mr. Wickham was therefore at leisure to talk to Elizabeth, and she was very willing to hear him, though w"
she,mention,female,pronoun,nsubj,False,She dared not even mention that gentleman.
wickham,begin,male,name,nsubj,False,Mr. Wickham began the subject himself.
he,inquire,male,pronoun,nsubj,False,"He inquired how far Netherfield was from Meryton; and, after receiving her answer, asked in a hesitating manner how long Mr. Darcy had been staying th"
darcy,stay,male,name,nsubj,False,"He inquired how far Netherfield was from Meryton; and, after receiving her answer, asked in a hesitating manner how long Mr. Darcy had been staying th"
elizabeth,say,female,name,nsubj,False,"“About a month,” said Elizabeth; and then, unwilling to let the subject drop, added, “he is a man of very large property in Derbyshire, I understand.”"
wickham,reply,male,name,nsubj,False,"“Yes,” replied Wickham; “his estate there is a noble one."
elizabeth,look,female,name,nsubj,False,Elizabeth could not but look surprised.
elizabeth,cry,female,name,nsubj,False,"“As much as I ever wish to be,” cried Elizabeth, warmly."
wickham,say,male,name,nsubj,False,"“I have no right to give _my_ opinion,” said Wickham, “as to his being agreeable or otherwise."
he,speak,male,pronoun,nsubj,False,You will not find him more favourably spoken of by anyone.”
wickham,say,male,name,nsubj,False,"“I cannot pretend to be sorry,” said Wickham, after a short interruption, “that he or that any man should not be estimated beyond their deserts; but w"
he,estimate,male,pronoun,nsubjpass,True,"“I cannot pretend to be sorry,” said Wickham, after a short interruption, “that he or that any man should not be estimated beyond their deserts; but w"
man,estimate,male,role_noun,nsubjpass,True,"“I cannot pretend to be sorry,” said Wickham, after a short interruption, “that he or that any man should not be estimated beyond their deserts; but w"
he,choose,male,pronoun,nsubj,False,"The world is blinded by his fortune and consequence, or frightened by his high and imposing manners, and sees him only as he chooses to be seen.”"
wickham,shake,male,name,nsubj,False,Wickham only shook his head.
his,go,male,pronoun,nsubj,False,“I do not at all know; but I _heard_ nothing of his going away when I was at Netherfield.
he,wish,male,pronoun,nsubj,False,If _he_ wishes to avoid seeing _me_ he must go.
he,go,male,pronoun,nsubj,False,If _he_ wishes to avoid seeing _me_ he must go.
his,disappoint,male,pronoun,nsubj,False,"His behaviour to myself has been scandalous; but I verily believe I could forgive him anything and everything, rather than his disappointing the hopes"
elizabeth,find,female,name,nsubj,False,"Elizabeth found the interest of the subject increase, and listened with all her heart; but the delicacy of it prevented further inquiry."
wickham,begin,male,name,nsubj,False,"Mr. Wickham began to speak on more general topics, Meryton, the neighbourhood, the society, appearing highly pleased with all that he had yet seen, an"
he,see,male,pronoun,nsubj,False,"Mr. Wickham began to speak on more general topics, Meryton, the neighbourhood, the society, appearing highly pleased with all that he had yet seen, an"
he,add,male,pronoun,nsubj,False,"“It was the prospect of constant society, and good society,” he added, “which was my chief inducement to enter the ----shire."
darcy,bequeath,male,name,nsubj,False,“Yes--the late Mr. Darcy bequeathed me the next presentation of the best living in his gift.
he,mean,male,pronoun,nsubj,False,"He meant to provide for me amply, and thought he had done it; but when the living fell, it was given elsewhere.”"
he,do,male,pronoun,nsubj,False,"He meant to provide for me amply, and thought he had done it; but when the living fell, it was given elsewhere.”"
elizabeth,cry,female,name,nsubj,False,“Good heavens!” cried Elizabeth; “but how could _that_ be?
his,disregard,male,pronoun,nsubjpass,True,How could his will be disregarded?
man,doubt,male,role_noun,nsubj,False,"A man of honour could not have doubted the intention, but Mr. Darcy chose to doubt it--or to treat it as a merely conditional recommendation, and to a"
darcy,choose,male,name,nsubj,False,"A man of honour could not have doubted the intention, but Mr. Darcy chose to doubt it--or to treat it as a merely conditional recommendation, and to a"
he,hate,male,pronoun,nsubj,False,"But the fact is, that we are very different sort of men, and that he hates me.”"
he,deserve,male,pronoun,nsubj,False,He deserves to be publicly disgraced.”
elizabeth,honour,female,name,nsubj,False,"Elizabeth honoured him for such feelings, and thought him handsomer than ever as he expressed them."
he,express,male,pronoun,nsubj,False,"Elizabeth honoured him for such feelings, and thought him handsomer than ever as he expressed them."
darcy,like,male,name,nsubj,False,"Had the late Mr. Darcy liked me less, his son might have borne with me better; but his father’s uncommon attachment to me irritated him, I believe, ve"
son,bear,male,role_noun,nsubj,False,"Had the late Mr. Darcy liked me less, his son might have borne with me better; but his father’s uncommon attachment to me irritated him, I believe, ve"
he,have,male,pronoun,nsubj,False,He had not a temper to bear the sort of competition in which we stood--the sort of preference which was often given me.”
she,continue,female,pronoun,nsubj,False,"After a few minutes’ reflection, however, she continued, “I _do_ remember his boasting one day, at Netherfield, of the implacability of his resentment"
his,have,male,pronoun,nsubj,False,"After a few minutes’ reflection, however, she continued, “I _do_ remember his boasting one day, at Netherfield, of the implacability of his resentment"
wickham,reply,male,name,nsubj,False,"“I will not trust myself on the subject,” replied Wickham; “_I_ can hardly be just to him.”"
she,add,female,pronoun,nsubj,False,"She could have added, “A young man, too, like _you_, whose very countenance may vouch for your being amiable.”"
she,content,female,pronoun,nsubj,False,"But she contented herself with--“And one, too, who had probably been his own companion from childhood, connected together, as I think you said, in the"
father,begin,male,role_noun,nsubj,False,"My_ father began life in the profession which your uncle, Mr. Philips, appears to do so much credit to; but he gave up everything to be of use to the "
he,give,male,pronoun,nsubj,False,"My_ father began life in the profession which your uncle, Mr. Philips, appears to do so much credit to; but he gave up everything to be of use to the "
darcy,acknowledge,male,name,nsubj,False,"Mr. Darcy often acknowledged himself to be under the greatest obligations to my father’s active superintendence; and when, immediately before my fathe"
darcy,give,male,name,nsubj,False,"Mr. Darcy often acknowledged himself to be under the greatest obligations to my father’s active superintendence; and when, immediately before my fathe"
he,feel,male,pronoun,nsubj,False,"Mr. Darcy often acknowledged himself to be under the greatest obligations to my father’s active superintendence; and when, immediately before my fathe"
elizabeth,cry,female,name,nsubj,False,“How strange!” cried Elizabeth.
darcy,make,male,name,nsubj,False,I wonder that the very pride of this Mr. Darcy has not made him just to you.
wickham,reply,male,name,nsubj,False,"“It _is_ wonderful,” replied Wickham; “for almost all his actions may be traced to pride; and pride has often been his best friend."
he,have,male,pronoun,nsubj,False,"He has also _brotherly_ pride, which, with _some_ brotherly affection, makes him a very kind and careful guardian of his sister; and you will hear him"
he,cry,male,pronoun,nsubj,False,"He has also _brotherly_ pride, which, with _some_ brotherly affection, makes him a very kind and careful guardian of his sister; and you will hear him"
he,shake,male,pronoun,nsubj,False,He shook his head.
lady,live,female,role_noun,nsubj,False,"Since her father’s death her home has been London, where a lady lives with her, and superintends her education.”"
elizabeth,help,female,name,nsubj,False,"After many pauses and many trials of other subjects, Elizabeth could not help reverting once more to the first, and saying,-- “I am astonished at his "
he,know,male,pronoun,nsubj,False,He cannot know what Mr. Darcy is.”
darcy,please,male,name,nsubj,False,“Probably not; but Mr. Darcy can please where he chooses.
he,choose,male,pronoun,nsubj,False,“Probably not; but Mr. Darcy can please where he chooses.
he,want,male,pronoun,nsubj,False,He does not want abilities.
he,think,male,pronoun,nsubj,False,He can be a conversible companion if he thinks it worth his while.
collins,take,male,name,nsubj,False,"The whist party soon afterwards breaking up, the players gathered round the other table, and Mr. Collins took his station between his cousin Elizabeth"
he,lose,male,pronoun,nsubj,False,"It had not been very great; he had lost every point; but when Mrs. Philips began to express her concern thereupon, he assured her, with much earnest g"
he,assure,male,pronoun,nsubj,False,"It had not been very great; he had lost every point; but when Mrs. Philips began to express her concern thereupon, he assured her, with much earnest g"
he,consider,male,pronoun,nsubj,False,"It had not been very great; he had lost every point; but when Mrs. Philips began to express her concern thereupon, he assured her, with much earnest g"
she,make,female,pronoun,nsubj,False,"It had not been very great; he had lost every point; but when Mrs. Philips began to express her concern thereupon, he assured her, with much earnest g"
he,say,male,pronoun,nsubj,False,"“I know very well, madam,” said he, “that when persons sit down to a card table they must take their chance of these things,--and happily I am not in "
he,ask,male,pronoun,nsubj,False,"Mr. Wickham’s attention was caught; and after observing Mr. Collins for a few moments, he asked Elizabeth in a low voice whether her relations were ve"
she,reply,female,pronoun,nsubj,False,"“Lady Catherine de Bourgh,” she replied, “has very lately given him a living."
collins,introduce,male,name,nsubjpass,True,"I hardly know how Mr. Collins was first introduced to her notice, but he certainly has not known her long.”"
he,know,male,pronoun,nsubj,False,"I hardly know how Mr. Collins was first introduced to her notice, but he certainly has not known her long.”"
daughter,have,female,role_noun,nsubj,False,"“Her daughter, Miss de Bourgh, will have a very large fortune, and it is believed that she and her cousin will unite the two estates.”"
she,unite,female,pronoun,nsubj,False,"“Her daughter, Miss de Bourgh, will have a very large fortune, and it is believed that she and her cousin will unite the two estates.”"
she,think,female,pronoun,nsubj,False,"This information made Elizabeth smile, as she thought of poor Miss Bingley."
collins,say,male,name,nsubj,False,"“Mr. Collins,” said she, “speaks highly both of Lady Catherine and her daughter; but, from some particulars that he has related of her Ladyship, I sus"
she,speak,female,pronoun,nsubj,False,"“Mr. Collins,” said she, “speaks highly both of Lady Catherine and her daughter; but, from some particulars that he has related of her Ladyship, I sus"
he,relate,male,pronoun,nsubj,False,"“Mr. Collins,” said she, “speaks highly both of Lady Catherine and her daughter; but, from some particulars that he has related of her Ladyship, I sus"
wickham,reply,male,name,nsubj,False,"“I believe her to be both in a great degree,” replied Wickham; “I have not seen her for many years; but I very well remember that I never liked her, a"
she,have,female,pronoun,nsubj,False,"She has the reputation of being remarkably sensible and clever; but I rather believe she derives part of her abilities from her rank and fortune, part"
she,derive,female,pronoun,nsubj,False,"She has the reputation of being remarkably sensible and clever; but I rather believe she derives part of her abilities from her rank and fortune, part"
elizabeth,allow,female,name,nsubj,False,"Elizabeth allowed that he had given a very rational account of it, and they continued talking together with mutual satisfaction till supper put an end"
he,give,male,pronoun,nsubj,False,"Elizabeth allowed that he had given a very rational account of it, and they continued talking together with mutual satisfaction till supper put an end"
he,say,male,pronoun,nsubj,False,"Whatever he said, was said well; and whatever he did, done gracefully."
he,do,male,pronoun,nsubj,False,"Whatever he said, was said well; and whatever he did, done gracefully."
elizabeth,go,female,name,nsubj,False,Elizabeth went away with her head full of him.
she,think,female,pronoun,nsubj,False,"She could think of nothing but of Mr. Wickham, and of what he had told her, all the way home; but there was not time for her even to mention his name "
he,tell,male,pronoun,nsubj,False,"She could think of nothing but of Mr. Wickham, and of what he had told her, all the way home; but there was not time for her even to mention his name "
she,mention,female,pronoun,nsubj,False,"She could think of nothing but of Mr. Wickham, and of what he had told her, all the way home; but there was not time for her even to mention his name "
lydia,talk,female,name,nsubj,False,"Lydia talked incessantly of lottery tickets, of the fish she had lost and the fish she had won; and Mr. Collins, in describing the civility of Mr. and"
she,lose,female,pronoun,nsubj,False,"Lydia talked incessantly of lottery tickets, of the fish she had lost and the fish she had won; and Mr. Collins, in describing the civility of Mr. and"
she,win,female,pronoun,nsubj,False,"Lydia talked incessantly of lottery tickets, of the fish she had lost and the fish she had won; and Mr. Collins, in describing the civility of Mr. and"
he,regard,male,pronoun,nsubj,False,"Lydia talked incessantly of lottery tickets, of the fish she had lost and the fish she had won; and Mr. Collins, in describing the civility of Mr. and"
he,crowd,male,pronoun,nsubj,False,"Lydia talked incessantly of lottery tickets, of the fish she had lost and the fish she had won; and Mr. Collins, in describing the civility of Mr. and"
he,manage,male,pronoun,nsubj,False,"Lydia talked incessantly of lottery tickets, of the fish she had lost and the fish she had won; and Mr. Collins, in describing the civility of Mr. and"
elizabeth,relate,female,name,nsubj,False,"[Illustration] Elizabeth related to Jane, the next day, what had passed between Mr. Wickham and herself."
jane,listen,female,name,nsubj,False,Jane listened with astonishment and concern: she knew not how to believe that Mr. Darcy could be so unworthy of Mr. Bingley’s regard; and yet it was n
she,know,female,pronoun,nsubj,False,Jane listened with astonishment and concern: she knew not how to believe that Mr. Darcy could be so unworthy of Mr. Bingley’s regard; and yet it was n
his,endure,male,pronoun,nsubj,False,The possibility of his having really endured such unkindness was enough to interest all her tender feelings; and nothing therefore remained to be done
she,say,female,pronoun,nsubj,False,"“They have both,” said she, “been deceived, I dare say, in some way or other, of which we can form no idea."
father,promise,male,role_noun,nsubj,False,"My dearest Lizzy, do but consider in what a disgraceful light it places Mr. Darcy, to be treating his father’s favourite in such a manner,--one whom h"
bingley,impose,male,name,nsubjpass,True,“I can much more easily believe Mr. Bingley’s being imposed on than that Mr. Wickham should invent such a history of himself as he gave me last night;
wickham,invent,male,name,nsubj,False,“I can much more easily believe Mr. Bingley’s being imposed on than that Mr. Wickham should invent such a history of himself as he gave me last night;
he,give,male,pronoun,nsubj,False,“I can much more easily believe Mr. Bingley’s being imposed on than that Mr. Wickham should invent such a history of himself as he gave me last night;
darcy,contradict,male,name,nsubj,False,"If it be not so, let Mr. Darcy contradict it."
jane,think,female,name,nsubj,False,"But Jane could think with certainty on only one point,--that Mr. Bingley, if he _had been_ imposed on, would have much to suffer when the affair becam"
lady,summon,female,role_noun,nsubjpass,True,"The two young ladies were summoned from the shrubbery, where this conversation passed, by the arrival of some of the very persons of whom they had bee"
bingley,come,male,name,nsubj,False,"The two young ladies were summoned from the shrubbery, where this conversation passed, by the arrival of some of the very persons of whom they had bee"
she,do,female,pronoun,nsubj,False,"The two ladies were delighted to see their dear friend again, called it an age since they had met, and repeatedly asked what she had been doing with h"
bennet,choose,male,name,nsubj,False,"Mrs. Bennet chose to consider it as given in compliment to her eldest daughter, and was particularly flattered by receiving the invitation from Mr. Bi"
jane,picture,female,name,nsubj,False,"Jane pictured to herself a happy evening in the society of her two friends, and the attentions of their brother; and Elizabeth thought with pleasure o"
elizabeth,think,female,name,nsubj,False,"Jane pictured to herself a happy evening in the society of her two friends, and the attentions of their brother; and Elizabeth thought with pleasure o"
mary,assure,female,name,nsubj,False,And even Mary could assure her family that she had no disinclination for it.
she,have,female,pronoun,nsubj,False,And even Mary could assure her family that she had no disinclination for it.
she,say,female,pronoun,nsubj,False,"“While I can have my mornings to myself,” said she, “it is enough."
she,speak,female,pronoun,nsubj,False,"Elizabeth’s spirits were so high on the occasion, that though she did not often speak unnecessarily to Mr. Collins, she could not help asking him whet"
she,help,female,pronoun,nsubj,False,"Elizabeth’s spirits were so high on the occasion, that though she did not often speak unnecessarily to Mr. Collins, she could not help asking him whet"
he,intend,male,pronoun,nsubj,False,"Elizabeth’s spirits were so high on the occasion, that though she did not often speak unnecessarily to Mr. Collins, she could not help asking him whet"
he,do,male,pronoun,nsubj,False,"Elizabeth’s spirits were so high on the occasion, that though she did not often speak unnecessarily to Mr. Collins, she could not help asking him whet"
he,think,male,pronoun,nsubj,False,"Elizabeth’s spirits were so high on the occasion, that though she did not often speak unnecessarily to Mr. Collins, she could not help asking him whet"
he,entertain,male,pronoun,nsubj,False,"Elizabeth’s spirits were so high on the occasion, that though she did not often speak unnecessarily to Mr. Collins, she could not help asking him whet"
he,say,male,pronoun,nsubj,False,"“I am by no means of opinion, I assure you,” said he, “that a ball of this kind, given by a young man of character, to respectable people, can have an"
elizabeth,feel,female,name,nsubj,False,Elizabeth felt herself completely taken in.
herself,take,female,pronoun,nsubj,False,Elizabeth felt herself completely taken in.
she,propose,female,pronoun,nsubj,False,She had fully proposed being engaged by Wickham for those very dances; and to have Mr. Collins instead!--her liveliness had been never worse timed.
she,select,female,pronoun,nsubjpass,True,"she_ was selected from among her sisters as worthy of being the mistress of Hunsford Parsonage, and of assisting to form a quadrille table at Rosings,"
she,observe,female,pronoun,nsubj,False,"The idea soon reached to conviction, as she observed his increasing civilities towards herself, and heard his frequent attempt at a compliment on her "
mother,give,female,role_noun,nsubj,False,"The idea soon reached to conviction, as she observed his increasing civilities towards herself, and heard his frequent attempt at a compliment on her "
elizabeth,choose,female,name,nsubj,False,"Elizabeth, however, did not choose to take the hint, being well aware that a serious dispute must be the consequence of any reply."
collins,make,male,name,nsubj,False,"Mr. Collins might never make the offer, and, till he did, it was useless to quarrel about him."
he,do,male,pronoun,nsubj,False,"Mr. Collins might never make the offer, and, till he did, it was useless to quarrel about him."
elizabeth,find,female,name,nsubj,False,Even Elizabeth might have found some trial of her patience in weather which totally suspended the improvement of her acquaintance with Mr. Wickham; an
elizabeth,enter,female,name,nsubj,False,"[Illustration] Till Elizabeth entered the drawing-room at Netherfield, and looked in vain for Mr. Wickham among the cluster of red coats there assembl"
she,dress,female,pronoun,nsubj,False,"She had dressed with more than usual care, and prepared in the highest spirits for the conquest of all that remained unsubdued of his heart, trusting "
lydia,apply,female,name,nsubj,False,"But in an instant arose the dreadful suspicion of his being purposely omitted, for Mr. Darcy’s pleasure, in the Bingleys’ invitation to the officers; "
wickham,oblige,male,name,nsubjpass,True,"But in an instant arose the dreadful suspicion of his being purposely omitted, for Mr. Darcy’s pleasure, in the Bingleys’ invitation to the officers; "
he,wish,male,pronoun,nsubj,False,"But in an instant arose the dreadful suspicion of his being purposely omitted, for Mr. Darcy’s pleasure, in the Bingleys’ invitation to the officers; "
she,reply,female,pronoun,nsubj,False,"This part of his intelligence, though unheard by Lydia, was caught by Elizabeth; and, as it assured her that Darcy was not less answerable for Wickham"
he,approach,male,pronoun,nsubj,False,"This part of his intelligence, though unheard by Lydia, was caught by Elizabeth; and, as it assured her that Darcy was not less answerable for Wickham"
she,resolve,female,pronoun,nsubjpass,True,"She was resolved against any sort of conversation with him, and turned away with a degree of ill-humour which she could not wholly surmount even in sp"
she,surmount,female,pronoun,nsubj,False,"She was resolved against any sort of conversation with him, and turned away with a degree of ill-humour which she could not wholly surmount even in sp"
elizabeth,form,female,name,nsubjpass,True,"But Elizabeth was not formed for ill-humour; and though every prospect of her own was destroyed for the evening, it could not dwell long on her spirit"
she,see,female,pronoun,nsubj,False,"But Elizabeth was not formed for ill-humour; and though every prospect of her own was destroyed for the evening, it could not dwell long on her spirit"
collins,give,male,name,nsubj,False,"Mr. Collins, awkward and solemn, apologizing instead of attending, and often moving wrong without being aware of it, gave her all the shame and misery"
she,dance,female,pronoun,nsubj,False,"She danced next with an officer, and had the refreshment of talking of Wickham, and of hearing that he was universally liked."
he,like,male,pronoun,nsubjpass,True,"She danced next with an officer, and had the refreshment of talking of Wickham, and of hearing that he was universally liked."
she,return,female,pronoun,nsubj,False,"When those dances were over, she returned to Charlotte Lucas, and was in conversation with her, when she found herself suddenly addressed by Mr. Darcy"
she,find,female,pronoun,nsubj,False,"When those dances were over, she returned to Charlotte Lucas, and was in conversation with her, when she found herself suddenly addressed by Mr. Darcy"
herself,address,female,pronoun,nsubj,False,"When those dances were over, she returned to Charlotte Lucas, and was in conversation with her, when she found herself suddenly addressed by Mr. Darcy"
she,do,female,pronoun,nsubj,False,"When those dances were over, she returned to Charlotte Lucas, and was in conversation with her, when she found herself suddenly addressed by Mr. Darcy"
she,accept,female,pronoun,nsubj,False,"When those dances were over, she returned to Charlotte Lucas, and was in conversation with her, when she found herself suddenly addressed by Mr. Darcy"
he,walk,male,pronoun,nsubj,False,"He walked away again immediately, and she was left to fret over her own want of presence of mind: Charlotte tried to console her."
she,leave,female,pronoun,nsubjpass,True,"He walked away again immediately, and she was left to fret over her own want of presence of mind: Charlotte tried to console her."
charlotte,try,female,name,nsubj,False,"He walked away again immediately, and she was left to fret over her own want of presence of mind: Charlotte tried to console her."
darcy,approach,male,name,nsubj,False,"When the dancing recommenced, however, and Darcy approached to claim her hand, Charlotte could not help cautioning her, in a whisper, not to be a simp"
charlotte,help,female,name,nsubj,False,"When the dancing recommenced, however, and Darcy approached to claim her hand, Charlotte could not help cautioning her, in a whisper, not to be a simp"
wickham,make,male,name,nsubj,False,"When the dancing recommenced, however, and Darcy approached to claim her hand, Charlotte could not help cautioning her, in a whisper, not to be a simp"
she,appear,female,pronoun,nsubj,False,"When the dancing recommenced, however, and Darcy approached to claim her hand, Charlotte could not help cautioning her, in a whisper, not to be a simp"
elizabeth,make,female,name,nsubj,False,"Elizabeth made no answer, and took her place in the set, amazed at the dignity to which she was arrived in being allowed to stand opposite to Mr. Darc"
she,arrive,female,pronoun,nsubjpass,True,"Elizabeth made no answer, and took her place in the set, amazed at the dignity to which she was arrived in being allowed to stand opposite to Mr. Darc"
she,begin,female,pronoun,nsubj,False,"They stood for some time without speaking a word; and she began to imagine that their silence was to last through the two dances, and, at first, was r"
she,make,female,pronoun,nsubj,False,"They stood for some time without speaking a word; and she began to imagine that their silence was to last through the two dances, and, at first, was r"
he,reply,male,pronoun,nsubj,False,"He replied, and was again silent."
she,address,female,pronoun,nsubj,False,"After a pause of some minutes, she addressed him a second time, with-- “It is _your_ turn to say something now, Mr. Darcy."
he,smile,male,pronoun,nsubj,False,"He smiled, and assured her that whatever she wished him to say should be said."
she,wish,female,pronoun,nsubj,False,"He smiled, and assured her that whatever she wished him to say should be said."
he,say,male,pronoun,nsubj,False,"He smiled, and assured her that whatever she wished him to say should be said."
he,say,male,pronoun,nsubj,False,"“This is no very striking resemblance of your own character, I am sure,” said he."
he,make,male,pronoun,nsubj,False,"He made no answer; and they were again silent till they had gone down the dance, when he asked her if she and her sisters did not very often walk to M"
he,ask,male,pronoun,nsubj,False,"He made no answer; and they were again silent till they had gone down the dance, when he asked her if she and her sisters did not very often walk to M"
she,walk,female,pronoun,nsubj,False,"He made no answer; and they were again silent till they had gone down the dance, when he asked her if she and her sisters did not very often walk to M"
she,answer,female,pronoun,nsubj,False,"She answered in the affirmative; and, unable to resist the temptation, added, “When you met us there the other day, we had just been forming a new acq"
he,say,male,pronoun,nsubj,False,"A deeper shade of _hauteur_ overspread his features, but he said not a word; and Elizabeth, though blaming herself for her own weakness, could not go "
darcy,speak,male,name,nsubj,False,"At length Darcy spoke, and in a constrained manner said,--"
wickham,bless,male,name,nsubjpass,True,"“Mr. Wickham is blessed with such happy manners as may insure his _making_ friends; whether he may be equally capable of _retaining_ them, is less cer"
elizabeth,reply,female,name,nsubj,False,"“He has been so unlucky as to lose your friendship,” replied Elizabeth, with emphasis, “and in a manner which he is likely to suffer from all his life"
darcy,make,male,name,nsubj,False,"Darcy made no answer, and seemed desirous of changing the subject."
he,stop,male,pronoun,nsubj,False,"At that moment Sir William Lucas appeared close to them, meaning to pass through the set to the other side of the room; but, on perceiving Mr. Darcy, "
he,turn,male,pronoun,nsubj,False,"Recovering himself, however, shortly, he turned to his partner, and said,-- “Sir William’s interruption has made me forget what we were talking of.”"
he,say,male,pronoun,nsubj,False,"“What think you of books?” said he, smiling."
he,say,male,pronoun,nsubj,False,"“The _present_ always occupies you in such scenes--does it?” said he, with a look of doubt."
she,reply,female,pronoun,nsubj,False,"“Yes, always,” she replied, without knowing what she said; for her thoughts had wandered far from the subject, as soon afterwards appeared by her sudd"
she,say,female,pronoun,nsubj,False,"“Yes, always,” she replied, without knowing what she said; for her thoughts had wandered far from the subject, as soon afterwards appeared by her sudd"
she,exclaim,female,pronoun,nsubj,False,"“Yes, always,” she replied, without knowing what she said; for her thoughts had wandered far from the subject, as soon afterwards appeared by her sudd"
he,say,male,pronoun,nsubj,False,"“I am,” said he, with a firm voice."
she,say,female,pronoun,nsubj,False,"“Merely to the illustration of _your_ character,” said she, endeavouring to shake off her gravity."
she,shake,female,pronoun,nsubj,False,She shook her head.
he,answer,male,pronoun,nsubj,False,"“I can readily believe,” answered he, gravely, “that reports may vary greatly with respect to me; and I could wish, Miss Bennet, that you were not to "
he,reply,male,pronoun,nsubj,False,"“I would by no means suspend any pleasure of yours,” he coldly replied."
she,say,female,pronoun,nsubj,False,"She said no more, and they went down the other dance and parted in silence; on each side dissatisfied, though not to an equal degree; for in Darcy’s b"
bingley,come,male,name,nsubj,False,"They had not long separated when Miss Bingley came towards her, and, with an expression of civil disdain, thus accosted her,-- “So, Miss Eliza, I hear"
sister,talk,female,role_noun,nsubj,False,"Your sister has been talking to me about him, and asking me a thousand questions; and I find that the young man forgot to tell you, among his other co"
man,forget,male,role_noun,nsubj,False,"Your sister has been talking to me about him, and asking me a thousand questions; and I find that the young man forgot to tell you, among his other co"
wickham,treat,male,name,nsubj,False,"Let me recommend you, however, as a friend, not to give implicit confidence to all his assertions; for, as to Mr. Darcy’s using him ill, it is perfect"
he,bear,male,pronoun,nsubj,False,"I do not know the particulars, but I know very well that Mr. Darcy is not in the least to blame; that he cannot bear to hear George Wickham mentioned;"
wickham,mention,male,name,nsubj,False,"I do not know the particulars, but I know very well that Mr. Darcy is not in the least to blame; that he cannot bear to hear George Wickham mentioned;"
brother,think,male,role_noun,nsubj,False,"I do not know the particulars, but I know very well that Mr. Darcy is not in the least to blame; that he cannot bear to hear George Wickham mentioned;"
he,avoid,male,pronoun,nsubj,False,"I do not know the particulars, but I know very well that Mr. Darcy is not in the least to blame; that he cannot bear to hear George Wickham mentioned;"
he,take,male,pronoun,nsubj,False,"I do not know the particulars, but I know very well that Mr. Darcy is not in the least to blame; that he cannot bear to hear George Wickham mentioned;"
his,come,male,pronoun,nsubj,False,"His coming into the country at all is a most insolent thing, indeed, and I wonder how he could presume to do it."
he,presume,male,pronoun,nsubj,False,"His coming into the country at all is a most insolent thing, indeed, and I wonder how he could presume to do it."
elizabeth,say,female,name,nsubj,False,"“His guilt and his descent appear, by your account, to be the same,” said Elizabeth, angrily; “for I have heard you accuse him of nothing worse than o"
he,inform,male,pronoun,nsubj,False,"“His guilt and his descent appear, by your account, to be the same,” said Elizabeth, angrily; “for I have heard you accuse him of nothing worse than o"
bingley,reply,male,name,nsubj,False,"“I beg your pardon,” replied Miss Bingley, turning away with a sneer."
girl,say,female,role_noun,nsubj,False,“Insolent girl!” said Elizabeth to herself.
elizabeth,say,female,name,nsubj,False,“Insolent girl!” said Elizabeth to herself.
she,seek,female,pronoun,nsubj,False,"She then sought her eldest sister, who had undertaken to make inquiries on the same subject of Bingley."
jane,meet,female,name,nsubj,False,"Jane met her with a smile of such sweet complacency, a glow of such happy expression, as sufficiently marked how well she was satisfied with the occur"
elizabeth,read,female,name,nsubj,False,"Elizabeth instantly read her feelings; and, at that moment, solicitude for Wickham, resentment against his enemies, and everything else, gave way befo"
she,say,female,pronoun,nsubj,False,"“I want to know,” said she, with a countenance no less smiling than her sister’s, “what you have learnt about Mr. Wickham."
jane,reply,female,name,nsubj,False,"“No,” replied Jane, “I have not forgotten him; but I have nothing satisfactory to tell you."
bingley,know,male,name,nsubj,False,"Mr. Bingley does not know the whole of his history, and is quite ignorant of the circumstances which have principally offended Mr. Darcy; but he will "
he,vouch,male,pronoun,nsubj,False,"Mr. Bingley does not know the whole of his history, and is quite ignorant of the circumstances which have principally offended Mr. Darcy; but he will "
wickham,deserve,male,name,nsubj,False,"Mr. Bingley does not know the whole of his history, and is quite ignorant of the circumstances which have principally offended Mr. Darcy; but he will "
he,receive,male,pronoun,nsubj,False,"Mr. Bingley does not know the whole of his history, and is quite ignorant of the circumstances which have principally offended Mr. Darcy; but he will "
bingley,know,male,name,nsubj,False,“Mr. Bingley does not know Mr. Wickham himself.”
he,see,male,pronoun,nsubj,False,“No; he never saw him till the other morning at Meryton.”
he,receive,male,pronoun,nsubj,False,“This account then is what he has received from Mr. Darcy.
he,say,male,pronoun,nsubj,False,But what does he say of the living?”
he,recollect,male,pronoun,nsubj,False,"“He does not exactly recollect the circumstances, though he has heard them from Mr. Darcy more than once, but he believes that it was left to him _con"
he,hear,male,pronoun,nsubj,False,"“He does not exactly recollect the circumstances, though he has heard them from Mr. Darcy more than once, but he believes that it was left to him _con"
he,believe,male,pronoun,nsubj,False,"“He does not exactly recollect the circumstances, though he has heard them from Mr. Darcy more than once, but he believes that it was left to him _con"
elizabeth,say,female,name,nsubj,False,"“I have not a doubt of Mr. Bingley’s sincerity,” said Elizabeth warmly, “but you must excuse my not being convinced by assurances only."
she,change,female,pronoun,nsubj,False,"She then changed the discourse to one more gratifying to each, and on which there could be no difference of sentiment."
elizabeth,listen,female,name,nsubj,False,"Elizabeth listened with delight to the happy though modest hopes which Jane entertained of Bingley’s regard, and said all in her power to heighten her"
jane,entertain,female,name,nsubj,False,"Elizabeth listened with delight to the happy though modest hopes which Jane entertained of Bingley’s regard, and said all in her power to heighten her"
elizabeth,withdraw,female,name,nsubj,False,"On their being joined by Mr. Bingley himself, Elizabeth withdrew to Miss Lucas; to whose inquiry after the pleasantness of her last partner she had sc"
she,reply,female,pronoun,nsubj,False,"On their being joined by Mr. Bingley himself, Elizabeth withdrew to Miss Lucas; to whose inquiry after the pleasantness of her last partner she had sc"
collins,come,male,name,nsubj,False,"On their being joined by Mr. Bingley himself, Elizabeth withdrew to Miss Lucas; to whose inquiry after the pleasantness of her last partner she had sc"
he,say,male,pronoun,nsubj,False,"“I have found out,” said he, “by a singular accident, that there is now in the room a near relation to my patroness."
himself,mention,male,pronoun,nsubj,False,"I happened to overhear the gentleman himself mentioning to the young lady who does the honours of this house the names of his cousin Miss De Bourgh, a"
he,excuse,male,pronoun,nsubj,False,"I am most thankful that the discovery is made in time for me to pay my respects to him, which I am now going to do, and trust he will excuse my not ha"
elizabeth,try,female,name,nsubj,False,Elizabeth tried hard to dissuade him from such a scheme; assuring him that Mr. Darcy would consider his addressing him without introduction as an impe
darcy,consider,male,name,nsubj,False,Elizabeth tried hard to dissuade him from such a scheme; assuring him that Mr. Darcy would consider his addressing him without introduction as an impe
his,address,male,pronoun,nsubj,False,Elizabeth tried hard to dissuade him from such a scheme; assuring him that Mr. Darcy would consider his addressing him without introduction as an impe
collins,listen,male,name,nsubj,False,"Mr. Collins listened to her with the determined air of following his own inclination, and when she ceased speaking, replied thus,-- “My dear Miss Eliz"
she,cease,female,pronoun,nsubj,False,"Mr. Collins listened to her with the determined air of following his own inclination, and when she ceased speaking, replied thus,-- “My dear Miss Eliz"
he,leave,male,pronoun,nsubj,False,"Pardon me for neglecting to profit by your advice, which on every other subject shall be my constant guide, though in the case before us I consider my"
she,watch,female,pronoun,nsubj,False,"Pardon me for neglecting to profit by your advice, which on every other subject shall be my constant guide, though in the case before us I consider my"
she,hear,female,pronoun,nsubj,False,"Her cousin prefaced his speech with a solemn bow, and though she could not hear a word of it, she felt as if hearing it all, and saw in the motion of "
she,feel,female,pronoun,nsubj,False,"Her cousin prefaced his speech with a solemn bow, and though she could not hear a word of it, she felt as if hearing it all, and saw in the motion of "
he,expose,male,pronoun,nsubj,False,It vexed her to see him expose himself to such a man.
darcy,eye,male,name,nsubj,False,"Mr. Darcy was eyeing him with unrestrained wonder; and when at last Mr. Collins allowed him to speak, replied with an air of distant civility."
collins,allow,male,name,nsubj,False,"Mr. Darcy was eyeing him with unrestrained wonder; and when at last Mr. Collins allowed him to speak, replied with an air of distant civility."
he,speak,male,pronoun,nsubj,False,"Mr. Darcy was eyeing him with unrestrained wonder; and when at last Mr. Collins allowed him to speak, replied with an air of distant civility."
collins,discourage,male,name,nsubjpass,True,"Mr. Collins, however, was not discouraged from speaking again, and Mr. Darcy’s contempt seemed abundantly increasing with the length of his second spe"
he,make,male,pronoun,nsubj,False,"Mr. Collins, however, was not discouraged from speaking again, and Mr. Darcy’s contempt seemed abundantly increasing with the length of his second spe"
collins,return,male,name,nsubj,False,"Mr. Collins, however, was not discouraged from speaking again, and Mr. Darcy’s contempt seemed abundantly increasing with the length of his second spe"
he,say,male,pronoun,nsubj,False,"“I have no reason, I assure you,” said he, “to be dissatisfied with my reception."
darcy,seem,male,name,nsubj,False,Mr. Darcy seemed much pleased with the attention.
he,answer,male,pronoun,nsubj,False,"He answered me with the utmost civility, and even paid me the compliment of saying, that he was so well convinced of Lady Catherine’s discernment as t"
she,bestow,female,pronoun,nsubj,False,"He answered me with the utmost civility, and even paid me the compliment of saying, that he was so well convinced of Lady Catherine’s discernment as t"
elizabeth,have,female,name,nsubj,False,"As Elizabeth had no longer any interest of her own to pursue, she turned her attention almost entirely on her sister and Mr. Bingley; and the train of"
she,turn,female,pronoun,nsubj,False,"As Elizabeth had no longer any interest of her own to pursue, she turned her attention almost entirely on her sister and Mr. Bingley; and the train of"
she,see,female,pronoun,nsubj,False,"She saw her in idea settled in that very house, in all the felicity which a marriage of true affection could bestow; and she felt capable, under such "
she,feel,female,pronoun,nsubj,False,"She saw her in idea settled in that very house, in all the felicity which a marriage of true affection could bestow; and she felt capable, under such "
she,see,female,pronoun,nsubj,False,"Her mother’s thoughts she plainly saw were bent the same way, and she determined not to venture near her, lest she might hear too much."
she,determine,female,pronoun,nsubj,False,"Her mother’s thoughts she plainly saw were bent the same way, and she determined not to venture near her, lest she might hear too much."
she,hear,female,pronoun,nsubj,False,"Her mother’s thoughts she plainly saw were bent the same way, and she determined not to venture near her, lest she might hear too much."
she,consider,female,pronoun,nsubj,False,"When they sat down to supper, therefore, she considered it a most unlucky perverseness which placed them within one of each other; and deeply was she "
she,vex,female,pronoun,nsubjpass,True,"When they sat down to supper, therefore, she considered it a most unlucky perverseness which placed them within one of each other; and deeply was she "
mother,talk,female,role_noun,nsubj,False,"When they sat down to supper, therefore, she considered it a most unlucky perverseness which placed them within one of each other; and deeply was she "
bennet,seem,male,name,nsubj,False,"It was an animating subject, and Mrs. Bennet seemed incapable of fatigue while enumerating the advantages of the match."
she,do,female,pronoun,nsubj,False,"His being such a charming young man, and so rich, and living but three miles from them, were the first points of self-gratulation; and then it was suc"
jane,marry,female,name,nsubj,False,"It was, moreover, such a promising thing for her younger daughters, as Jane’s marrying so greatly must throw them in the way of other rich men; and, l"
she,oblige,female,pronoun,nsubjpass,True,"It was, moreover, such a promising thing for her younger daughters, as Jane’s marrying so greatly must throw them in the way of other rich men; and, l"
she,like,female,pronoun,nsubj,False,"It was, moreover, such a promising thing for her younger daughters, as Jane’s marrying so greatly must throw them in the way of other rich men; and, l"
she,conclude,female,pronoun,nsubj,False,"She concluded with many good wishes that Lady Lucas might soon be equally fortunate, though evidently and triumphantly believing there was no chance o"
elizabeth,endeavour,female,name,nsubj,False,"In vain did Elizabeth endeavour to check the rapidity of her mother’s words, or persuade her to describe her felicity in a less audible whisper; for t"
she,perceive,female,pronoun,nsubj,False,"In vain did Elizabeth endeavour to check the rapidity of her mother’s words, or persuade her to describe her felicity in a less audible whisper; for t"
mother,scold,female,role_noun,nsubj,False,Her mother only scolded her for being nonsensical.
he,like,male,pronoun,nsubj,False,he_ may not like to hear.”
she,say,female,pronoun,nsubj,False,"Nothing that she could say, however, had any influence."
mother,talk,female,role_noun,nsubj,False,Her mother would talk of her views in the same intelligible tone.
elizabeth,blush,female,name,nsubj,False,Elizabeth blushed and blushed again with shame and vexation.
she,help,female,pronoun,nsubj,False,"She could not help frequently glancing her eye at Mr. Darcy, though every glance convinced her of what she dreaded; for though he was not always looki"
she,dread,female,pronoun,nsubj,False,"She could not help frequently glancing her eye at Mr. Darcy, though every glance convinced her of what she dreaded; for though he was not always looki"
he,look,male,pronoun,nsubj,False,"She could not help frequently glancing her eye at Mr. Darcy, though every glance convinced her of what she dreaded; for though he was not always looki"
bennet,have,male,name,nsubj,False,"At length, however, Mrs. Bennet had no more to say; and Lady Lucas, who had been long yawning at the repetition of delights which she saw no likelihoo"
she,see,female,pronoun,nsubj,False,"At length, however, Mrs. Bennet had no more to say; and Lady Lucas, who had been long yawning at the repetition of delights which she saw no likelihoo"
elizabeth,begin,female,name,nsubj,False,Elizabeth now began to revive.
she,have,female,pronoun,nsubj,False,"But not long was the interval of tranquillity; for when supper was over, singing was talked of, and she had the mortification of seeing Mary, after ve"
she,endeavour,female,pronoun,nsubj,False,"By many significant looks and silent entreaties did she endeavour to prevent such a proof of complaisance,--but in vain; Mary would not understand the"
mary,understand,female,name,nsubj,False,"By many significant looks and silent entreaties did she endeavour to prevent such a proof of complaisance,--but in vain; Mary would not understand the"
she,begin,female,pronoun,nsubj,False,"By many significant looks and silent entreaties did she endeavour to prevent such a proof of complaisance,--but in vain; Mary would not understand the"
she,watch,female,pronoun,nsubj,False,"Elizabeth’s eyes were fixed on her, with most painful sensations; and she watched her progress through the several stanzas with an impatience which wa"
she,prevail,female,pronoun,nsubjpass,True,"Elizabeth’s eyes were fixed on her, with most painful sensations; and she watched her progress through the several stanzas with an impatience which wa"
she,look,female,pronoun,nsubj,False,She looked at Jane to see how she bore it; but Jane was very composedly talking to Bingley.
she,bear,female,pronoun,nsubj,False,She looked at Jane to see how she bore it; but Jane was very composedly talking to Bingley.
jane,talk,female,name,nsubj,False,She looked at Jane to see how she bore it; but Jane was very composedly talking to Bingley.
she,look,female,pronoun,nsubj,False,"She looked at his two sisters, and saw them making signs of derision at each other, and at Darcy, who continued, however, impenetrably grave."
she,look,female,pronoun,nsubj,False,"She looked at her father to entreat his interference, lest Mary should be singing all night."
mary,singe,female,name,nsubj,False,"She looked at her father to entreat his interference, lest Mary should be singing all night."
he,take,male,pronoun,nsubj,False,"He took the hint, and, when Mary had finished her second song, said aloud,-- “That will do extremely well, child."
mary,finish,female,name,nsubj,False,"He took the hint, and, when Mary had finished her second song, said aloud,-- “That will do extremely well, child."
lady,have,female,role_noun,nsubj,False,Let the other young ladies have time to exhibit.”
mary,disconcert,female,name,nsubjpass,True,"Mary, though pretending not to hear, was somewhat disconcerted; and Elizabeth, sorry for her, and sorry for her father’s speech, was afraid her anxiet"
collins,say,male,name,nsubj,False,"“If I,” said Mr. Collins, “were so fortunate as to be able to sing, I should have great pleasure, I am sure, in obliging the company with an air; for "
he,make,male,pronoun,nsubj,False,"In the first place, he must make such an agreement for tithes as may be beneficial to himself and not offensive to his patron."
he,write,male,pronoun,nsubj,False,"He must write his own sermons; and the time that remains will not be too much for his parish duties, and the care and improvement of his dwelling, whi"
he,excuse,male,pronoun,nsubjpass,True,"He must write his own sermons; and the time that remains will not be too much for his parish duties, and the care and improvement of his dwelling, whi"
he,have,male,pronoun,nsubj,False,"And I do not think it of light importance that he should have attentive and conciliatory manners towards everybody, especially towards those to whom h"
he,owe,male,pronoun,nsubj,False,"And I do not think it of light importance that he should have attentive and conciliatory manners towards everybody, especially towards those to whom h"
he,conclude,male,pronoun,nsubj,False,"And with a bow to Mr. Darcy, he concluded his speech, which had been spoken so loud as to be heard by half the room."
wife,commend,female,role_noun,nsubj,False,"Many stared--many smiled; but no one looked more amused than Mr. Bennet himself, while his wife seriously commended Mr. Collins for having spoken so s"
she,think,female,pronoun,nsubj,False,"To Elizabeth it appeared, that had her family made an agreement to expose themselves as much as they could during the evening, it would have been impo"
he,witness,male,pronoun,nsubj,False,"To Elizabeth it appeared, that had her family made an agreement to expose themselves as much as they could during the evening, it would have been impo"
sister,have,female,role_noun,nsubj,False,"That his two sisters and Mr. Darcy, however, should have such an opportunity of ridiculing her relations was bad enough; and she could not determine w"
she,determine,female,pronoun,nsubj,False,"That his two sisters and Mr. Darcy, however, should have such an opportunity of ridiculing her relations was bad enough; and she could not determine w"
she,tease,female,pronoun,nsubjpass,True,"She was teased by Mr. Collins, who continued most perseveringly by her side; and though he could not prevail with her to dance with him again, put it "
he,prevail,male,pronoun,nsubj,False,"She was teased by Mr. Collins, who continued most perseveringly by her side; and though he could not prevail with her to dance with him again, put it "
she,entreat,female,pronoun,nsubj,False,"In vain did she entreat him to stand up with somebody else, and offered to introduce him to any young lady in the room."
he,assure,male,pronoun,nsubj,False,"He assured her that, as to dancing, he was perfectly indifferent to it; that his chief object was, by delicate attentions, to recommend himself to her"
he,make,male,pronoun,nsubj,False,"He assured her that, as to dancing, he was perfectly indifferent to it; that his chief object was, by delicate attentions, to recommend himself to her"
she,owe,female,pronoun,nsubj,False,"She owed her greatest relief to her friend Miss Lucas, who often joined them, and good-naturedly engaged Mr. Collins’s conversation to herself."
he,come,male,pronoun,nsubj,False,"She was at least free from the offence of Mr. Darcy’s further notice: though often standing within a very short distance of her, quite disengaged, he "
she,feel,female,pronoun,nsubj,False,"She felt it to be the probable consequence of her allusions to Mr. Wickham, and rejoiced in it."
darcy,say,male,name,nsubj,False,Darcy said nothing at all.
bennet,enjoy,male,name,nsubj,False,"Mr. Bennet, in equal silence, was enjoying the scene."
bingley,stand,male,name,nsubj,False,"Mr. Bingley and Jane were standing together a little detached from the rest, and talked only to each other."
elizabeth,preserve,female,name,nsubj,False,Elizabeth preserved as steady a silence as either Mrs. Hurst or Miss Bingley; and even Lydia was too much fatigued to utter more than the occasional e
he,make,male,pronoun,nsubj,False,"When at length they arose to take leave, Mrs. Bennet was most pressingly civil in her hope of seeing the whole family soon at Longbourn; and addressed"
he,engage,male,pronoun,nsubj,False,"Bingley was all grateful pleasure; and he readily engaged for taking the earliest opportunity of waiting on her after his return from London, whither "
he,oblige,male,pronoun,nsubjpass,True,"Bingley was all grateful pleasure; and he readily engaged for taking the earliest opportunity of waiting on her after his return from London, whither "
she,see,female,pronoun,nsubj,False,"Mrs. Bennet was perfectly satisfied; and quitted the house under the delightful persuasion that, allowing for the necessary preparations of settlement"
daughter,settle,female,role_noun,nsubj,False,"Mrs. Bennet was perfectly satisfied; and quitted the house under the delightful persuasion that, allowing for the necessary preparations of settlement"
daughter,marry,female,role_noun,nsubj,False,"Of having another daughter married to Mr. Collins she thought with equal certainty, and with considerable, though not equal, pleasure."
she,think,female,pronoun,nsubj,False,"Of having another daughter married to Mr. Collins she thought with equal certainty, and with considerable, though not equal, pleasure."
collins,make,male,name,nsubj,False,Mr. Collins made his declaration in form.
he,set,male,pronoun,nsubj,False,"Having resolved to do it without loss of time, as his leave of absence extended only to the following Saturday, and having no feelings of diffidence t"
he,suppose,male,pronoun,nsubj,False,"Having resolved to do it without loss of time, as his leave of absence extended only to the following Saturday, and having no feelings of diffidence t"
he,address,male,pronoun,nsubj,False,"On finding Mrs. Bennet, Elizabeth, and one of the younger girls together, soon after breakfast, he addressed the mother in these words,--"
elizabeth,have,female,name,nsubj,False,"Before Elizabeth had time for anything but a blush of surprise, Mrs. Bennet instantly answered,-- “Oh dear!"
bennet,"answered,--",male,name,nsubj,False,"Before Elizabeth had time for anything but a blush of surprise, Mrs. Bennet instantly answered,-- “Oh dear!"
she,have,female,pronoun,nsubj,False,I am sure Lizzy will be very happy--I am sure she can have no objection.
she,hasten,female,pronoun,nsubj,False,"And gathering her work together, she was hastening away, when Elizabeth called out,-- “Dear ma’am, do not go."
elizabeth,call,female,name,nsubj,False,"And gathering her work together, she was hastening away, when Elizabeth called out,-- “Dear ma’am, do not go."
collins,excuse,male,name,nsubj,False,Mr. Collins must excuse me.
he,have,male,pronoun,nsubj,False,He can have nothing to say to me that anybody need not hear.
elizabeth,seem,female,name,nsubj,False,"And upon Elizabeth’s seeming really, with vexed and embarrassed looks, about to escape, she added, “Lizzy, I _insist_ upon your staying and hearing Mr"
she,add,female,pronoun,nsubj,False,"And upon Elizabeth’s seeming really, with vexed and embarrassed looks, about to escape, she added, “Lizzy, I _insist_ upon your staying and hearing Mr"
elizabeth,oppose,female,name,nsubj,False,Elizabeth would not oppose such an injunction; and a moment’s consideration making her also sensible that it would be wisest to get it over as soon an
she,sit,female,pronoun,nsubj,False,Elizabeth would not oppose such an injunction; and a moment’s consideration making her also sensible that it would be wisest to get it over as soon an
bennet,walk,male,name,nsubj,False,"Mrs. Bennet and Kitty walked off, and as soon as they were gone, Mr. Collins began,-- “Believe me, my dear Miss Elizabeth, that your modesty, so far f"
she,use,female,pronoun,nsubj,False,"The idea of Mr. Collins, with all his solemn composure, being run away with by his feelings, made Elizabeth so near laughing that she could not use th"
he,allow,male,pronoun,nsubj,False,"The idea of Mr. Collins, with all his solemn composure, being run away with by his feelings, made Elizabeth so near laughing that she could not use th"
she,condescend,female,pronoun,nsubj,False,Twice has she condescended to give me her opinion (unasked too!)
she,say,female,pronoun,nsubj,False,"on this subject; and it was but the very Saturday night before I left Hunsford,--between our pools at quadrille, while Mrs. Jenkinson was arranging Mi"
she,cry,female,pronoun,nsubj,False,"“You are too hasty, sir,” she cried."
collins,reply,male,name,nsubj,False,"“I am not now to learn,” replied Mr. Collins, with a formal wave of the hand, “that it is usual with young ladies to reject the addresses of the man w"
lady,reject,female,role_noun,nsubj,False,"“I am not now to learn,” replied Mr. Collins, with a formal wave of the hand, “that it is usual with young ladies to reject the addresses of the man w"
he,apply,male,pronoun,nsubj,False,"“I am not now to learn,” replied Mr. Collins, with a formal wave of the hand, “that it is usual with young ladies to reject the addresses of the man w"
elizabeth,cry,female,name,nsubj,False,"“Upon my word, sir,” cried Elizabeth, “your hope is rather an extraordinary one after my declaration."
she,find,female,pronoun,nsubj,False,"Nay, were your friend Lady Catherine to know me, I am persuaded she would find me in every respect ill qualified for the situation.”"
catherine,think,female,name,nsubj,False,"“Were it certain that Lady Catherine would think so,” said Mr. Collins, very gravely--“but I cannot imagine that her Ladyship would at all disapprove "
collins,say,male,name,nsubj,False,"“Were it certain that Lady Catherine would think so,” said Mr. Collins, very gravely--“but I cannot imagine that her Ladyship would at all disapprove "
she,speak,female,pronoun,nsubj,False,"And rising as she thus spoke, she would have quitted the room, had not Mr. Collins thus addressed her,--"
she,quit,female,pronoun,nsubj,False,"And rising as she thus spoke, she would have quitted the room, had not Mr. Collins thus addressed her,--"
collins,address,male,name,nsubj,False,"And rising as she thus spoke, she would have quitted the room, had not Mr. Collins thus addressed her,--"
collins,cry,male,name,nsubj,False,"“Really, Mr. Collins,” cried Elizabeth, with some warmth, “you puzzle me exceedingly."
elizabeth,cry,female,name,nsubj,False,"“Really, Mr. Collins,” cried Elizabeth, with some warmth, “you puzzle me exceedingly."
he,cry,male,pronoun,nsubj,False,"cried he, with an air of awkward gallantry; “and I am persuaded that, when sanctioned by the express authority of both your excellent parents, my prop"
he,persist,male,pronoun,nsubj,False,"To such perseverance in wilful self-deception Elizabeth would make no reply, and immediately and in silence withdrew; determined, that if he persisted"
collins,leave,male,name,nsubjpass,True,"[Illustration] Mr. Collins was not left long to the silent contemplation of his successful love; for Mrs. Bennet, having dawdled about in the vestibul"
elizabeth,open,female,name,nsubj,False,"[Illustration] Mr. Collins was not left long to the silent contemplation of his successful love; for Mrs. Bennet, having dawdled about in the vestibul"
she,enter,female,pronoun,nsubj,False,"[Illustration] Mr. Collins was not left long to the silent contemplation of his successful love; for Mrs. Bennet, having dawdled about in the vestibul"
collins,receive,male,name,nsubj,False,"Mr. Collins received and returned these felicitations with equal pleasure, and then proceeded to relate the particulars of their interview, with the r"
he,trust,male,pronoun,nsubj,False,"Mr. Collins received and returned these felicitations with equal pleasure, and then proceeded to relate the particulars of their interview, with the r"
he,have,male,pronoun,nsubj,False,"Mr. Collins received and returned these felicitations with equal pleasure, and then proceeded to relate the particulars of their interview, with the r"
daughter,mean,female,role_noun,nsubj,False,"This information, however, startled Mrs. Bennet: she would have been glad to be equally satisfied that her daughter had meant to encourage him by prot"
she,believe,female,pronoun,nsubj,False,"This information, however, startled Mrs. Bennet: she would have been glad to be equally satisfied that her daughter had meant to encourage him by prot"
she,add,female,pronoun,nsubj,False,"“But depend upon it, Mr. Collins,” she added, “that Lizzy shall be brought to reason."
she,know,female,pronoun,nsubj,False,"She is a very headstrong, foolish girl, and does not know her own interest; but I will _make_ her know it.”"
collins,cry,male,name,nsubj,False,"“Pardon me for interrupting you, madam,” cried Mr. Collins; “but if she is really headstrong and foolish, I know not whether she would altogether be a"
she,persist,female,pronoun,nsubj,False,"If, therefore, she actually persists in rejecting my suit, perhaps it were better not to force her into accepting me, because, if liable to such defec"
she,contribute,female,pronoun,nsubj,False,"If, therefore, she actually persists in rejecting my suit, perhaps it were better not to force her into accepting me, because, if liable to such defec"
bennet,say,male,name,nsubj,False,"“Sir, you quite misunderstand me,” said Mrs. Bennet, alarmed."
she,give,female,pronoun,nsubj,False,"She would not give him time to reply, but hurrying instantly to her husband, called out, as she entered the library,-- “Oh, Mr. Bennet, you are wanted"
she,enter,female,pronoun,nsubj,False,"She would not give him time to reply, but hurrying instantly to her husband, called out, as she entered the library,-- “Oh, Mr. Bennet, you are wanted"
she,vow,female,pronoun,nsubj,False,"You must come and make Lizzy marry Mr. Collins, for she vows she will not have him; and if you do not make haste he will change his mind and not have "
she,have,female,pronoun,nsubj,False,"You must come and make Lizzy marry Mr. Collins, for she vows she will not have him; and if you do not make haste he will change his mind and not have "
he,change,male,pronoun,nsubj,False,"You must come and make Lizzy marry Mr. Collins, for she vows she will not have him; and if you do not make haste he will change his mind and not have "
bennet,raise,male,name,nsubj,False,"Mr. Bennet raised his eyes from his book as she entered, and fixed them on her face with a calm unconcern, which was not in the least altered by her c"
she,enter,female,pronoun,nsubj,False,"Mr. Bennet raised his eyes from his book as she entered, and fixed them on her face with a calm unconcern, which was not in the least altered by her c"
he,say,male,pronoun,nsubj,False,"“I have not the pleasure of understanding you,” said he, when she had finished her speech."
she,finish,female,pronoun,nsubj,False,"“I have not the pleasure of understanding you,” said he, when she had finished her speech."
she,have,female,pronoun,nsubj,False,"Lizzy declares she will not have Mr. Collins, and Mr. Collins begins to say that he will not have Lizzy.”"
collins,begin,male,name,nsubj,False,"Lizzy declares she will not have Mr. Collins, and Mr. Collins begins to say that he will not have Lizzy.”"
he,have,male,pronoun,nsubj,False,"Lizzy declares she will not have Mr. Collins, and Mr. Collins begins to say that he will not have Lizzy.”"
her,marry,female,pronoun,nsubj,False,Tell her that you insist upon her marrying him.”
she,call,female,pronoun,nsubjpass,True,“Let her be called down.
she,hear,female,pronoun,nsubj,False,She shall hear my opinion.”
bennet,ring,male,name,nsubj,False,"Mrs. Bennet rang the bell, and Miss Elizabeth was summoned to the library."
elizabeth,summon,female,name,nsubjpass,True,"Mrs. Bennet rang the bell, and Miss Elizabeth was summoned to the library."
she,appear,female,pronoun,nsubj,False,"“Come here, child,” cried her father as she appeared."
collins,make,male,name,nsubj,False,I understand that Mr. Collins has made you an offer of marriage.
elizabeth,reply,female,name,nsubj,False,Elizabeth replied that it was.
mother,insist,female,role_noun,nsubj,False,Your mother insists upon your accepting it.
mother,see,female,role_noun,nsubj,False,"Your mother will never see you again if you do _not_ marry Mr. Collins, and I will never see you again if you _do_.”"
elizabeth,smile,female,name,nsubj,False,"Elizabeth could not but smile at such a conclusion of such a beginning; but Mrs. Bennet, who had persuaded herself that her husband regarded the affai"
husband,regard,male,role_noun,nsubj,False,"Elizabeth could not but smile at such a conclusion of such a beginning; but Mrs. Bennet, who had persuaded herself that her husband regarded the affai"
she,wish,female,pronoun,nsubj,False,"Elizabeth could not but smile at such a conclusion of such a beginning; but Mrs. Bennet, who had persuaded herself that her husband regarded the affai"
her,marry,female,pronoun,nsubj,False,You promised me to _insist_ upon her marrying him.”
bennet,give,male,name,nsubj,False,"Not yet, however, in spite of her disappointment in her husband, did Mrs. Bennet give up the point."
she,talk,female,pronoun,nsubj,False,She talked to Elizabeth again and again; coaxed and threatened her by turns.
she,endeavour,female,pronoun,nsubj,False,"She endeavoured to secure Jane in her interest, but Jane, with all possible mildness, declined interfering; and Elizabeth, sometimes with real earnest"
jane,decline,female,name,nsubj,False,"She endeavoured to secure Jane in her interest, but Jane, with all possible mildness, declined interfering; and Elizabeth, sometimes with real earnest"
collins,meditate,male,name,nsubj,False,"Mr. Collins, meanwhile, was meditating in solitude on what had passed."
he,think,male,pronoun,nsubj,False,"He thought too well of himself to comprehend on what motive his cousin could refuse him; and though his pride was hurt, he suffered in no other way."
he,suffer,male,pronoun,nsubj,False,"He thought too well of himself to comprehend on what motive his cousin could refuse him; and though his pride was hurt, he suffered in no other way."
she,deserve,female,pronoun,nsubj,False,His regard for her was quite imaginary; and the possibility of her deserving her mother’s reproach prevented his feeling any regret.
she,meet,female,pronoun,nsubjpass,True,"She was met in the vestibule by Lydia, who, flying to her, cried in a half whisper, “I am glad you are come, for there is such fun here!"
collins,make,male,name,nsubj,False,"Mr. Collins has made an offer to Lizzy, and she will not have him.”"
she,have,female,pronoun,nsubj,False,"Mr. Collins has made an offer to Lizzy, and she will not have him.”"
charlotte,have,female,name,nsubj,False,"Charlotte had hardly time to answer before they were joined by Kitty, who came to tell the same news; and no sooner had they entered the breakfast-roo"
she,begin,female,pronoun,nsubj,False,"Charlotte had hardly time to answer before they were joined by Kitty, who came to tell the same news; and no sooner had they entered the breakfast-roo"
she,add,female,pronoun,nsubj,False,"“Pray do, my dear Miss Lucas,” she added, in a melancholy tone; “for nobody is on my side, nobody takes part with me; I am cruelly used, nobody feels "
she,come,female,pronoun,nsubj,False,"“Ay, there she comes,” continued Mrs. Bennet, “looking as unconcerned as may be, and caring no more for us than if we were at York, provided she can h"
bennet,continue,male,name,nsubj,False,"“Ay, there she comes,” continued Mrs. Bennet, “looking as unconcerned as may be, and caring no more for us than if we were at York, provided she can h"
daughter,listen,female,role_noun,nsubj,False,"Her daughters listened in silence to this effusion, sensible that any attempt to reason with or soothe her would only increase the irritation."
she,talk,female,pronoun,nsubj,False,"She talked on, therefore, without interruption from any of them till they were joined by Mr. Collins, who entered with an air more stately than usual,"
she,say,female,pronoun,nsubj,False,"She talked on, therefore, without interruption from any of them till they were joined by Mr. Collins, who entered with an air more stately than usual,"
collins,have,male,name,nsubj,False,"She talked on, therefore, without interruption from any of them till they were joined by Mr. Collins, who entered with an air more stately than usual,"
elizabeth,pass,female,name,nsubj,False,"Elizabeth passed quietly out of the room, Jane and Kitty followed, but Lydia stood her ground, determined to hear all she could; and Charlotte, detain"
jane,follow,female,name,nsubj,False,"Elizabeth passed quietly out of the room, Jane and Kitty followed, but Lydia stood her ground, determined to hear all she could; and Charlotte, detain"
lydia,stand,female,name,nsubj,False,"Elizabeth passed quietly out of the room, Jane and Kitty followed, but Lydia stood her ground, determined to hear all she could; and Charlotte, detain"
bennet,begin,male,name,nsubj,False,"In a doleful voice Mrs. Bennet thus began the projected conversation:-- “Oh, Mr. Collins!”"
he,continue,male,pronoun,nsubj,False,"Far be it from me,” he presently continued, in a voice that marked his displeasure, “to resent the behaviour of your daughter."
elizabeth,have,female,name,nsubj,False,"[Illustration] The discussion of Mr. Collins’s offer was now nearly at an end, and Elizabeth had only to suffer from the uncomfortable feelings necess"
he,speak,male,pronoun,nsubj,False,He scarcely ever spoke to her; and the assiduous attentions which he had been so sensible of himself were transferred for the rest of the day to Miss 
elizabeth,hope,female,name,nsubj,False,"Elizabeth had hoped that his resentment might shorten his visit, but his plan did not appear in the least affected by it."
he,mean,male,pronoun,nsubj,False,"He was always to have gone on Saturday, and to Saturday he still meant to stay."
girl,walk,female,role_noun,nsubj,False,"After breakfast, the girls walked to Meryton, to inquire if Mr. Wickham were returned, and to lament over his absence from the Netherfield ball."
wickham,return,male,name,nsubjpass,True,"After breakfast, the girls walked to Meryton, to inquire if Mr. Wickham were returned, and to lament over his absence from the Netherfield ball."
he,join,male,pronoun,nsubj,False,"He joined them on their entering the town, and attended them to their aunt’s, where his regret and vexation and the concern of everybody were well tal"
he,acknowledge,male,pronoun,nsubj,False,"To Elizabeth, however, he voluntarily acknowledged that the necessity of his absence _had_ been self-imposed."
he,say,male,pronoun,nsubj,False,"“I found,” said he, “as the time drew near, that I had better not meet Mr. Darcy;--that to be in the same room, the same party with him for so many ho"
she,approve,female,pronoun,nsubj,False,"She highly approved his forbearance; and they had leisure for a full discussion of it, and for all the commendations which they civilly bestowed on ea"
wickham,walk,male,name,nsubj,False,"She highly approved his forbearance; and they had leisure for a full discussion of it, and for all the commendations which they civilly bestowed on ea"
he,attend,male,pronoun,nsubj,False,"She highly approved his forbearance; and they had leisure for a full discussion of it, and for all the commendations which they civilly bestowed on ea"
his,accompany,male,pronoun,nsubj,False,His accompanying them was a double advantage: she felt all the compliment it offered to herself; and it was most acceptable as an occasion of introduc
she,feel,female,pronoun,nsubj,False,His accompanying them was a double advantage: she felt all the compliment it offered to herself; and it was most acceptable as an occasion of introduc
elizabeth,see,female,name,nsubj,False,"The envelope contained a sheet of elegant, little, hot-pressed paper, well covered with a lady’s fair, flowing hand; and Elizabeth saw her sister’s co"
she,read,female,pronoun,nsubj,False,"The envelope contained a sheet of elegant, little, hot-pressed paper, well covered with a lady’s fair, flowing hand; and Elizabeth saw her sister’s co"
jane,recollect,female,name,nsubj,False,"Jane recollected herself soon; and putting the letter away, tried to join, with her usual cheerfulness, in the general conversation: but Elizabeth fel"
elizabeth,feel,female,name,nsubj,False,"Jane recollected herself soon; and putting the letter away, tried to join, with her usual cheerfulness, in the general conversation: but Elizabeth fel"
he,take,male,pronoun,nsubj,False,"Jane recollected herself soon; and putting the letter away, tried to join, with her usual cheerfulness, in the general conversation: but Elizabeth fel"
she,say,female,pronoun,nsubj,False,You shall hear what she says.”
she,read,female,pronoun,nsubj,False,"She then read the first sentence aloud, which comprised the information of their having just resolved to follow their brother to town directly, and of"
elizabeth,listen,female,name,nsubj,False,"To these high-flown expressions Elizabeth listened with all the insensibility of distrust; and though the suddenness of their removal surprised her, s"
she,see,female,pronoun,nsubj,False,"To these high-flown expressions Elizabeth listened with all the insensibility of distrust; and though the suddenness of their removal surprised her, s"
she,persuade,female,pronoun,nsubjpass,True,"To these high-flown expressions Elizabeth listened with all the insensibility of distrust; and though the suddenness of their removal surprised her, s"
jane,cease,female,name,nsubj,False,"To these high-flown expressions Elizabeth listened with all the insensibility of distrust; and though the suddenness of their removal surprised her, s"
she,say,female,pronoun,nsubj,False,"“It is unlucky,” said she, after a short pause, “that you should not be able to see your friends before they leave the country."
bingley,look,male,name,nsubj,False,"But may we not hope that the period of future happiness, to which Miss Bingley looks forward, may arrive earlier than she is aware, and that the delig"
bingley,detain,male,name,nsubjpass,True,Mr. Bingley will not be detained in London by them.”
caroline,say,female,name,nsubj,False,“Caroline decidedly says that none of the party will return into Hertfordshire this winter.
brother,leave,male,role_noun,nsubj,False,"“‘When my brother left us yesterday, he imagined that the business which took him to London might be concluded in three or four days; but as we are ce"
he,imagine,male,pronoun,nsubj,False,"“‘When my brother left us yesterday, he imagined that the business which took him to London might be concluded in three or four days; but as we are ce"
he,oblige,male,pronoun,nsubjpass,True,"“‘When my brother left us yesterday, he imagined that the business which took him to London might be concluded in three or four days; but as we are ce"
jane,add,female,name,nsubj,False,"“It is evident by this,” added Jane, “that he comes back no more this winter.”"
he,come,male,pronoun,nsubj,False,"“It is evident by this,” added Jane, “that he comes back no more this winter.”"
bingley,mean,male,name,nsubj,False,“It is only evident that Miss Bingley does not mean he _should_.”
darcy,have,male,name,nsubj,False,"I really do not think Georgiana Darcy has her equal for beauty, elegance, and accomplishments; and the affection she inspires in Louisa and myself is "
she,inspire,female,pronoun,nsubj,False,"I really do not think Georgiana Darcy has her equal for beauty, elegance, and accomplishments; and the affection she inspires in Louisa and myself is "
brother,admire,male,role_noun,nsubj,False,My brother admires her greatly already; he will have frequent opportunity now of seeing her on the most intimate footing; her relations all wish the c
he,have,male,pronoun,nsubj,False,My brother admires her greatly already; he will have frequent opportunity now of seeing her on the most intimate footing; her relations all wish the c
jane,say,female,name,nsubj,False,"What think you of _this_ sentence, my dear Lizzy?” said Jane, as she finished it."
she,finish,female,pronoun,nsubj,False,"What think you of _this_ sentence, my dear Lizzy?” said Jane, as she finished it."
caroline,expect,female,name,nsubj,False,Does it not expressly declare that Caroline neither expects nor wishes me to be her sister; that she is perfectly convinced of her brother’s indiffere
she,suspect,female,pronoun,nsubj,False,Does it not expressly declare that Caroline neither expects nor wishes me to be her sister; that she is perfectly convinced of her brother’s indiffere
she,mean,female,pronoun,nsubj,False,Does it not expressly declare that Caroline neither expects nor wishes me to be her sister; that she is perfectly convinced of her brother’s indiffere
bingley,see,male,name,nsubj,False,Miss Bingley sees that her brother is in love with you and wants him to marry Miss Darcy.
he,marry,male,pronoun,nsubj,False,Miss Bingley sees that her brother is in love with you and wants him to marry Miss Darcy.
she,follow,female,pronoun,nsubj,False,"She follows him to town in the hope of keeping him there, and tries to persuade you that he does not care about you.”"
he,care,male,pronoun,nsubj,False,"She follows him to town in the hope of keeping him there, and tries to persuade you that he does not care about you.”"
jane,shake,female,name,nsubj,False,Jane shook her head.
she,see,female,pronoun,nsubj,False,"Could she have seen half as much love in Mr. Darcy for herself, she would have ordered her wedding clothes."
she,order,female,pronoun,nsubj,False,"Could she have seen half as much love in Mr. Darcy for herself, she would have ordered her wedding clothes."
bingley,tell,male,name,nsubj,False,"But, my dearest Jane, you cannot seriously imagine that, because Miss Bingley tells you her brother greatly admires Miss Darcy, he is in the smallest "
brother,admire,male,role_noun,nsubj,False,"But, my dearest Jane, you cannot seriously imagine that, because Miss Bingley tells you her brother greatly admires Miss Darcy, he is in the smallest "
he,take,male,pronoun,nsubj,False,"But, my dearest Jane, you cannot seriously imagine that, because Miss Bingley tells you her brother greatly admires Miss Darcy, he is in the smallest "
jane,reply,female,name,nsubj,False,"“If we thought alike of Miss Bingley,” replied Jane, “your representation of all this might make me quite easy."
she,deceive,female,pronoun,nsubjpass,True,"Caroline is incapable of wilfully deceiving anyone; and all that I can hope in this case is, that she is deceived herself.”"
she,deceive,female,pronoun,nsubjpass,True,"You could not have started a more happy idea, since you will not take comfort in mine: believe her to be deceived, by all means."
sister,wish,female,role_noun,nsubj,False,"“But, my dear sister, can I be happy, even supposing the best, in accepting a man whose sisters and friends are all wishing him to marry elsewhere?”"
elizabeth,say,female,name,nsubj,False,"“You must decide for yourself,” said Elizabeth; “and if, upon mature deliberation, you find that the misery of disobliging his two sisters is more tha"
jane,smile,female,name,nsubj,False,"“How can you talk so?” said Jane, faintly smiling; “you must know, that, though I should be exceedingly grieved at their disapprobation, I could not h"
he,return,male,pronoun,nsubj,False,"“But if he returns no more this winter, my choice will never be required."
his,return,male,pronoun,nsubj,False,The idea of his returning no more Elizabeth treated with the utmost contempt.
elizabeth,treat,female,name,nsubj,False,The idea of his returning no more Elizabeth treated with the utmost contempt.
she,represent,female,pronoun,nsubj,False,"She represented to her sister, as forcibly as possible, what she felt on the subject, and had soon the pleasure of seeing its happy effect."
she,feel,female,pronoun,nsubj,False,"She represented to her sister, as forcibly as possible, what she felt on the subject, and had soon the pleasure of seeing its happy effect."
she,lead,female,pronoun,nsubjpass,True,"Jane’s temper was not desponding; and she was gradually led to hope, though the diffidence of affection sometimes overcame the hope, that Bingley woul"
bingley,return,male,name,nsubj,False,"Jane’s temper was not desponding; and she was gradually led to hope, though the diffidence of affection sometimes overcame the hope, that Bingley woul"
bennet,hear,male,name,nsubj,False,"They agreed that Mrs. Bennet should only hear of the departure of the family, without being alarmed on the score of the gentleman’s conduct; but even "
she,bewail,female,pronoun,nsubj,False,"They agreed that Mrs. Bennet should only hear of the departure of the family, without being alarmed on the score of the gentleman’s conduct; but even "
lady,happen,female,role_noun,nsubj,False,"They agreed that Mrs. Bennet should only hear of the departure of the family, without being alarmed on the score of the gentleman’s conduct; but even "
she,have,female,pronoun,nsubj,False,"After lamenting it, however, at some length, she had the consolation of thinking that Mr. Bingley would be soon down again, and soon dining at Longbou"
he,invite,male,pronoun,nsubjpass,True,"After lamenting it, however, at some length, she had the consolation of thinking that Mr. Bingley would be soon down again, and soon dining at Longbou"
she,take,female,pronoun,nsubj,False,"After lamenting it, however, at some length, she had the consolation of thinking that Mr. Bingley would be soon down again, and soon dining at Longbou"
elizabeth,take,female,name,nsubj,False,Elizabeth took an opportunity of thanking her.
she,say,female,pronoun,nsubj,False,"“It keeps him in good humour,” said she, “and I am more obliged to you than I can express.”"
charlotte,assure,female,name,nsubj,False,"Charlotte assured her friend of her satisfaction in being useful, and that it amply repaid her for the little sacrifice of her time."
elizabeth,have,female,name,nsubj,False,This was very amiable; but Charlotte’s kindness extended farther than Elizabeth had any conception of:--its object was nothing less than to secure her
she,feel,female,pronoun,nsubj,False,"Such was Miss Lucas’s scheme; and appearances were so favourable, that when they parted at night, she would have felt almost sure of success if he had"
she,do,female,pronoun,nsubj,False,But here she did injustice to the fire and independence of his character; for it led him to escape out of Longbourn House the next morning with admira
he,depart,male,pronoun,nsubj,False,"He was anxious to avoid the notice of his cousins, from a conviction that, if they saw him depart, they could not fail to conjecture his design, and h"
he,walk,male,pronoun,nsubj,False,"Miss Lucas perceived him from an upper window as he walked towards the house, and instantly set out to meet him accidentally in the lane."
she,dare,female,pronoun,nsubj,False,But little had she dared to hope that so much love and eloquence awaited her there.
he,entreat,male,pronoun,nsubj,False,"In as short a time as Mr. Collins’s long speeches would allow, everything was settled between them to the satisfaction of both; and as they entered th"
lady,feel,female,role_noun,nsubj,False,"In as short a time as Mr. Collins’s long speeches would allow, everything was settled between them to the satisfaction of both; and as they entered th"
he,favour,male,pronoun,nsubjpass,True,The stupidity with which he was favoured by nature must guard his courtship from any charm that could make a woman wish for its continuance; and Miss 
woman,wish,female,role_noun,nsubj,False,The stupidity with which he was favoured by nature must guard his courtship from any charm that could make a woman wish for its continuance; and Miss 
he,make,male,pronoun,nsubj,False,"[_Copyright 1894 by George Allen._]] excited before, how many years longer Mr. Bennet was likely to live; and Sir William gave it as his decided opini"
girl,form,female,role_noun,nsubj,False,The younger girls formed hopes of _coming out_ a year or two sooner than they might otherwise have done; and the boys were relieved from their apprehe
boy,relieve,male,role_noun,nsubjpass,True,The younger girls formed hopes of _coming out_ a year or two sooner than they might otherwise have done; and the boys were relieved from their apprehe
charlotte,compose,female,name,nsubjpass,True,Charlotte herself was tolerably composed.
she,gain,female,pronoun,nsubj,False,"She had gained her point, and had time to consider of it."
she,obtain,female,pronoun,nsubj,False,"This preservative she had now obtained; and at the age of twenty-seven, without having ever been handsome, she felt all the good luck of it."
she,feel,female,pronoun,nsubj,False,"This preservative she had now obtained; and at the age of twenty-seven, without having ever been handsome, she felt all the good luck of it."
she,value,female,pronoun,nsubj,False,"The least agreeable circumstance in the business was the surprise it must occasion to Elizabeth Bennet, whose friendship she valued beyond that of any"
elizabeth,wonder,female,name,nsubj,False,"Elizabeth would wonder, and probably would blame her; and though her resolution was not to be shaken, her feelings must be hurt by such a disapprobati"
she,resolve,female,pronoun,nsubj,False,"She resolved to give her the information herself; and therefore charged Mr. Collins, when he returned to Longbourn to dinner, to drop no hint of what "
he,return,male,pronoun,nsubj,False,"She resolved to give her the information herself; and therefore charged Mr. Collins, when he returned to Longbourn to dinner, to drop no hint of what "
he,long,male,pronoun,nsubj,False,"A promise of secrecy was of course very dutifully given, but it could not be kept without difficulty; for the curiosity excited by his long absence bu"
lady,move,female,role_noun,nsubj,False,"As he was to begin his journey too early on the morrow to see any of the family, the ceremony of leave-taking was performed when the ladies moved for "
bennet,say,male,name,nsubj,False,"As he was to begin his journey too early on the morrow to see any of the family, the ceremony of leave-taking was performed when the ladies moved for "
he,visit,male,pronoun,nsubj,False,"As he was to begin his journey too early on the morrow to see any of the family, the ceremony of leave-taking was performed when the ladies moved for "
he,reply,male,pronoun,nsubj,False,"“My dear madam,” he replied, “this invitation is particularly gratifying, because it is what I have been hoping to receive; and you may be very certai"
collins,reply,male,name,nsubj,False,"“My dear sir,” replied Mr. Collins, “I am particularly obliged to you for this friendly caution, and you may depend upon my not taking so material a s"
lady,withdraw,female,role_noun,nsubj,False,"With proper civilities, the ladies then withdrew; all of them equally surprised to find that he meditated a quick return."
he,meditate,male,pronoun,nsubj,False,"With proper civilities, the ladies then withdrew; all of them equally surprised to find that he meditated a quick return."
bennet,wish,male,name,nsubj,False,"Mrs. Bennet wished to understand by it that he thought of paying his addresses to one of her younger girls, and Mary might have been prevailed on to a"
he,think,male,pronoun,nsubj,False,"Mrs. Bennet wished to understand by it that he thought of paying his addresses to one of her younger girls, and Mary might have been prevailed on to a"
mary,prevail,female,name,nsubjpass,True,"Mrs. Bennet wished to understand by it that he thought of paying his addresses to one of her younger girls, and Mary might have been prevailed on to a"
she,rate,female,pronoun,nsubj,False,She rated his abilities much higher than any of the others: there was a solidity in his reflections which often struck her; and though by no means so 
she,think,female,pronoun,nsubj,False,She rated his abilities much higher than any of the others: there was a solidity in his reflections which often struck her; and though by no means so 
he,become,male,pronoun,nsubj,False,She rated his abilities much higher than any of the others: there was a solidity in his reflections which often struck her; and though by no means so 
charlotte,encourage,female,name,nsubj,False,The possibility of Mr. Collins’s fancying himself in love with her friend had once occurred to Elizabeth within the last day or two: but that Charlott
she,encourage,female,pronoun,nsubj,False,The possibility of Mr. Collins’s fancying himself in love with her friend had once occurred to Elizabeth within the last day or two: but that Charlott
she,help,female,pronoun,nsubj,False,The possibility of Mr. Collins’s fancying himself in love with her friend had once occurred to Elizabeth within the last day or two: but that Charlott
she,expect,female,pronoun,nsubj,False,The steady countenance which Miss Lucas had commanded in telling her story gave way to a momentary confusion here on receiving so direct a reproach; t
she,regain,female,pronoun,nsubj,False,The steady countenance which Miss Lucas had commanded in telling her story gave way to a momentary confusion here on receiving so direct a reproach; t
elizabeth,recollect,female,name,nsubj,False,"But Elizabeth had now recollected herself; and, making a strong effort for it, was able to assure her, with tolerable firmness, that the prospect of t"
she,wish,female,pronoun,nsubj,False,"But Elizabeth had now recollected herself; and, making a strong effort for it, was able to assure her, with tolerable firmness, that the prospect of t"
charlotte,reply,female,name,nsubj,False,"“I see what you are feeling,” replied Charlotte; “you must be surprised, very much surprised, so lately as Mr. Collins was wishing to marry you."
collins,wish,male,name,nsubj,False,"“I see what you are feeling,” replied Charlotte; “you must be surprised, very much surprised, so lately as Mr. Collins was wishing to marry you."
elizabeth,answer,female,name,nsubj,False,"Elizabeth quietly answered “undoubtedly;” and, after an awkward pause, they returned to the rest of the family."
charlotte,stay,female,name,nsubj,False,Charlotte did not stay much longer; and Elizabeth was then left to reflect on what she had heard.
elizabeth,leave,female,name,nsubjpass,True,Charlotte did not stay much longer; and Elizabeth was then left to reflect on what she had heard.
she,hear,female,pronoun,nsubj,False,Charlotte did not stay much longer; and Elizabeth was then left to reflect on what she had heard.
she,feel,female,pronoun,nsubj,False,"She had always felt that Charlotte’s opinion of matrimony was not exactly like her own; but she could not have supposed it possible that, when called "
she,suppose,female,pronoun,nsubj,False,"She had always felt that Charlotte’s opinion of matrimony was not exactly like her own; but she could not have supposed it possible that, when called "
she,sacrifice,female,pronoun,nsubj,False,"She had always felt that Charlotte’s opinion of matrimony was not exactly like her own; but she could not have supposed it possible that, when called "
she,choose,female,pronoun,nsubj,False,"And to the pang of a friend disgracing herself, and sunk in her esteem, was added the distressing conviction that it was impossible for that friend to"
elizabeth,sit,female,name,nsubj,False,"[Illustration] Elizabeth was sitting with her mother and sisters, reflecting on what she had heard, and doubting whether she was authorized to mention"
she,hear,female,pronoun,nsubj,False,"[Illustration] Elizabeth was sitting with her mother and sisters, reflecting on what she had heard, and doubting whether she was authorized to mention"
she,authorize,female,pronoun,nsubjpass,True,"[Illustration] Elizabeth was sitting with her mother and sisters, reflecting on what she had heard, and doubting whether she was authorized to mention"
he,unfold,male,pronoun,nsubj,False,"With many compliments to them, and much self-gratulation on the prospect of a connection between the houses, he unfolded the matter,--to an audience n"
lydia,unguarde,female,name,nsubj,False,"With many compliments to them, and much self-gratulation on the prospect of a connection between the houses, he unfolded the matter,--to an audience n"
collins,want,male,name,nsubj,False,Do not you know that Mr. Collins wants to marry Lizzy?”
he,beg,male,pronoun,nsubj,False,Nothing less than the complaisance of a courtier could have borne without anger such treatment: but Sir William’s good-breeding carried him through it
he,listen,male,pronoun,nsubj,False,Nothing less than the complaisance of a courtier could have borne without anger such treatment: but Sir William’s good-breeding carried him through it
elizabeth,feel,female,name,nsubj,False,"Elizabeth, feeling it incumbent on her to relieve him from so unpleasant a situation, now put herself forward to confirm his account, by mentioning he"
she,join,female,pronoun,nsubjpass,True,"Elizabeth, feeling it incumbent on her to relieve him from so unpleasant a situation, now put herself forward to confirm his account, by mentioning he"
he,leave,male,pronoun,nsubj,False,"Mrs. Bennet was, in fact, too much overpowered to say a great deal while Sir William remained; but no sooner had he left them than her feelings found "
she,persist,female,pronoun,nsubj,False,"In the first place, she persisted in disbelieving the whole of the matter; secondly, she was very sure that Mr. Collins had been taken in; thirdly, sh"
collins,take,male,name,nsubjpass,True,"In the first place, she persisted in disbelieving the whole of the matter; secondly, she was very sure that Mr. Collins had been taken in; thirdly, sh"
she,trust,female,pronoun,nsubj,False,"In the first place, she persisted in disbelieving the whole of the matter; secondly, she was very sure that Mr. Collins had been taken in; thirdly, sh"
she,use,female,pronoun,nsubjpass,True,"Two inferences, however, were plainly deduced from the whole: one, that Elizabeth was the real cause of all the mischief; and the other, that she hers"
she,dwelt,female,pronoun,nsubj,False,"Two inferences, however, were plainly deduced from the whole: one, that Elizabeth was the real cause of all the mischief; and the other, that she hers"
she,see,female,pronoun,nsubj,False,A week elapsed before she could see Elizabeth without scolding her: a month passed away before she could speak to Sir William or Lady Lucas without be
she,speak,female,pronoun,nsubj,False,A week elapsed before she could see Elizabeth without scolding her: a month passed away before she could speak to Sir William or Lady Lucas without be
she,forgive,female,pronoun,nsubj,False,A week elapsed before she could see Elizabeth without scolding her: a month passed away before she could speak to Sir William or Lady Lucas without be
he,pronounce,male,pronoun,nsubj,False,"Mr. Bennet’s emotions were much more tranquil on the occasion, and such as he did experience he pronounced to be of a most agreeable sort; for it grat"
he,say,male,pronoun,nsubj,False,"Mr. Bennet’s emotions were much more tranquil on the occasion, and such as he did experience he pronounced to be of a most agreeable sort; for it grat"
he,use,male,pronoun,nsubjpass,True,"Mr. Bennet’s emotions were much more tranquil on the occasion, and such as he did experience he pronounced to be of a most agreeable sort; for it grat"
jane,confess,female,name,nsubj,False,Jane confessed herself a little surprised at the match: but she said less of her astonishment than of her earnest desire for their happiness; nor coul
she,say,female,pronoun,nsubj,False,Jane confessed herself a little surprised at the match: but she said less of her astonishment than of her earnest desire for their happiness; nor coul
elizabeth,persuade,female,name,nsubj,False,Jane confessed herself a little surprised at the match: but she said less of her astonishment than of her earnest desire for their happiness; nor coul
daughter,marry,female,role_noun,nsubj,False,Lady Lucas could not be insensible of triumph on being able to retort on Mrs. Bennet the comfort of having a daughter well married; and she called at 
she,call,female,pronoun,nsubj,False,Lady Lucas could not be insensible of triumph on being able to retort on Mrs. Bennet the comfort of having a daughter well married; and she called at 
elizabeth,persuade,female,name,nsubj,False,Between Elizabeth and Charlotte there was a restraint which kept them mutually silent on the subject; and Elizabeth felt persuaded that no real confid
she,grow,female,pronoun,nsubj,False,"Her disappointment in Charlotte made her turn with fonder regard to her sister, of whose rectitude and delicacy she was sure her opinion could never b"
bingley,go,male,name,nsubjpass,True,"Her disappointment in Charlotte made her turn with fonder regard to her sister, of whose rectitude and delicacy she was sure her opinion could never b"
jane,send,female,name,nsubj,False,"Jane had sent Caroline an early answer to her letter, and was counting the days till she might reasonably hope to hear again."
she,hope,female,pronoun,nsubj,False,"Jane had sent Caroline an early answer to her letter, and was counting the days till she might reasonably hope to hear again."
he,proceed,male,pronoun,nsubj,False,"After discharging his conscience on that head, he proceeded to inform them, with many rapturous expressions, of his happiness in having obtained the a"
he,hope,male,pronoun,nsubj,False,"After discharging his conscience on that head, he proceeded to inform them, with many rapturous expressions, of his happiness in having obtained the a"
he,add,male,pronoun,nsubj,False,"After discharging his conscience on that head, he proceeded to inform them, with many rapturous expressions, of his happiness in having obtained the a"
she,wish,female,pronoun,nsubj,False,"After discharging his conscience on that head, he proceeded to inform them, with many rapturous expressions, of his happiness in having obtained the a"
he,trust,male,pronoun,nsubj,False,"After discharging his conscience on that head, he proceeded to inform them, with many rapturous expressions, of his happiness in having obtained the a"
he,come,male,pronoun,nsubj,False,It was very strange that he should come to Longbourn instead of to Lucas Lodge; it was also very inconvenient and exceedingly troublesome.
she,hate,female,pronoun,nsubj,False,"She hated having visitors in the house while her health was so indifferent, and lovers were of all people the most disagreeable."
his,come,male,pronoun,nsubj,False,Day after day passed away without bringing any other tidings of him than the report which shortly prevailed in Meryton of his coming no more to Nether
she,fail,female,pronoun,nsubj,False,"a report which highly incensed Mrs. Bennet, and which she never failed to contradict as a most scandalous falsehood."
elizabeth,begin,female,name,nsubj,False,Even Elizabeth began to fear--not that Bingley was indifferent--but that his sisters would be successful in keeping him away.
she,prevent,female,pronoun,nsubj,False,"Unwilling as she was to admit an idea so destructive to Jane’s happiness, and so dishonourable to the stability of her lover, she could not prevent it"
she,fear,female,pronoun,nsubj,False,"The united efforts of his two unfeeling sisters, and of his overpowering friend, assisted by the attractions of Miss Darcy and the amusements of Londo"
she,feel,female,pronoun,nsubj,False,"As for Jane, _her_ anxiety under this suspense was, of course, more painful than Elizabeth’s: but whatever she felt she was desirous of concealing; an"
mother,express,female,role_noun,nsubj,False,"But as no such delicacy restrained her mother, an hour seldom passed in which she did not talk of Bingley, express her impatience for his arrival, or "
she,talk,female,pronoun,nsubj,False,"But as no such delicacy restrained her mother, an hour seldom passed in which she did not talk of Bingley, express her impatience for his arrival, or "
he,come,male,pronoun,nsubj,False,"But as no such delicacy restrained her mother, an hour seldom passed in which she did not talk of Bingley, express her impatience for his arrival, or "
she,think,female,pronoun,nsubj,False,"But as no such delicacy restrained her mother, an hour seldom passed in which she did not talk of Bingley, express her impatience for his arrival, or "
herself,use,female,pronoun,nsubj,False,"But as no such delicacy restrained her mother, an hour seldom passed in which she did not talk of Bingley, express her impatience for his arrival, or "
jane,’,female,name,nsubj,False,It needed all Jane’s steady mildness to bear these attacks with tolerable tranquillity.
collins,return,male,name,nsubj,False,"Mr. Collins returned most punctually on the Monday fortnight, but his reception at Longbourn was not quite so gracious as it had been on his first int"
he,return,male,pronoun,nsubj,False,"The chief of every day was spent by him at Lucas Lodge, and he sometimes returned to Longbourn only in time to make an apology for his absence before "
she,speak,female,pronoun,nsubj,False,[Illustration: “_Whenever she spoke in a low voice_”
she,go,female,pronoun,nsubj,False,"The very mention of anything concerning the match threw her into an agony of ill-humour, and wherever she went she was sure of hearing it talked of."
she,regard,female,pronoun,nsubj,False,"As her successor in that house, she regarded her with jealous abhorrence."
charlotte,come,female,name,nsubj,False,"Whenever Charlotte came to see them, she concluded her to be anticipating the hour of possession; and whenever she spoke in a low voice to Mr. Collins"
she,conclude,female,pronoun,nsubj,False,"Whenever Charlotte came to see them, she concluded her to be anticipating the hour of possession; and whenever she spoke in a low voice to Mr. Collins"
she,anticipate,female,pronoun,nsubj,False,"Whenever Charlotte came to see them, she concluded her to be anticipating the hour of possession; and whenever she spoke in a low voice to Mr. Collins"
she,speak,female,pronoun,nsubj,False,"Whenever Charlotte came to see them, she concluded her to be anticipating the hour of possession; and whenever she spoke in a low voice to Mr. Collins"
she,complain,female,pronoun,nsubj,False,She complained bitterly of all this to her husband.
she,say,female,pronoun,nsubj,False,"“Indeed, Mr. Bennet,” said she, “it is very hard to think that Charlotte Lucas should ever be mistress of this house, that _"
she,take,female,pronoun,nsubj,False,"I_ should be forced to make way for _her_, and live to see her take my place in it!”"
she,go,female,pronoun,nsubj,False,"This was not very consoling to Mrs. Bennet; and, therefore, instead of making any answer, she went on as before."
bennet,say,male,name,nsubj,False,"“I leave it to yourself to determine,” said Mr. Bennet."
he,leave,male,pronoun,nsubj,False,"The very first sentence conveyed the assurance of their being all settled in London for the winter, and concluded with her brother’s regret at not hav"
jane,attend,female,name,nsubj,False,"Hope was over, entirely over; and when Jane could attend to the rest of the letter, she found little, except the professed affection of the writer, th"
she,find,female,pronoun,nsubj,False,"Hope was over, entirely over; and when Jane could attend to the rest of the letter, she found little, except the professed affection of the writer, th"
caroline,boast,female,name,nsubj,False,"Her many attractions were again dwelt on; and Caroline boasted joyfully of their increasing intimacy, and ventured to predict the accomplishment of th"
she,write,female,pronoun,nsubj,False,"She wrote also with great pleasure of her brother’s being an inmate of Mr. Darcy’s house, and mentioned with raptures some plans of the latter with re"
elizabeth,hear,female,name,nsubj,False,"Elizabeth, to whom Jane very soon communicated the chief of all this, heard it in silent indignation."
jane,communicate,female,name,nsubj,False,"Elizabeth, to whom Jane very soon communicated the chief of all this, heard it in silent indignation."
she,pay,female,pronoun,nsubj,False,"To Caroline’s assertion of her brother’s being partial to Miss Darcy, she paid no credit."
she,doubt,female,pronoun,nsubj,False,"That he was really fond of Jane, she doubted no more than she had ever done; and much as she had always been disposed to like him, she could not think"
she,do,female,pronoun,nsubj,False,"That he was really fond of Jane, she doubted no more than she had ever done; and much as she had always been disposed to like him, she could not think"
she,dispose,female,pronoun,nsubjpass,True,"That he was really fond of Jane, she doubted no more than she had ever done; and much as she had always been disposed to like him, she could not think"
she,think,female,pronoun,nsubj,False,"That he was really fond of Jane, she doubted no more than she had ever done; and much as she had always been disposed to like him, she could not think"
he,allow,male,pronoun,nsubjpass,True,"Had his own happiness, however, been the only sacrifice, he might have been allowed to sport with it in whatever manner he thought best; but her siste"
he,think,male,pronoun,nsubj,False,"Had his own happiness, however, been the only sacrifice, he might have been allowed to sport with it in whatever manner he thought best; but her siste"
sister,involve,female,role_noun,nsubjpass,True,"Had his own happiness, however, been the only sacrifice, he might have been allowed to sport with it in whatever manner he thought best; but her siste"
she,think,female,pronoun,nsubj,False,"Had his own happiness, however, been the only sacrifice, he might have been allowed to sport with it in whatever manner he thought best; but her siste"
she,think,female,pronoun,nsubj,False,"She could think of nothing else; and yet, whether Bingley’s regard had really died away, or were suppressed by his friends’ interference; whether he h"
jane,have,female,name,nsubj,False,"A day or two passed before Jane had courage to speak of her feelings to Elizabeth; but at last, on Mrs. Bennet’s leaving them together, after a longer"
she,help,female,pronoun,nsubj,False,"A day or two passed before Jane had courage to speak of her feelings to Elizabeth; but at last, on Mrs. Bennet’s leaving them together, after a longer"
mother,have,female,role_noun,nsubj,False,"A day or two passed before Jane had courage to speak of her feelings to Elizabeth; but at last, on Mrs. Bennet’s leaving them together, after a longer"
she,have,female,pronoun,nsubj,False,she can have no idea of the pain she gives me by her continual reflections on him.
she,give,female,pronoun,nsubj,False,she can have no idea of the pain she gives me by her continual reflections on him.
he,forget,male,pronoun,nsubjpass,True,"He will be forgot, and we shall all be as we were before.”"
elizabeth,look,female,name,nsubj,False,"Elizabeth looked at her sister with incredulous solicitude, but said nothing."
jane,cry,female,name,nsubj,False,"“You doubt me,” cried Jane, slightly colouring; “indeed, you have no reason."
he,live,male,pronoun,nsubj,False,He may live in my memory as the most amiable man of my acquaintance but that is all.
she,add,female,pronoun,nsubj,False,"A little time, therefore--I shall certainly try to get the better----” With a stronger voice she soon added, “I have this comfort immediately, that it"
jane,exclaim,female,name,nsubj,False,"“My dear Jane,” exclaimed Elizabeth, “you are too good."
bennet,disclaim,male,name,nsubj,False,"Miss Bennet eagerly disclaimed all extraordinary merit, and threw back the praise on her sister’s warm affection."
elizabeth,say,female,name,nsubj,False,"“Nay,” said Elizabeth, “this is not fair."
she,feel,female,pronoun,nsubj,False,"Remember that she is one of a large family; that as to fortune it is a most eligible match; and be ready to believe, for everybody’s sake, that she ma"
charlotte,have,female,name,nsubj,False,"“To oblige you, I would try to believe almost anything, but no one else could be benefited by such a belief as this; for were I persuaded that Charlot"
woman,have,female,role_noun,nsubj,False,"My dear Jane, Mr. Collins is a conceited, pompous, narrow-minded, silly man: you know he is, as well as I do; and you must feel, as well as I do, that"
jane,reply,female,name,nsubj,False,"“I must think your language too strong in speaking of both,” replied Jane; “and I hope you will be convinced of it, by seeing them happy together."
man,take,male,role_noun,nsubj,False,“And men take care that they should.”
elizabeth,say,female,name,nsubj,False,"“I am far from attributing any part of Mr. Bingley’s conduct to design,” said Elizabeth; “but, without scheming to do wrong, or to make others unhappy"
he,attach,male,pronoun,nsubjpass,True,They can only wish his happiness; and if he is attached to me no other woman can secure it.”
woman,secure,female,role_noun,nsubj,False,They can only wish his happiness; and if he is attached to me no other woman can secure it.”
jane,reply,female,name,nsubj,False,"“Beyond a doubt they do wish him to choose Miss Darcy,” replied Jane; “but this may be from better feelings than you are supposing."
sister,think,female,role_noun,nsubj,False,"What sister would think herself at liberty to do it, unless there were something very objectionable?"
he,attach,male,pronoun,nsubj,False,"If they believed him attached to me they would not try to part us; if he were so, they could not succeed."
elizabeth,oppose,female,name,nsubj,False,Elizabeth could not oppose such a wish; and from this time Mr. Bingley’s name was scarcely ever mentioned between them.
bennet,continue,male,name,nsubj,False,Mrs. Bennet still continued to wonder and repine at his returning no more; and though a day seldom passed in which Elizabeth did not account for it cl
elizabeth,account,female,name,nsubj,False,Mrs. Bennet still continued to wonder and repine at his returning no more; and though a day seldom passed in which Elizabeth did not account for it cl
she,consider,female,pronoun,nsubj,False,Mrs. Bennet still continued to wonder and repine at his returning no more; and though a day seldom passed in which Elizabeth did not account for it cl
daughter,endeavour,female,role_noun,nsubj,False,"Her daughter endeavoured to convince her of what she did not believe herself, that his attentions to Jane had been merely the effect of a common and t"
she,believe,female,pronoun,nsubj,False,"Her daughter endeavoured to convince her of what she did not believe herself, that his attentions to Jane had been merely the effect of a common and t"
he,see,male,pronoun,nsubj,False,"Her daughter endeavoured to convince her of what she did not believe herself, that his attentions to Jane had been merely the effect of a common and t"
she,have,female,pronoun,nsubj,False,"Her daughter endeavoured to convince her of what she did not believe herself, that his attentions to Jane had been merely the effect of a common and t"
bennet,treat,male,name,nsubj,False,Mr. Bennet treated the matter differently.
he,say,male,pronoun,nsubj,False,"“So, Lizzy,” said he, one day, “your sister is crossed in love, I find."
sister,cross,female,role_noun,nsubjpass,True,"“So, Lizzy,” said he, one day, “your sister is crossed in love, I find."
girl,like,female,role_noun,nsubj,False,"Next to being married, a girl likes to be crossed in love a little now and then."
man,satisfy,male,role_noun,nsubj,False,"“Thank you, sir, but a less agreeable man would satisfy me."
bennet,say,male,name,nsubj,False,"“True,” said Mr. Bennet; “but it is a comfort to think that, whatever of that kind may befall you, you have an affectionate mother who will always mak"
elizabeth,hear,female,name,nsubj,False,"The whole of what Elizabeth had already heard, his claims on Mr. Darcy, and all that he had suffered from him, was now openly acknowledged and publicl"
he,suffer,male,pronoun,nsubj,False,"The whole of what Elizabeth had already heard, his claims on Mr. Darcy, and all that he had suffered from him, was now openly acknowledged and publicl"
darcy,condemn,male,name,nsubjpass,True,Miss Bennet was the only creature who could suppose there might be any extenuating circumstances in the case unknown to the society of Hertfordshire: 
collins,call,male,name,nsubjpass,True,"[Illustration] After a week spent in professions of love and schemes of felicity, Mr. Collins was called from his amiable Charlotte by the arrival of "
he,have,male,pronoun,nsubj,False,"The pain of separation, however, might be alleviated on his side by preparations for the reception of his bride, as he had reason to hope, that shortl"
he,take,male,pronoun,nsubj,False,"He took leave of his relations at Longbourn with as much solemnity as before; wished his fair cousins health and happiness again, and promised their f"
bennet,have,male,name,nsubj,False,"On the following Monday, Mrs. Bennet had the pleasure of receiving her brother and his wife, who came, as usual, to spend the Christmas at Longbourn."
lady,have,female,role_noun,nsubj,False,"The Netherfield ladies would have had difficulty in believing that a man who lived by trade, and within view of his own warehouses, could have been so"
she,have,female,pronoun,nsubj,False,"When this was done, she had a less active part to play."
bennet,have,male,name,nsubj,False,"Mrs. Bennet had many grievances to relate, and much to complain of."
she,see,female,pronoun,nsubj,False,They had all been very ill-used since she last saw her sister.
she,continue,female,pronoun,nsubj,False,"“I do not blame Jane,” she continued, “for Jane would have got Mr. Bingley if she could."
he,make,male,pronoun,nsubj,False,"He made her an offer in this very room, and she refused him."
she,refuse,female,pronoun,nsubj,False,"He made her an offer in this very room, and she refused him."
she,speak,female,pronoun,nsubj,False,"When alone with Elizabeth afterwards, she spoke more on the subject."
she,say,female,pronoun,nsubj,False,"“It seems likely to have been a desirable match for Jane,” said she."
man,fall,male,role_noun,nsubj,False,"A young man, such as you describe Mr. Bingley, so easily falls in love with a pretty girl for a few weeks, and, when accident separates them, so easil"
elizabeth,say,female,name,nsubj,False,"[_Copyright 1894 by George Allen._]] “An excellent consolation in its way,” said Elizabeth; “but it will not do for _us_."
he,grow,male,pronoun,nsubj,False,"“I never saw a more promising inclination; he was growing quite inattentive to other people, and wholly engrossed by her."
he,offend,male,pronoun,nsubj,False,At his own ball he offended two or three young ladies by not asking them to dance; and I spoke to him twice myself without receiving an answer.
he,feel,male,pronoun,nsubj,False,of that kind of love which I suppose him to have felt.
she,get,female,pronoun,nsubj,False,"I am sorry for her, because, with her disposition, she may not get over it immediately."
she,prevail,female,pronoun,nsubjpass,True,But do you think she would be prevailed on to go back with us?
he,come,male,pronoun,nsubj,False,"We live in so different a part of town, all our connections are so different, and, as you well know, we go out so little, that it is very improbable t"
darcy,suffer,male,name,nsubj,False,"“And _that_ is quite impossible; for he is now in the custody of his friend, and Mr. Darcy would no more suffer him to call on Jane in such a part of "
he,think,male,pronoun,nsubj,False,"Mr. Darcy may, perhaps, have _heard_ of such a place as Gracechurch Street, but he would hardly think a month’s ablution enough to cleanse him from it"
bingley,stir,male,name,nsubj,False,"Mr. Darcy may, perhaps, have _heard_ of such a place as Gracechurch Street, but he would hardly think a month’s ablution enough to cleanse him from it"
jane,correspond,female,name,nsubj,False,But does not Jane correspond with his sister?
she,drop,female,pronoun,nsubj,False,“She will drop the acquaintance entirely.”
elizabeth,affect,female,name,nsubj,False,"But, in spite of the certainty in which Elizabeth affected to place this point, as well as the still more interesting one of Bingley’s being withheld "
she,feel,female,pronoun,nsubj,False,"But, in spite of the certainty in which Elizabeth affected to place this point, as well as the still more interesting one of Bingley’s being withheld "
she,consider,female,pronoun,nsubj,False,"But, in spite of the certainty in which Elizabeth affected to place this point, as well as the still more interesting one of Bingley’s being withheld "
she,think,female,pronoun,nsubj,False,"It was possible, and sometimes she thought it probable, that his affection might be re-animated, and the influence of his friends successfully combate"
bennet,accept,male,name,nsubj,False,"Miss Bennet accepted her aunt’s invitation with pleasure; and the Bingleys were no otherwise in her thoughts at the same time than as she hoped, by Ca"
she,hope,female,pronoun,nsubj,False,"Miss Bennet accepted her aunt’s invitation with pleasure; and the Bingleys were no otherwise in her thoughts at the same time than as she hoped, by Ca"
she,spend,female,pronoun,nsubj,False,"Miss Bennet accepted her aunt’s invitation with pleasure; and the Bingleys were no otherwise in her thoughts at the same time than as she hoped, by Ca"
bennet,provide,male,name,nsubjpass,True,"Mrs. Bennet had so carefully provided for the entertainment of her brother and sister, that they did not once sit down to a family dinner."
she,see,female,pronoun,nsubj,False,"Without supposing them, from what she saw, to be very seriously in love, their preference of each other was plain enough to make her a little uneasy; "
she,resolve,female,pronoun,nsubj,False,"Without supposing them, from what she saw, to be very seriously in love, their preference of each other was plain enough to make her a little uneasy; "
she,leave,female,pronoun,nsubj,False,"Without supposing them, from what she saw, to be very seriously in love, their preference of each other was plain enough to make her a little uneasy; "
wickham,have,male,name,nsubj,False,"To Mrs. Gardiner, Wickham had one means of affording pleasure, unconnected with his general powers."
she,spend,female,pronoun,nsubj,False,"About ten or a dozen years ago, before her marriage, she had spent a considerable time in that very part of Derbyshire to which he belonged."
he,belong,male,pronoun,nsubj,False,"About ten or a dozen years ago, before her marriage, she had spent a considerable time in that very part of Derbyshire to which he belonged."
wickham,give,male,name,nsubj,False,"In comparing her recollection of Pemberley with the minute description which Wickham could give, and in bestowing her tribute of praise on the charact"
she,delight,female,pronoun,nsubj,False,"In comparing her recollection of Pemberley with the minute description which Wickham could give, and in bestowing her tribute of praise on the charact"
she,try,female,pronoun,nsubj,False,"On being made acquainted with the present Mr. Darcy’s treatment of him, she tried to remember something of that gentleman’s reputed disposition, when "
she,recollect,female,pronoun,nsubj,False,"On being made acquainted with the present Mr. Darcy’s treatment of him, she tried to remember something of that gentleman’s reputed disposition, when "
darcy,speak,male,name,nsubj,False,"On being made acquainted with the present Mr. Darcy’s treatment of him, she tried to remember something of that gentleman’s reputed disposition, when "
she,think,female,pronoun,nsubj,False,[Illustration] Mrs. Gardiner’s caution to Elizabeth was punctually and kindly given on the first favourable opportunity of speaking to her alone: afte
she,go,female,pronoun,nsubj,False,[Illustration] Mrs. Gardiner’s caution to Elizabeth was punctually and kindly given on the first favourable opportunity of speaking to her alone: afte
he,have,male,pronoun,nsubj,False,"I have nothing to say against _him_: he is a most interesting young man; and if he had the fortune he ought to have, I should think you could not do b"
father,depend,male,role_noun,nsubj,False,"Your father would depend on _your_ resolution and good conduct, I am sure."
elizabeth,say,female,name,nsubj,False,"“As I did the other day,” said Elizabeth, with a conscious smile; “very true, it will be wise in me to refrain from _that_."
he,invite,male,pronoun,nsubjpass,True,It is on your account that he has been so frequently invited this week.
collins,return,male,name,nsubj,False,"Mr. Collins returned into Hertfordshire soon after it had been quitted by the Gardiners and Jane; but, as he took up his abode with the Lucases, his a"
he,take,male,pronoun,nsubj,False,"Mr. Collins returned into Hertfordshire soon after it had been quitted by the Gardiners and Jane; but, as he took up his abode with the Lucases, his a"
she,wish,female,pronoun,nsubj,False,"His marriage was now fast approaching; and she was at length so far resigned as to think it inevitable, and even repeatedly to say, in an ill-natured "
she,rise,female,pronoun,nsubj,False,"Thursday was to be the wedding-day, and on Wednesday Miss Lucas paid her farewell visit; and when she rose to take leave, Elizabeth, ashamed of her mo"
elizabeth,refuse,female,name,nsubj,False,"Elizabeth could not refuse, though she foresaw little pleasure in the visit."
she,foresaw,female,pronoun,nsubj,False,"Elizabeth could not refuse, though she foresaw little pleasure in the visit."
charlotte,add,female,name,nsubj,False,"“My father and Maria are to come to me in March,” added Charlotte, “and I hope you will consent to be of the party."
elizabeth,hear,female,name,nsubj,False,"Elizabeth soon heard from her friend, and their correspondence was as regular and frequent as it ever had been: that it should be equally unreserved w"
elizabeth,address,female,name,nsubj,False,"Elizabeth could never address her without feeling that all the comfort of intimacy was over; and, though determined not to slacken as a correspondent,"
she,speak,female,pronoun,nsubj,False,"Charlotte’s first letters were received with a good deal of eagerness: there could not but be curiosity to know how she would speak of her new home, h"
she,like,female,pronoun,nsubj,False,"Charlotte’s first letters were received with a good deal of eagerness: there could not but be curiosity to know how she would speak of her new home, h"
she,dare,female,pronoun,nsubj,False,"Charlotte’s first letters were received with a good deal of eagerness: there could not but be curiosity to know how she would speak of her new home, h"
elizabeth,feel,female,name,nsubj,False,"Charlotte’s first letters were received with a good deal of eagerness: there could not but be curiosity to know how she would speak of her new home, h"
charlotte,express,female,name,nsubj,False,"Charlotte’s first letters were received with a good deal of eagerness: there could not but be curiosity to know how she would speak of her new home, h"
she,foresee,female,pronoun,nsubj,False,"Charlotte’s first letters were received with a good deal of eagerness: there could not but be curiosity to know how she would speak of her new home, h"
she,write,female,pronoun,nsubj,False,"She wrote cheerfully, seemed surrounded with comforts, and mentioned nothing which she could not praise."
she,praise,female,pronoun,nsubj,False,"She wrote cheerfully, seemed surrounded with comforts, and mentioned nothing which she could not praise."
elizabeth,perceive,female,name,nsubj,False,"It was Mr. Collins’s picture of Hunsford and Rosings rationally softened; and Elizabeth perceived that she must wait for her own visit there, to know "
she,wait,female,pronoun,nsubj,False,"It was Mr. Collins’s picture of Hunsford and Rosings rationally softened; and Elizabeth perceived that she must wait for her own visit there, to know "
jane,write,female,name,nsubj,False,"Jane had already written a few lines to her sister, to announce their safe arrival in London; and when she wrote again, Elizabeth hoped it would be in"
she,write,female,pronoun,nsubj,False,"Jane had already written a few lines to her sister, to announce their safe arrival in London; and when she wrote again, Elizabeth hoped it would be in"
elizabeth,hope,female,name,nsubj,False,"Jane had already written a few lines to her sister, to announce their safe arrival in London; and when she wrote again, Elizabeth hoped it would be in"
she,account,female,pronoun,nsubj,False,"She accounted for it, however, by supposing that her last letter to her friend from Longbourn had by some accident been lost."
she,continue,female,pronoun,nsubj,False,"“My aunt,” she continued, “is going to-morrow into that part of the town, and I shall take the opportunity of calling in Grosvenor Street.”"
she,write,female,pronoun,nsubj,False,"She wrote again when the visit was paid, and she had seen Miss Bingley."
she,see,female,pronoun,nsubj,False,"She wrote again when the visit was paid, and she had seen Miss Bingley."
darcy,expect,male,name,nsubjpass,True,I found that Miss Darcy was expected to dinner: I wish I could see her.
caroline,go,female,name,nsubj,False,"My visit was not long, as Caroline and Mrs. Hurst were going out."
elizabeth,shake,female,name,nsubj,False,Elizabeth shook her head over this letter.
jane,see,female,name,nsubj,False,"Four weeks passed away, and Jane saw nothing of him."
she,endeavour,female,pronoun,nsubj,False,She endeavoured to persuade herself that she did not regret it; but she could no longer be blind to Miss Bingley’s inattention.
she,regret,female,pronoun,nsubj,False,She endeavoured to persuade herself that she did not regret it; but she could no longer be blind to Miss Bingley’s inattention.
jane,deceive,female,name,nsubj,False,"After waiting at home every morning for a fortnight, and inventing every evening a fresh excuse for her, the visitor did at last appear; but the short"
she,write,female,pronoun,nsubj,False,"The letter which she wrote on this occasion to her sister will prove what she felt:-- “My dearest Lizzy will, I am sure, be incapable of triumphing in"
she,felt:--,female,pronoun,nsubj,False,"The letter which she wrote on this occasion to her sister will prove what she felt:-- “My dearest Lizzy will, I am sure, be incapable of triumphing in"
sister,think,female,role_noun,nsubj,False,"But, my dear sister, though the event has proved you right, do not think me obstinate if I still assert that, considering what her behaviour was, my c"
caroline,return,female,name,nsubj,False,"Caroline did not return my visit till yesterday; and not a note, not a line, did I receive in the meantime."
she,come,female,pronoun,nsubj,False,"When she did come, it was very evident that she had no pleasure in it; she made a slight, formal apology for not calling before, said not a word of wi"
she,have,female,pronoun,nsubj,False,"When she did come, it was very evident that she had no pleasure in it; she made a slight, formal apology for not calling before, said not a word of wi"
she,make,female,pronoun,nsubj,False,"When she did come, it was very evident that she had no pleasure in it; she made a slight, formal apology for not calling before, said not a word of wi"
she,go,female,pronoun,nsubj,False,"When she did come, it was very evident that she had no pleasure in it; she made a slight, formal apology for not calling before, said not a word of wi"
she,do,female,pronoun,nsubj,False,"She was very wrong in singling me out as she did; I can safely say, that every advance to intimacy began on her side."
she,feel,female,pronoun,nsubj,False,"But I pity her, because she must feel that she has been acting wrong, and because I am very sure that anxiety for her brother is the cause of it."
she,act,female,pronoun,nsubj,False,"But I pity her, because she must feel that she has been acting wrong, and because I am very sure that anxiety for her brother is the cause of it."
she,feel,female,pronoun,nsubj,False,"we_ know this anxiety to be quite needless, yet if she feels it, it will easily account for her behaviour to me; and so deservedly dear as he is to hi"
she,feel,female,pronoun,nsubj,False,"we_ know this anxiety to be quite needless, yet if she feels it, it will easily account for her behaviour to me; and so deservedly dear as he is to hi"
she,have,female,pronoun,nsubj,False,"I cannot but wonder, however, at her having any such fears now, because if he had at all cared about me, we must have met long, long ago."
he,care,male,pronoun,nsubj,False,"I cannot but wonder, however, at her having any such fears now, because if he had at all cared about me, we must have met long, long ago."
he,know,male,pronoun,nsubj,False,"He knows of my being in town, I am certain, from something she said herself; and yet it would seem, by her manner of talking, as if she wanted to pers"
she,say,female,pronoun,nsubj,False,"He knows of my being in town, I am certain, from something she said herself; and yet it would seem, by her manner of talking, as if she wanted to pers"
she,want,female,pronoun,nsubj,False,"He knows of my being in town, I am certain, from something she said herself; and yet it would seem, by her manner of talking, as if she wanted to pers"
bingley,say,male,name,nsubj,False,"Miss Bingley said something of his never returning to Netherfield again, of giving up the house, but not with any certainty."
she,consider,female,pronoun,nsubj,False,"This letter gave Elizabeth some pain; but her spirits returned, as she considered that Jane would no longer be duped, by the sister at least."
jane,dupe,female,name,nsubjpass,True,"This letter gave Elizabeth some pain; but her spirits returned, as she considered that Jane would no longer be duped, by the sister at least."
she,wish,female,pronoun,nsubj,False,She would not even wish for any renewal of his attentions.
she,hope,female,pronoun,nsubj,False,"His character sunk on every review of it; and, as a punishment for him, as well as a possible advantage to Jane, she seriously hoped he might really s"
he,marry,male,pronoun,nsubj,False,"His character sunk on every review of it; and, as a punishment for him, as well as a possible advantage to Jane, she seriously hoped he might really s"
she,make,female,pronoun,nsubj,False,"His character sunk on every review of it; and, as a punishment for him, as well as a possible advantage to Jane, she seriously hoped he might really s"
he,regret,male,pronoun,nsubj,False,"His character sunk on every review of it; and, as a punishment for him, as well as a possible advantage to Jane, she seriously hoped he might really s"
he,throw,male,pronoun,nsubj,False,"His character sunk on every review of it; and, as a punishment for him, as well as a possible advantage to Jane, she seriously hoped he might really s"
elizabeth,have,female,name,nsubj,False,"Mrs. Gardiner about this time reminded Elizabeth of her promise concerning that gentleman, and required information; and Elizabeth had such to send as"
she,see,female,pronoun,nsubj,False,"Elizabeth was watchful enough to see it all, but she could see it and write of it without material pain."
he,render,male,pronoun,nsubj,False,The sudden acquisition of ten thousand pounds was the most remarkable charm of the young lady to whom he was now rendering himself agreeable; but Eliz
she,go,female,pronoun,nsubj,False,"All this was acknowledged to Mrs. Gardiner; and, after relating the circumstances, she thus went on:--“I am now convinced, my dear aunt, that I have n"
kitty,take,female,name,nsubj,False,Kitty and Lydia take his defection much more to heart than I do.
she,think,female,pronoun,nsubj,False,"She had not at first thought very seriously of going thither; but Charlotte, she soon found, was depending on the plan, and she gradually learned to c"
charlotte,depend,female,name,nsubj,False,"She had not at first thought very seriously of going thither; but Charlotte, she soon found, was depending on the plan, and she gradually learned to c"
she,find,female,pronoun,nsubj,False,"She had not at first thought very seriously of going thither; but Charlotte, she soon found, was depending on the plan, and she gradually learned to c"
she,learn,female,pronoun,nsubj,False,"She had not at first thought very seriously of going thither; but Charlotte, she soon found, was depending on the plan, and she gradually learned to c"
she,go,female,pronoun,nsubj,False,"The only pain was in leaving her father, who would certainly miss her, and who, when it came to the point, so little liked her going, that he told her"
he,tell,male,pronoun,nsubj,False,"The only pain was in leaving her father, who would certainly miss her, and who, when it came to the point, so little liked her going, that he told her"
he,forget,male,pronoun,nsubj,False,"His present pursuit could not make him forget that Elizabeth had been the first to excite and to deserve his attention, the first to listen and to pit"
she,feel,female,pronoun,nsubj,False,"His present pursuit could not make him forget that Elizabeth had been the first to excite and to deserve his attention, the first to listen and to pit"
she,part,female,pronoun,nsubj,False,"His present pursuit could not make him forget that Elizabeth had been the first to excite and to deserve his attention, the first to listen and to pit"
she,think,female,pronoun,nsubj,False,Her fellow-travellers the next day were not of a kind to make her think him less agreeable.
elizabeth,love,female,name,nsubj,False,"Elizabeth loved absurdities, but she had known Sir William’s too long."
she,know,female,pronoun,nsubj,False,"Elizabeth loved absurdities, but she had known Sir William’s too long."
he,tell,male,pronoun,nsubj,False,"He could tell her nothing new of the wonders of his presentation and knighthood; and his civilities were worn out, like his information."
elizabeth,contrive,female,name,nsubj,False,Elizabeth then contrived to sit by her aunt.
jane,struggle,female,name,nsubj,False,"Their first subject was her sister; and she was more grieved than astonished to hear, in reply to her minute inquiries, that though Jane always strugg"
she,add,female,pronoun,nsubj,False,"“But, my dear Elizabeth,” she added, “what sort of girl is Miss King?"
his,marry,male,pronoun,nsubj,False,"Last Christmas you were afraid of his marrying me, because it would be imprudent; and now, because he is trying to get a girl with only ten thousand p"
he,try,male,pronoun,nsubj,False,"Last Christmas you were afraid of his marrying me, because it would be imprudent; and now, because he is trying to get a girl with only ten thousand p"
he,pay,male,pronoun,nsubj,False,“But he paid her not the smallest attention till her grandfather’s death made her mistress of this fortune?”
he,gain,male,pronoun,nsubj,False,"If it were not allowable for him to gain _my_ affections, because I had no money, what occasion could there be for making love to a girl whom he did n"
he,care,male,pronoun,nsubj,False,"If it were not allowable for him to gain _my_ affections, because I had no money, what occasion could there be for making love to a girl whom he did n"
she,object,female,pronoun,nsubj,False,"If _she_ does not object to it, why should _we_?”"
elizabeth,cry,female,name,nsubj,False,"“Well,” cried Elizabeth, “have it as you choose."
she,have,female,pronoun,nsubj,False,"Before they were separated by the conclusion of the play, she had the unexpected happiness of an invitation to accompany her uncle and aunt in a tour "
she,cry,female,pronoun,nsubj,False,"“My dear, dear aunt,” she rapturously cried, “what delight!"
she,see,female,pronoun,nsubj,False,[Illustration] Every object in the next day’s journey was new and interesting to Elizabeth; and her spirits were in a state of enjoyment; for she had 
sister,look,female,role_noun,nsubj,False,[Illustration] Every object in the next day’s journey was new and interesting to Elizabeth; and her spirits were in a state of enjoyment; for she had 
elizabeth,smile,female,name,nsubj,False,Elizabeth smiled at the recollection of all that she had heard of its inhabitants.
she,hear,female,pronoun,nsubj,False,Elizabeth smiled at the recollection of all that she had heard of its inhabitants.
collins,appear,male,name,nsubj,False,"Mr. Collins and Charlotte appeared at the door, and the carriage stopped at the small gate, which led by a short gravel walk to the house, amidst the "
collins,welcome,male,name,nsubj,False,"Mrs. Collins welcomed her friend with the liveliest pleasure, and Elizabeth was more and more satisfied with coming, when she found herself so affecti"
she,find,female,pronoun,nsubj,False,"Mrs. Collins welcomed her friend with the liveliest pleasure, and Elizabeth was more and more satisfied with coming, when she found herself so affecti"
herself,receive,female,pronoun,nsubj,False,"Mrs. Collins welcomed her friend with the liveliest pleasure, and Elizabeth was more and more satisfied with coming, when she found herself so affecti"
she,see,female,pronoun,nsubj,False,She saw instantly that her cousin’s manners were not altered by his marriage: his formal civility was just what it had been; and he detained her some 
he,detain,male,pronoun,nsubj,False,She saw instantly that her cousin’s manners were not altered by his marriage: his formal civility was just what it had been; and he detained her some 
his,point,male,pronoun,nsubj,False,"They were then, with no other delay than his pointing out the neatness of the entrance, taken into the house; and as soon as they were in the parlour,"
he,welcome,male,pronoun,nsubj,False,"They were then, with no other delay than his pointing out the neatness of the entrance, taken into the house; and as soon as they were in the parlour,"
she,help,female,pronoun,nsubj,False,"Elizabeth was prepared to see him in his glory; and she could not help fancying that in displaying the good proportion of the room, its aspect, and it"
he,address,male,pronoun,nsubj,False,"Elizabeth was prepared to see him in his glory; and she could not help fancying that in displaying the good proportion of the room, its aspect, and it"
she,feel,female,pronoun,nsubj,False,"Elizabeth was prepared to see him in his glory; and she could not help fancying that in displaying the good proportion of the room, its aspect, and it"
she,lose,female,pronoun,nsubj,False,"Elizabeth was prepared to see him in his glory; and she could not help fancying that in displaying the good proportion of the room, its aspect, and it"
she,have,female,pronoun,nsubj,False,"But though everything seemed neat and comfortable, she was not able to gratify him by any sigh of repentance; and rather looked with wonder at her fri"
collins,say,male,name,nsubj,False,"When Mr. Collins said anything of which his wife might reasonably be ashamed, which certainly was not seldom, she involuntarily turned her eye on Char"
she,turn,female,pronoun,nsubj,False,"When Mr. Collins said anything of which his wife might reasonably be ashamed, which certainly was not seldom, she involuntarily turned her eye on Char"
she,discern,female,pronoun,nsubj,False,Once or twice she could discern a faint blush; but in general Charlotte wisely did not hear.
charlotte,hear,female,name,nsubj,False,Once or twice she could discern a faint blush; but in general Charlotte wisely did not hear.
collins,invite,male,name,nsubj,False,"After sitting long enough to admire every article of furniture in the room, from the sideboard to the fender, to give an account of their journey, and"
he,attend,male,pronoun,nsubj,False,"After sitting long enough to admire every article of furniture in the room, from the sideboard to the fender, to give an account of their journey, and"
elizabeth,admire,female,name,nsubj,False,To work in his garden was one of his most respectable pleasures; and Elizabeth admired the command of countenance with which Charlotte talked of the h
charlotte,talk,female,name,nsubj,False,To work in his garden was one of his most respectable pleasures; and Elizabeth admired the command of countenance with which Charlotte talked of the h
she,encourage,female,pronoun,nsubj,False,To work in his garden was one of his most respectable pleasures; and Elizabeth admired the command of countenance with which Charlotte talked of the h
he,ask,male,pronoun,nsubj,False,"Here, leading the way through every walk and cross walk, and scarcely allowing them an interval to utter the praises he asked for, every view was poin"
he,number,male,pronoun,nsubj,False,"He could number the fields in every direction, and could tell how many trees there were in the most distant clump."
collins,lead,male,name,nsubj,False,"From his garden, Mr. Collins would have led them round his two meadows; but the ladies, not having shoes to encounter the remains of a white frost, tu"
lady,turn,female,role_noun,nsubj,False,"From his garden, Mr. Collins would have led them round his two meadows; but the ladies, not having shoes to encounter the remains of a white frost, tu"
charlotte,take,female,name,nsubj,False,"From his garden, Mr. Collins would have led them round his two meadows; but the ladies, not having shoes to encounter the remains of a white frost, tu"
elizabeth,give,female,name,nsubj,False,"It was rather small, but well built and convenient; and everything was fitted up and arranged with a neatness and consistency, of which Elizabeth gave"
collins,forget,male,name,nsubjpass,True,"When Mr. Collins could be forgotten, there was really a great air of comfort throughout, and by Charlotte’s evident enjoyment of it, Elizabeth suppose"
elizabeth,suppose,female,name,nsubj,False,"When Mr. Collins could be forgotten, there was really a great air of comfort throughout, and by Charlotte’s evident enjoyment of it, Elizabeth suppose"
he,forget,male,pronoun,nsubjpass,True,"When Mr. Collins could be forgotten, there was really a great air of comfort throughout, and by Charlotte’s evident enjoyment of it, Elizabeth suppose"
she,learn,female,pronoun,nsubj,False,She had already learnt that Lady Catherine was still in the country.
collins,join,male,name,nsubj,False,"It was spoken of again while they were at dinner, when Mr. Collins joining in, observed,-- “Yes, Miss Elizabeth, you will have the honour of seeing La"
she,include,female,pronoun,nsubj,False,I have scarcely any hesitation in saying that she will include you and my sister Maria in every invitation with which she honours us during your stay 
she,honour,female,pronoun,nsubj,False,I have scarcely any hesitation in saying that she will include you and my sister Maria in every invitation with which she honours us during your stay 
she,have,female,pronoun,nsubj,False,"I _should_ say, one of her Ladyship’s carriages, for she has several.”"
charlotte,add,female,name,nsubj,False,"“Lady Catherine is a very respectable, sensible woman, indeed,” added Charlotte, “and a most attentive neighbour.”"
she,have,female,pronoun,nsubj,False,"She had also to anticipate how her visit would pass, the quiet tenour of their usual employments, the vexatious interruptions of Mr. Collins, and the "
she,hear,female,pronoun,nsubj,False,"About the middle of the next day, as she was in her room getting ready for a walk, a sudden noise below seemed to speak the whole house in confusion; "
she,open,female,pronoun,nsubj,False,"She opened the door, and met Maria in the landing-place, who, breathless with agitation, cried out,-- [Illustration: “In Conversation with the ladies”"
elizabeth,ask,female,name,nsubj,False,"Elizabeth asked questions in vain; Maria would tell her nothing more; and down they ran into the dining-room which fronted the lane, in quest of this "
elizabeth,cry,female,name,nsubj,False,“And is this all?” cried Elizabeth.
she,come,female,pronoun,nsubj,False,Why does she not come in?”
charlotte,say,female,name,nsubj,False,"“Oh, Charlotte says she hardly ever does."
she,do,female,pronoun,nsubj,False,"“Oh, Charlotte says she hardly ever does."
elizabeth,say,female,name,nsubj,False,"“I like her appearance,” said Elizabeth, struck with other ideas."
she,look,female,pronoun,nsubj,False,“She looks sickly and cross.
she,do,female,pronoun,nsubj,False,"Yes, she will do for him very well."
she,make,female,pronoun,nsubj,False,She will make him a very proper wife.”
collins,stand,male,name,nsubj,False,"Mr. Collins and Charlotte were both standing at the gate in conversation with the ladies; and Sir William, to Elizabeth’s high diversion, was statione"
lady,drive,female,role_noun,nsubj,False,"At length there was nothing more to be said; the ladies drove on, and the others returned into the house."
collins,see,male,name,nsubj,False,"Mr. Collins no sooner saw the two girls than he began to congratulate them on their good fortune, which Charlotte explained by letting them know that "
he,begin,male,pronoun,nsubj,False,"Mr. Collins no sooner saw the two girls than he began to congratulate them on their good fortune, which Charlotte explained by letting them know that "
charlotte,explain,female,name,nsubj,False,"Mr. Collins no sooner saw the two girls than he began to congratulate them on their good fortune, which Charlotte explained by letting them know that "
she,say,female,pronoun,nsubj,False,"[Illustration: ‘Lady Catherine, said she, you have given me a treasure.’"
he,wish,male,pronoun,nsubj,False,"The power of displaying the grandeur of his patroness to his wondering visitors, and of letting them see her civility towards himself and his wife, wa"
he,know,male,pronoun,nsubj,False,"The power of displaying the grandeur of his patroness to his wondering visitors, and of letting them see her civility towards himself and his wife, wa"
he,say,male,pronoun,nsubj,False,"“I confess,” said he, “that I should not have been at all surprised by her Ladyship’s asking us on Sunday to drink tea and spend the evening at Rosing"
collins,instruct,male,name,nsubj,False,"Mr. Collins was carefully instructing them in what they were to expect, that the sight of such rooms, so many servants, and so splendid a dinner, migh"
lady,separate,female,role_noun,nsubj,False,"When the ladies were separating for the toilette, he said to Elizabeth,-- “Do not make yourself uneasy, my dear cousin, about your apparel."
he,say,male,pronoun,nsubj,False,"When the ladies were separating for the toilette, he said to Elizabeth,-- “Do not make yourself uneasy, my dear cousin, about your apparel."
catherine,think,female,name,nsubj,False,Lady Catherine will not think the worse of you for being simply dressed.
she,like,female,pronoun,nsubj,False,She likes to have the distinction of rank preserved.”
he,come,male,pronoun,nsubj,False,"While they were dressing, he came two or three times to their different doors, to recommend their being quick, as Lady Catherine very much objected to"
catherine,object,female,name,nsubj,False,"While they were dressing, he came two or three times to their different doors, to recommend their being quick, as Lady Catherine very much objected to"
she,look,female,pronoun,nsubj,False,"Such formidable accounts of her Ladyship, and her manner of living, quite frightened Maria Lucas, who had been little used to company; and she looked "
father,do,male,role_noun,nsubj,False,"Such formidable accounts of her Ladyship, and her manner of living, quite frightened Maria Lucas, who had been little used to company; and she looked "
elizabeth,see,female,name,nsubj,False,"Every park has its beauty and its prospects; and Elizabeth saw much to be pleased with, though she could not be in such raptures as Mr. Collins expect"
collins,expect,male,name,nsubj,False,"Every park has its beauty and its prospects; and Elizabeth saw much to be pleased with, though she could not be in such raptures as Mr. Collins expect"
she,hear,female,pronoun,nsubj,False,"She had heard nothing of Lady Catherine that spoke her awful from any extraordinary talents or miraculous virtue, and the mere stateliness of money an"
she,think,female,pronoun,nsubj,False,"She had heard nothing of Lady Catherine that spoke her awful from any extraordinary talents or miraculous virtue, and the mere stateliness of money an"
she,witness,female,pronoun,nsubj,False,"She had heard nothing of Lady Catherine that spoke her awful from any extraordinary talents or miraculous virtue, and the mere stateliness of money an"
collins,point,male,name,nsubj,False,"From the entrance hall, of which Mr. Collins pointed out, with a rapturous air, the fine proportion and finished ornaments, they followed the servants"
catherine,sit,female,name,nsubj,False,"From the entrance hall, of which Mr. Collins pointed out, with a rapturous air, the fine proportion and finished ornaments, they followed the servants"
collins,settle,male,name,nsubj,False,"Her Ladyship, with great condescension, arose to receive them; and as Mrs. Collins had settled it with her husband that the office of introduction sho"
he,think,male,pronoun,nsubj,False,"Her Ladyship, with great condescension, arose to receive them; and as Mrs. Collins had settled it with her husband that the office of introduction sho"
he,have,male,pronoun,nsubj,False,"In spite of having been at St. James’s, Sir William was so completely awed by the grandeur surrounding him, that he had but just courage enough to mak"
daughter,frighten,female,role_noun,nsubj,False,"In spite of having been at St. James’s, Sir William was so completely awed by the grandeur surrounding him, that he had but just courage enough to mak"
elizabeth,find,female,name,nsubj,False,"Elizabeth found herself quite equal to the scene, and could observe the three ladies before her composedly."
she,render,female,pronoun,nsubjpass,True,"She was not rendered formidable by silence: but whatever she said was spoken in so authoritative a tone as marked her self-importance, and brought Mr."
she,say,female,pronoun,nsubj,False,"She was not rendered formidable by silence: but whatever she said was spoken in so authoritative a tone as marked her self-importance, and brought Mr."
she,believe,female,pronoun,nsubj,False,"She was not rendered formidable by silence: but whatever she said was spoken in so authoritative a tone as marked her self-importance, and brought Mr."
he,represent,male,pronoun,nsubj,False,"She was not rendered formidable by silence: but whatever she said was spoken in so authoritative a tone as marked her self-importance, and brought Mr."
she,find,female,pronoun,nsubj,False,"When, after examining the mother, in whose countenance and deportment she soon found some resemblance of Mr. Darcy, she turned her eyes on the daughte"
she,turn,female,pronoun,nsubj,False,"When, after examining the mother, in whose countenance and deportment she soon found some resemblance of Mr. Darcy, she turned her eyes on the daughte"
she,join,female,pronoun,nsubj,False,"When, after examining the mother, in whose countenance and deportment she soon found some resemblance of Mr. Darcy, she turned her eyes on the daughte"
her,feature,female,pronoun,nsubj,False,"Miss de Bourgh was pale and sickly: her features, though not plain, were insignificant; and she spoke very little, except in a low voice, to Mrs. Jenk"
she,speak,female,pronoun,nsubj,False,"Miss de Bourgh was pale and sickly: her features, though not plain, were insignificant; and she spoke very little, except in a low voice, to Mrs. Jenk"
she,say,female,pronoun,nsubj,False,"Miss de Bourgh was pale and sickly: her features, though not plain, were insignificant; and she spoke very little, except in a low voice, to Mrs. Jenk"
collins,attend,male,name,nsubj,False,"After sitting a few minutes, they were all sent to one of the windows to admire the view, Mr. Collins attending them to point out its beauties, and La"
catherine,inform,female,name,nsubj,False,"After sitting a few minutes, they were all sent to one of the windows to admire the view, Mr. Collins attending them to point out its beauties, and La"
collins,promise,male,name,nsubj,False,"The dinner was exceedingly handsome, and there were all the servants, and all the articles of plate which Mr. Collins had promised; and, as he had lik"
he,foretell,male,pronoun,nsubj,False,"The dinner was exceedingly handsome, and there were all the servants, and all the articles of plate which Mr. Collins had promised; and, as he had lik"
he,take,male,pronoun,nsubj,False,"The dinner was exceedingly handsome, and there were all the servants, and all the articles of plate which Mr. Collins had promised; and, as he had lik"
he,feel,male,pronoun,nsubj,False,"The dinner was exceedingly handsome, and there were all the servants, and all the articles of plate which Mr. Collins had promised; and, as he had lik"
he,carve,male,pronoun,nsubj,False,"He carved and ate and praised with delighted alacrity; and every dish was commended first by him, and then by Sir William, who was now enough recovere"
son,say,male,role_noun,nsubj,False,"He carved and ate and praised with delighted alacrity; and every dish was commended first by him, and then by Sir William, who was now enough recovere"
elizabeth,wonder,female,name,nsubj,False,"He carved and ate and praised with delighted alacrity; and every dish was commended first by him, and then by Sir William, who was now enough recovere"
catherine,bear,female,name,nsubj,False,"He carved and ate and praised with delighted alacrity; and every dish was commended first by him, and then by Sir William, who was now enough recovere"
catherine,seem,female,name,nsubj,False,"But Lady Catherine seemed gratified by their excessive admiration, and gave most gracious smiles, especially when any dish on the table proved a novel"
she,seat,female,pronoun,nsubjpass,True,"Elizabeth was ready to speak whenever there was an opening, but she was seated between Charlotte and Miss de Bourgh--the former of whom was engaged in"
she,indispose,female,pronoun,nsubjpass,True,"Mrs. Jenkinson was chiefly employed in watching how little Miss de Bourgh ate, pressing her to try some other dish and fearing she was indisposed."
gentleman,do,male,role_noun,nsubj,False,"Maria thought speaking out of the question, and the gentlemen did nothing but eat and admire."
lady,return,female,role_noun,nsubj,False,"When the ladies returned to the drawing-room, there was little to be done but to hear Lady Catherine talk, which she did without any intermission till"
she,do,female,pronoun,nsubj,False,"When the ladies returned to the drawing-room, there was little to be done but to hear Lady Catherine talk, which she did without any intermission till"
she,use,female,pronoun,nsubjpass,True,"When the ladies returned to the drawing-room, there was little to be done but to hear Lady Catherine talk, which she did without any intermission till"
she,inquire,female,pronoun,nsubj,False,"She inquired into Charlotte’s domestic concerns familiarly and minutely, and gave her a great deal of advice as to the management of them all; told he"
elizabeth,find,female,name,nsubj,False,Elizabeth found that nothing was beneath this great lady’s attention which could furnish her with an occasion for dictating to others.
she,address,female,pronoun,nsubj,False,"In the intervals of her discourse with Mrs. Collins, she addressed a variety of questions to Maria and Elizabeth, but especially to the latter, of who"
she,know,female,pronoun,nsubj,False,"In the intervals of her discourse with Mrs. Collins, she addressed a variety of questions to Maria and Elizabeth, but especially to the latter, of who"
she,observe,female,pronoun,nsubj,False,"In the intervals of her discourse with Mrs. Collins, she addressed a variety of questions to Maria and Elizabeth, but especially to the latter, of who"
she,ask,female,pronoun,nsubj,False,"She asked her at different times how many sisters she had, whether they were older or younger than herself, whether any of them were likely to be marr"
she,have,female,pronoun,nsubj,False,"She asked her at different times how many sisters she had, whether they were older or younger than herself, whether any of them were likely to be marr"
elizabeth,feel,female,name,nsubj,False,"Elizabeth felt all the impertinence of her questions, but answered them very composedly."
sister,play,female,role_noun,nsubj,False,Do your sisters play and sing?”
father,have,male,role_noun,nsubj,False,"The Miss Webbs all play, and their father has not so good an income as yours."
mother,take,female,role_noun,nsubj,False,Your mother should have taken you to town every spring for the benefit of masters.”
mother,have,female,role_noun,nsubj,False,"“My mother would have no objection, but my father hates London.”"
father,hate,male,role_noun,nsubj,False,"“My mother would have no objection, but my father hates London.”"
daughter,bring,female,role_noun,nsubj,False,Five daughters brought up at home without a governess!
elizabeth,help,female,name,nsubj,False,"Elizabeth could hardly help smiling, as she assured her that had not been the case."
she,assure,female,pronoun,nsubj,False,"Elizabeth could hardly help smiling, as she assured her that had not been the case."
she,find,female,pronoun,nsubj,False,She finds Miss Pope a treasure.
catherine,say,female,name,nsubj,False,"‘Lady Catherine,’ said she, ‘you have given me a treasure.’"
she,say,female,pronoun,nsubj,False,"‘Lady Catherine,’ said she, ‘you have given me a treasure.’"
sister,grow,female,role_noun,nsubj,False,"“With three younger sisters grown up,” replied Elizabeth, smiling, “your Ladyship can hardly expect me to own it.”"
elizabeth,reply,female,name,nsubj,False,"“With three younger sisters grown up,” replied Elizabeth, smiling, “your Ladyship can hardly expect me to own it.”"
catherine,seem,female,name,nsubj,False,Lady Catherine seemed quite astonished at not receiving a direct answer; and Elizabeth suspected herself to be the first creature who had ever dared t
elizabeth,suspect,female,name,nsubj,False,Lady Catherine seemed quite astonished at not receiving a direct answer; and Elizabeth suspected herself to be the first creature who had ever dared t
gentleman,join,male,role_noun,nsubj,False,"When the gentlemen had joined them, and tea was over, the card tables were placed."
catherine,sit,female,name,nsubj,False,"Lady Catherine, Sir William, and Mr. and Mrs. Collins sat down to quadrille; and as Miss De Bourgh chose to play at cassino, the two girls had the hon"
girl,have,female,role_noun,nsubj,False,"Lady Catherine, Sir William, and Mr. and Mrs. Collins sat down to quadrille; and as Miss De Bourgh chose to play at cassino, the two girls had the hon"
catherine,speak,female,name,nsubj,False,"Lady Catherine was generally speaking--stating the mistakes of the three others, or relating some anecdote of herself."
collins,employ,male,name,nsubjpass,True,"Mr. Collins was employed in agreeing to everything her Ladyship said, thanking her for every fish he won, and apologizing if he thought he won too man"
he,win,male,pronoun,nsubj,False,"Mr. Collins was employed in agreeing to everything her Ladyship said, thanking her for every fish he won, and apologizing if he thought he won too man"
he,think,male,pronoun,nsubj,False,"Mr. Collins was employed in agreeing to everything her Ladyship said, thanking her for every fish he won, and apologizing if he thought he won too man"
he,win,male,pronoun,nsubj,False,"Mr. Collins was employed in agreeing to everything her Ladyship said, thanking her for every fish he won, and apologizing if he thought he won too man"
he,store,male,pronoun,nsubj,False,He was storing his memory with anecdotes and noble names.
catherine,play,female,name,nsubj,False,"When Lady Catherine and her daughter had played as long as they chose, the tables were broken up, the carriage was offered to Mrs. Collins, gratefully"
catherine,determine,female,name,nsubj,False,The party then gathered round the fire to hear Lady Catherine determine what weather they were to have on the morrow.
elizabeth,call,female,name,nsubjpass,True,"As soon as they had driven from the door, Elizabeth was called on by her cousin to give her opinion of all that she had seen at Rosings, which, for Ch"
she,see,female,pronoun,nsubj,False,"As soon as they had driven from the door, Elizabeth was called on by her cousin to give her opinion of all that she had seen at Rosings, which, for Ch"
she,make,female,pronoun,nsubj,False,"As soon as they had driven from the door, Elizabeth was called on by her cousin to give her opinion of all that she had seen at Rosings, which, for Ch"
he,oblige,male,pronoun,nsubjpass,True,"But her commendation, though costing her some trouble, could by no means satisfy Mr. Collins, and he was very soon obliged to take her Ladyship’s prai"
daughter,settle,female,role_noun,nsubjpass,True,[Illustration] Sir William stayed only a week at Hunsford; but his visit was long enough to convince him of his daughter’s being most comfortably sett
her,possess,female,pronoun,nsubj,False,[Illustration] Sir William stayed only a week at Hunsford; but his visit was long enough to convince him of his daughter’s being most comfortably sett
collins,devote,male,name,nsubj,False,"While Sir William was with them, Mr. Collins devoted his mornings to driving him out in his gig, and showing him the country: but when he went away, t"
he,go,male,pronoun,nsubj,False,"While Sir William was with them, Mr. Collins devoted his mornings to driving him out in his gig, and showing him the country: but when he went away, t"
lady,sit,female,role_noun,nsubj,False,The room in which the ladies sat was backwards.
elizabeth,wonder,female,name,nsubj,False,"Elizabeth at first had rather wondered that Charlotte should not prefer the dining parlour for common use; it was a better sized room, and had a pleas"
charlotte,prefer,female,name,nsubj,False,"Elizabeth at first had rather wondered that Charlotte should not prefer the dining parlour for common use; it was a better sized room, and had a pleas"
she,see,female,pronoun,nsubj,False,"Elizabeth at first had rather wondered that Charlotte should not prefer the dining parlour for common use; it was a better sized room, and had a pleas"
she,give,female,pronoun,nsubj,False,"Elizabeth at first had rather wondered that Charlotte should not prefer the dining parlour for common use; it was a better sized room, and had a pleas"
he,fail,male,pronoun,nsubj,False,"From the drawing-room they could distinguish nothing in the lane, and were indebted to Mr. Collins for the knowledge of what carriages went along, and"
she,stop,female,pronoun,nsubj,False,"She not unfrequently stopped at the Parsonage, and had a few minutes’ conversation with Charlotte, but was scarcely ever prevailed on to get out."
collins,walk,male,name,nsubj,False,"Very few days passed in which Mr. Collins did not walk to Rosings, and not many in which his wife did not think it necessary to go likewise; and till "
wife,think,female,role_noun,nsubj,False,"Very few days passed in which Mr. Collins did not walk to Rosings, and not many in which his wife did not think it necessary to go likewise; and till "
elizabeth,recollect,female,name,nsubj,False,"Very few days passed in which Mr. Collins did not walk to Rosings, and not many in which his wife did not think it necessary to go likewise; and till "
she,understand,female,pronoun,nsubj,False,"Very few days passed in which Mr. Collins did not walk to Rosings, and not many in which his wife did not think it necessary to go likewise; and till "
she,examine,female,pronoun,nsubj,False,"She examined into their employments, looked at their work, and advised them to do it differently; found fault with the arrangement of the furniture, o"
she,accept,female,pronoun,nsubj,False,"She examined into their employments, looked at their work, and advised them to do it differently; found fault with the arrangement of the furniture, o"
elizabeth,perceive,female,name,nsubj,False,"Elizabeth soon perceived, that though this great lady was not in the commission of the peace for the county, she was a most active magistrate in her o"
she,sally,female,pronoun,nsubj,False,"Elizabeth soon perceived, that though this great lady was not in the commission of the peace for the county, she was a most active magistrate in her o"
he,fail,male,pronoun,nsubj,False,[Illustration: “he never failed to inform them” ]
she,spend,female,pronoun,nsubj,False,"This, however, was no evil to Elizabeth, and upon the whole she spent her time comfortably enough: there were half hours of pleasant conversation with"
she,go,female,pronoun,nsubj,False,"Her favourite walk, and where she frequently went while the others were calling on Lady Catherine, was along the open grove which edged that side of t"
she,feel,female,pronoun,nsubj,False,"Her favourite walk, and where she frequently went while the others were calling on Lady Catherine, was along the open grove which edged that side of t"
elizabeth,hear,female,name,nsubj,False,"Elizabeth had heard, soon after her arrival, that Mr. Darcy was expected there in the course of a few weeks; and though there were not many of her acq"
darcy,expect,male,name,nsubjpass,True,"Elizabeth had heard, soon after her arrival, that Mr. Darcy was expected there in the course of a few weeks; and though there were not many of her acq"
she,prefer,female,pronoun,nsubj,False,"Elizabeth had heard, soon after her arrival, that Mr. Darcy was expected there in the course of a few weeks; and though there were not many of her acq"
she,amuse,female,pronoun,nsubjpass,True,"Elizabeth had heard, soon after her arrival, that Mr. Darcy was expected there in the course of a few weeks; and though there were not many of her acq"
he,destine,male,pronoun,nsubjpass,True,"Elizabeth had heard, soon after her arrival, that Mr. Darcy was expected there in the course of a few weeks; and though there were not many of her acq"
his,come,male,pronoun,nsubj,False,"Elizabeth had heard, soon after her arrival, that Mr. Darcy was expected there in the course of a few weeks; and though there were not many of her acq"
he,see,male,pronoun,nsubjpass,True,"Elizabeth had heard, soon after her arrival, that Mr. Darcy was expected there in the course of a few weeks; and though there were not many of her acq"
collins,walk,male,name,nsubj,False,"His arrival was soon known at the Parsonage; for Mr. Collins was walking the whole morning within view of the lodges opening into Hunsford Lane, in or"
gentleman,accompany,male,role_noun,nsubj,False,"His arrival was soon known at the Parsonage; for Mr. Collins was walking the whole morning within view of the lodges opening into Hunsford Lane, in or"
he,hasten,male,pronoun,nsubj,False,On the following morning he hastened to Rosings to pay his respects.
darcy,bring,male,name,nsubj,False,"There were two nephews of Lady Catherine to require them, for Mr. Darcy had brought with him a Colonel Fitzwilliam, the younger son of his uncle, Lord"
collins,return,male,name,nsubj,False,"There were two nephews of Lady Catherine to require them, for Mr. Darcy had brought with him a Colonel Fitzwilliam, the younger son of his uncle, Lord"
gentleman,accompany,male,role_noun,nsubj,False,"There were two nephews of Lady Catherine to require them, for Mr. Darcy had brought with him a Colonel Fitzwilliam, the younger son of his uncle, Lord"
charlotte,see,female,name,nsubj,False,"Charlotte had seen them from her husband’s room, crossing the road, and immediately running into the other, told the girls what an honour they might e"
darcy,come,male,name,nsubj,False,Mr. Darcy would never have come so soon to wait upon me.”
gentleman,enter,male,role_noun,nsubj,False,"Elizabeth had scarcely time to disclaim all right to the compliment before their approach was announced by the door-bell, and shortly afterwards the t"
darcy,look,male,name,nsubj,False,"Mr. Darcy looked just as he had been used to look in Hertfordshire, paid his compliments, with his usual reserve, to Mrs. Collins; and whatever might "
he,use,male,pronoun,nsubjpass,True,"Mr. Darcy looked just as he had been used to look in Hertfordshire, paid his compliments, with his usual reserve, to Mrs. Collins; and whatever might "
elizabeth,courtesie,female,name,nsubj,False,"Elizabeth merely courtesied to him, without saying a word."
fitzwilliam,enter,male,name,nsubj,False,"Colonel Fitzwilliam entered into conversation directly, with the readiness and ease of a well-bred man, and talked very pleasantly; but his cousin, af"
she,answer,female,pronoun,nsubj,False,"She answered him in the usual way; and, after a moment’s pause, added,-- “My eldest sister has been in town these three months."
he,have,male,pronoun,nsubj,False,She was perfectly sensible that he never had: but she wished to see whether he would betray any consciousness of what had passed between the Bingleys 
she,wish,female,pronoun,nsubj,False,She was perfectly sensible that he never had: but she wished to see whether he would betray any consciousness of what had passed between the Bingleys 
he,betray,male,pronoun,nsubj,False,She was perfectly sensible that he never had: but she wished to see whether he would betray any consciousness of what had passed between the Bingleys 
she,think,female,pronoun,nsubj,False,She was perfectly sensible that he never had: but she wished to see whether he would betray any consciousness of what had passed between the Bingleys 
he,look,male,pronoun,nsubj,False,She was perfectly sensible that he never had: but she wished to see whether he would betray any consciousness of what had passed between the Bingleys 
he,answer,male,pronoun,nsubj,False,She was perfectly sensible that he never had: but she wished to see whether he would betray any consciousness of what had passed between the Bingleys 
gentleman,go,male,role_noun,nsubj,False,"The subject was pursued no further, and the gentlemen soon afterwards went away."
lady,feel,female,role_noun,nsubj,False,"[Illustration] Colonel Fitzwilliam’s manners were very much admired at the Parsonage, and the ladies all felt that he must add considerably to the ple"
he,add,male,pronoun,nsubj,False,"[Illustration] Colonel Fitzwilliam’s manners were very much admired at the Parsonage, and the ladies all felt that he must add considerably to the ple"
fitzwilliam,call,male,name,nsubj,False,"Colonel Fitzwilliam had called at the Parsonage more than once during the time, but Mr. Darcy they had only seen at church."
she,get,female,pronoun,nsubj,False,"Her Ladyship received them civilly, but it was plain that their company was by no means so acceptable as when she could get nobody else; and she was, "
fitzwilliam,seem,male,name,nsubj,False,"Colonel Fitzwilliam seemed really glad to see them: anything was a welcome relief to him at Rosings; and Mrs. Collins’s pretty friend had, moreover, c"
he,seat,male,pronoun,nsubj,False,"He now seated himself by her, and talked so agreeably of Kent and Hertfordshire, of travelling and staying at home, of new books and music, that Eliza"
she,scruple,female,pronoun,nsubj,False,"His_ eyes had been soon and repeatedly turned towards them with a look of curiosity; and that her Ladyship, after a while, shared the feeling, was mor"
he,say,male,pronoun,nsubj,False,"“We were talking of music, madam,” said he, when no longer able to avoid a reply."
she,apply,female,pronoun,nsubj,False,"And so would Anne, if her health had allowed her to apply."
she,perform,female,pronoun,nsubj,False,I am confident that she would have performed delightfully.
georgiana,get,female,name,nsubj,False,"How does Georgiana get on, Darcy?”"
darcy,speak,male,name,nsubj,False,Mr. Darcy spoke with affectionate praise of his sister’s proficiency.
catherine,say,female,name,nsubj,False,"“I am very glad to hear such a good account of her,” said Lady Catherine; “and pray tell her from me, that she cannot expect to excel, if she does not"
she,expect,female,pronoun,nsubj,False,"“I am very glad to hear such a good account of her,” said Lady Catherine; “and pray tell her from me, that she cannot expect to excel, if she does not"
she,practise,female,pronoun,nsubj,False,"“I am very glad to hear such a good account of her,” said Lady Catherine; “and pray tell her from me, that she cannot expect to excel, if she does not"
he,reply,male,pronoun,nsubj,False,"“I assure you, madam,” he replied, “that she does not need such advice."
she,need,female,pronoun,nsubj,False,"“I assure you, madam,” he replied, “that she does not need such advice."
she,practise,female,pronoun,nsubj,False,She practises very constantly.”
she,play,female,pronoun,nsubj,False,"I have told Miss Bennet several times, that she will never play really well, unless she practises more; and though Mrs. Collins has no instrument, she"
she,practise,female,pronoun,nsubj,False,"I have told Miss Bennet several times, that she will never play really well, unless she practises more; and though Mrs. Collins has no instrument, she"
collins,have,male,name,nsubj,False,"I have told Miss Bennet several times, that she will never play really well, unless she practises more; and though Mrs. Collins has no instrument, she"
darcy,look,male,name,nsubj,False,"Mr. Darcy looked a little ashamed of his aunt’s ill-breeding, and made no answer."
fitzwilliam,remind,male,name,nsubj,False,"When coffee was over, Colonel Fitzwilliam reminded Elizabeth of having promised to play to him; and she sat down directly to the instrument."
she,sit,female,pronoun,nsubj,False,"When coffee was over, Colonel Fitzwilliam reminded Elizabeth of having promised to play to him; and she sat down directly to the instrument."
he,draw,male,pronoun,nsubj,False,He drew a chair near her.
catherine,listen,female,name,nsubj,False,"Lady Catherine listened to half a song, and then talked, as before, to her other nephew; till the latter walked away from her, and moving with his usu"
elizabeth,see,female,name,nsubj,False,"Elizabeth saw what he was doing, and at the first convenient pause turned to him with an arch smile, and said,-- “You mean to frighten me, Mr. Darcy, "
he,do,male,pronoun,nsubj,False,"Elizabeth saw what he was doing, and at the first convenient pause turned to him with an arch smile, and said,-- “You mean to frighten me, Mr. Darcy, "
sister,play,female,role_noun,nsubj,False,"But I will not be alarmed, though your sister _does_ play so well."
he,reply,male,pronoun,nsubj,False,"“I shall not say that you are mistaken,” he replied, “because you could not really believe me to entertain any design of alarming you; and I have had "
elizabeth,laugh,female,name,nsubj,False,"Elizabeth laughed heartily at this picture of herself, and said to Colonel Fitzwilliam, “Your cousin will give you a very pretty notion of me, and tea"
he,say,male,pronoun,nsubj,False,"“I am not afraid of you,” said he, smilingly."
fitzwilliam,cry,male,name,nsubj,False,"“Pray let me hear what you have to accuse him of,” cried Colonel Fitzwilliam."
he,behave,male,pronoun,nsubj,False,“I should like to know how he behaves among strangers.”
he,do,male,pronoun,nsubj,False,"The first time of my ever seeing him in Hertfordshire, you must know, was at a ball--and at this ball, what do you think he did?"
he,dance,male,pronoun,nsubj,False,He danced only four dances!
he,dance,male,pronoun,nsubj,False,"He danced only four dances, though gentlemen were scarce; and, to my certain knowledge, more than one young lady was sitting down in want of a partner"
lady,sit,female,role_noun,nsubj,False,"He danced only four dances, though gentlemen were scarce; and, to my certain knowledge, more than one young lady was sitting down in want of a partner"
darcy,say,male,name,nsubj,False,"“Perhaps,” said Darcy, “I should have judged better had I sought an introduction, but I am ill-qualified to recommend myself to strangers.”"
elizabeth,say,female,name,nsubj,False,"“Shall we ask your cousin the reason of this?” said Elizabeth, still addressing Colonel Fitzwilliam."
fitzwilliam,say,male,name,nsubj,False,"“I can answer your question,” said Fitzwilliam, “without applying to him."
he,give,male,pronoun,nsubj,False,It is because he will not give himself the trouble.”
darcy,say,male,name,nsubj,False,"“I certainly have not the talent which some people possess,” said Darcy, “of conversing easily with those I have never seen before."
elizabeth,say,female,name,nsubj,False,"“My fingers,” said Elizabeth, “do not move over this instrument in the masterly manner which I see so many women’s do."
woman,do,female,role_noun,nsubj,False,"“My fingers,” said Elizabeth, “do not move over this instrument in the masterly manner which I see so many women’s do."
darcy,smile,male,name,nsubj,False,"Darcy smiled and said, “You are perfectly right."
elizabeth,begin,female,name,nsubj,False,Elizabeth immediately began playing again.
catherine,approach,female,name,nsubj,False,"Lady Catherine approached, and, after listening for a few minutes, said to Darcy,-- “Miss Bennet would not play at all amiss if she practised more, an"
bennet,play,male,name,nsubj,False,"Lady Catherine approached, and, after listening for a few minutes, said to Darcy,-- “Miss Bennet would not play at all amiss if she practised more, an"
she,practise,female,pronoun,nsubj,False,"Lady Catherine approached, and, after listening for a few minutes, said to Darcy,-- “Miss Bennet would not play at all amiss if she practised more, an"
she,have,female,pronoun,nsubj,False,"She has a very good notion of fingering, though her taste is not equal to Anne’s."
she,learn,female,pronoun,nsubj,False,"Anne would have been a delightful performer, had her health allowed her to learn.”"
elizabeth,look,female,name,nsubj,False,"Elizabeth looked at Darcy, to see how cordially he assented to his cousin’s praise: but neither at that moment nor at any other could she discern any "
he,assent,male,pronoun,nsubj,False,"Elizabeth looked at Darcy, to see how cordially he assented to his cousin’s praise: but neither at that moment nor at any other could she discern any "
she,discern,female,pronoun,nsubj,False,"Elizabeth looked at Darcy, to see how cordially he assented to his cousin’s praise: but neither at that moment nor at any other could she discern any "
she,derive,female,pronoun,nsubj,False,"Elizabeth looked at Darcy, to see how cordially he assented to his cousin’s praise: but neither at that moment nor at any other could she discern any "
catherine,continue,female,name,nsubj,False,"Lady Catherine continued her remarks on Elizabeth’s performance, mixing with them many instructions on execution and taste."
elizabeth,receive,female,name,nsubj,False,Elizabeth received them with all the forbearance of civility; and at the request of the gentlemen remained at the instrument till her Ladyship’s carri
elizabeth,sit,female,name,nsubj,False,"[Illustration] Elizabeth was sitting by herself the next morning, and writing to Jane, while Mrs. Collins and Maria were gone on business into the vil"
collins,go,male,name,nsubjpass,True,"[Illustration] Elizabeth was sitting by herself the next morning, and writing to Jane, while Mrs. Collins and Maria were gone on business into the vil"
she,startle,female,pronoun,nsubjpass,True,"[Illustration] Elizabeth was sitting by herself the next morning, and writing to Jane, while Mrs. Collins and Maria were gone on business into the vil"
she,hear,female,pronoun,nsubj,False,"As she had heard no carriage, she thought it not unlikely to be Lady Catherine; and under that apprehension was putting away her half-finished letter,"
she,think,female,pronoun,nsubj,False,"As she had heard no carriage, she thought it not unlikely to be Lady Catherine; and under that apprehension was putting away her half-finished letter,"
she,escape,female,pronoun,nsubj,False,"As she had heard no carriage, she thought it not unlikely to be Lady Catherine; and under that apprehension was putting away her half-finished letter,"
darcy,enter,male,name,nsubj,False,"As she had heard no carriage, she thought it not unlikely to be Lady Catherine; and under that apprehension was putting away her half-finished letter,"
he,seem,male,pronoun,nsubj,False,"He seemed astonished too on finding her alone, and apologized for his intrusion, by letting her know that he had understood all the ladies to be withi"
she,know,female,pronoun,nsubj,False,"He seemed astonished too on finding her alone, and apologized for his intrusion, by letting her know that he had understood all the ladies to be withi"
he,understand,male,pronoun,nsubj,False,"He seemed astonished too on finding her alone, and apologized for his intrusion, by letting her know that he had understood all the ladies to be withi"
she,see,female,pronoun,nsubj,False,"It was absolutely necessary, therefore, to think of something; and in this emergency recollecting _when_ she had seen him last in Hertfordshire, and f"
he,say,male,pronoun,nsubj,False,"It was absolutely necessary, therefore, to think of something; and in this emergency recollecting _when_ she had seen him last in Hertfordshire, and f"
she,"observed,--",female,pronoun,nsubj,False,"It was absolutely necessary, therefore, to think of something; and in this emergency recollecting _when_ she had seen him last in Hertfordshire, and f"
he,go,male,pronoun,nsubj,False,"It must have been a most agreeable surprise to Mr. Bingley to see you all after him so soon; for, if I recollect right, he went but the day before."
she,find,female,pronoun,nsubj,False,"She found that she was to receive no other answer; and, after a short pause, added,-- “I think I have understood that Mr. Bingley has not much idea of"
bingley,have,male,name,nsubj,False,"She found that she was to receive no other answer; and, after a short pause, added,-- “I think I have understood that Mr. Bingley has not much idea of"
he,say,male,pronoun,nsubj,False,“I have never heard him say so; but it is probable that he may spend very little of his time there in future.
he,spend,male,pronoun,nsubj,False,“I have never heard him say so; but it is probable that he may spend very little of his time there in future.
he,have,male,pronoun,nsubj,False,"He has many friends, and he is at a time of life when friends and engagements are continually increasing.”"
he,mean,male,pronoun,nsubj,False,"“If he means to be but little at Netherfield, it would be better for the neighbourhood that he should give up the place entirely, for then we might po"
he,give,male,pronoun,nsubj,False,"“If he means to be but little at Netherfield, it would be better for the neighbourhood that he should give up the place entirely, for then we might po"
bingley,take,male,name,nsubj,False,"But, perhaps, Mr. Bingley did not take the house so much for the convenience of the neighbourhood as for his own, and we must expect him to keep or qu"
he,keep,male,pronoun,nsubj,False,"But, perhaps, Mr. Bingley did not take the house so much for the convenience of the neighbourhood as for his own, and we must expect him to keep or qu"
darcy,say,male,name,nsubj,False,"“I should not be surprised,” said Darcy, “if he were to give it up as soon as any eligible purchase offers.”"
elizabeth,make,female,name,nsubj,False,Elizabeth made no answer.
he,take,male,pronoun,nsubj,False,"He took the hint and soon began with, “This seems a very comfortable house."
catherine,do,female,name,nsubj,False,"Lady Catherine, I believe, did a great deal to it when Mr. Collins first came to Hunsford.”"
collins,come,male,name,nsubj,False,"Lady Catherine, I believe, did a great deal to it when Mr. Collins first came to Hunsford.”"
she,do,female,pronoun,nsubj,False,“I believe she did--and I am sure she could not have bestowed her kindness on a more grateful object.”
she,bestow,female,pronoun,nsubj,False,“I believe she did--and I am sure she could not have bestowed her kindness on a more grateful object.”
collins,appear,male,name,nsubj,False,“Mr. Collins appears very fortunate in his choice of a wife.”
his,meet,male,pronoun,nsubj,False,"“Yes, indeed; his friends may well rejoice in his having met with one of the very few sensible women who would have accepted him, or have made him hap"
she,marry,female,pronoun,nsubj,False,My friend has an excellent understanding--though I am not certain that I consider her marrying Mr. Collins as the wisest thing she ever did.
she,do,female,pronoun,nsubj,False,My friend has an excellent understanding--though I am not certain that I consider her marrying Mr. Collins as the wisest thing she ever did.
she,seem,female,pronoun,nsubj,False,"She seems perfectly happy, however; and, in a prudential light, it is certainly a very good match for her.”"
elizabeth,cry,female,name,nsubj,False,"“I should never have considered the distance as one of the _advantages_ of the match,” cried Elizabeth."
collins,settle,male,name,nsubjpass,True,“I should never have said Mrs. Collins was settled _near_ her family.”
he,speak,male,pronoun,nsubj,False,"As he spoke there was a sort of smile, which Elizabeth fancied she understood; he must be supposing her to be thinking of Jane and Netherfield, and sh"
elizabeth,fancy,female,name,nsubj,False,"As he spoke there was a sort of smile, which Elizabeth fancied she understood; he must be supposing her to be thinking of Jane and Netherfield, and sh"
she,understand,female,pronoun,nsubj,False,"As he spoke there was a sort of smile, which Elizabeth fancied she understood; he must be supposing her to be thinking of Jane and Netherfield, and sh"
he,suppose,male,pronoun,nsubj,False,"As he spoke there was a sort of smile, which Elizabeth fancied she understood; he must be supposing her to be thinking of Jane and Netherfield, and sh"
she,think,female,pronoun,nsubj,False,"As he spoke there was a sort of smile, which Elizabeth fancied she understood; he must be supposing her to be thinking of Jane and Netherfield, and sh"
she,blush,female,pronoun,nsubj,False,"As he spoke there was a sort of smile, which Elizabeth fancied she understood; he must be supposing her to be thinking of Jane and Netherfield, and sh"
she,"answered,--",female,pronoun,nsubj,False,"As he spoke there was a sort of smile, which Elizabeth fancied she understood; he must be supposing her to be thinking of Jane and Netherfield, and sh"
woman,settle,female,role_noun,nsubjpass,True,"As he spoke there was a sort of smile, which Elizabeth fancied she understood; he must be supposing her to be thinking of Jane and Netherfield, and sh"
darcy,draw,male,name,nsubj,False,"Mr. Darcy drew his chair a little towards her, and said, “_"
elizabeth,look,female,name,nsubj,False,Elizabeth looked surprised.
gentleman,experience,male,role_noun,nsubj,False,"The gentleman experienced some change of feeling; he drew back his chair, took a newspaper from the table, and, glancing over it, said, in a colder vo"
he,draw,male,pronoun,nsubj,False,"The gentleman experienced some change of feeling; he drew back his chair, took a newspaper from the table, and, glancing over it, said, in a colder vo"
darcy,relate,male,name,nsubj,False,"Mr. Darcy related the mistake which had occasioned his intruding on Miss Bennet, and, after sitting a few minutes longer, without saying much to anybo"
charlotte,say,female,name,nsubj,False,"[_Copyright 1894 by George Allen._]] “What can be the meaning of this?” said Charlotte, as soon as he was gone."
he,call,male,pronoun,nsubj,False,"“My dear Eliza, he must be in love with you, or he would never have called on us in this familiar way.”"
elizabeth,tell,female,name,nsubj,False,"But when Elizabeth told of his silence, it did not seem very likely, even to Charlotte’s wishes, to be the case; and, after various conjectures, they "
fitzwilliam,come,male,name,nsubj,False,"It was plain to them all that Colonel Fitzwilliam came because he had pleasure in their society, a persuasion which of course recommended him still mo"
he,have,male,pronoun,nsubj,False,"It was plain to them all that Colonel Fitzwilliam came because he had pleasure in their society, a persuasion which of course recommended him still mo"
elizabeth,remind,female,name,nsubjpass,True,"It was plain to them all that Colonel Fitzwilliam came because he had pleasure in their society, a persuasion which of course recommended him still mo"
she,see,female,pronoun,nsubj,False,"It was plain to them all that Colonel Fitzwilliam came because he had pleasure in their society, a persuasion which of course recommended him still mo"
she,believe,female,pronoun,nsubj,False,"It was plain to them all that Colonel Fitzwilliam came because he had pleasure in their society, a persuasion which of course recommended him still mo"
he,have,male,pronoun,nsubj,False,"It was plain to them all that Colonel Fitzwilliam came because he had pleasure in their society, a persuasion which of course recommended him still mo"
darcy,come,male,name,nsubj,False,But why Mr. Darcy came so often to the Parsonage it was more difficult to understand.
he,sit,male,pronoun,nsubj,False,"It could not be for society, as he frequently sat there ten minutes together without opening his lips; and when he did speak, it seemed the effect of "
he,speak,male,pronoun,nsubj,False,"It could not be for society, as he frequently sat there ten minutes together without opening his lips; and when he did speak, it seemed the effect of "
he,appear,male,pronoun,nsubj,False,He seldom appeared really animated.
collins,know,male,name,nsubj,False,Mrs. Collins knew not what to make of him.
fitzwilliam,laugh,male,name,nsubj,False,"Colonel Fitzwilliam’s occasionally laughing at his stupidity proved that he was generally different, which her own knowledge of him could not have tol"
she,like,female,pronoun,nsubj,False,"Colonel Fitzwilliam’s occasionally laughing at his stupidity proved that he was generally different, which her own knowledge of him could not have tol"
she,set,female,pronoun,nsubj,False,"Colonel Fitzwilliam’s occasionally laughing at his stupidity proved that he was generally different, which her own knowledge of him could not have tol"
she,watch,female,pronoun,nsubj,False,"Colonel Fitzwilliam’s occasionally laughing at his stupidity proved that he was generally different, which her own knowledge of him could not have tol"
he,come,male,pronoun,nsubj,False,"Colonel Fitzwilliam’s occasionally laughing at his stupidity proved that he was generally different, which her own knowledge of him could not have tol"
he,look,male,pronoun,nsubj,False,"He certainly looked at her friend a great deal, but the expression of that look was disputable."
she,doubt,female,pronoun,nsubj,False,"It was an earnest, steadfast gaze, but she often doubted whether there were much admiration in it, and sometimes it seemed nothing but absence of mind"
she,suggest,female,pronoun,nsubj,False,"She had once or twice suggested to Elizabeth the possibility of his being partial to her, but Elizabeth always laughed at the idea; and Mrs. Collins d"
elizabeth,laugh,female,name,nsubj,False,"She had once or twice suggested to Elizabeth the possibility of his being partial to her, but Elizabeth always laughed at the idea; and Mrs. Collins d"
collins,think,male,name,nsubj,False,"She had once or twice suggested to Elizabeth the possibility of his being partial to her, but Elizabeth always laughed at the idea; and Mrs. Collins d"
she,suppose,female,pronoun,nsubj,False,"She had once or twice suggested to Elizabeth the possibility of his being partial to her, but Elizabeth always laughed at the idea; and Mrs. Collins d"
she,plan,female,pronoun,nsubj,False,"In her kind schemes for Elizabeth, she sometimes planned her marrying Colonel Fitzwilliam."
she,marry,female,pronoun,nsubj,False,"In her kind schemes for Elizabeth, she sometimes planned her marrying Colonel Fitzwilliam."
he,admire,male,pronoun,nsubj,False,"He was, beyond comparison, the pleasantest man: he certainly admired her, and his situation in life was most eligible; but, to counterbalance these ad"
darcy,have,male,name,nsubj,False,"He was, beyond comparison, the pleasantest man: he certainly admired her, and his situation in life was most eligible; but, to counterbalance these ad"
she,feel,female,pronoun,nsubj,False,"She felt all the perverseness of the mischance that should bring him where no one else was brought; and, to prevent its ever happening again, took car"
he,think,male,pronoun,nsubj,False,"It seemed like wilful ill-nature, or a voluntary penance; for on these occasions it was not merely a few formal inquiries and an awkward pause and the"
he,say,male,pronoun,nsubj,False,"He never said a great deal, nor did she give herself the trouble of talking or of listening much; but it struck her in the course of their third encou"
she,give,female,pronoun,nsubj,False,"He never said a great deal, nor did she give herself the trouble of talking or of listening much; but it struck her in the course of their third encou"
he,ask,male,pronoun,nsubj,False,"He never said a great deal, nor did she give herself the trouble of talking or of listening much; but it struck her in the course of their third encou"
she,understand,female,pronoun,nsubj,False,"He never said a great deal, nor did she give herself the trouble of talking or of listening much; but it struck her in the course of their third encou"
he,seem,male,pronoun,nsubj,False,"He never said a great deal, nor did she give herself the trouble of talking or of listening much; but it struck her in the course of their third encou"
she,come,female,pronoun,nsubj,False,"He never said a great deal, nor did she give herself the trouble of talking or of listening much; but it struck her in the course of their third encou"
she,stay,female,pronoun,nsubj,False,"He never said a great deal, nor did she give herself the trouble of talking or of listening much; but it struck her in the course of their third encou"
he,have,male,pronoun,nsubj,False,Could he have Colonel Fitzwilliam in his thoughts?
she,suppose,female,pronoun,nsubj,False,"She supposed, if he meant anything, he must mean an allusion to what might arise in that quarter."
he,mean,male,pronoun,nsubj,False,"She supposed, if he meant anything, he must mean an allusion to what might arise in that quarter."
he,mean,male,pronoun,nsubj,False,"She supposed, if he meant anything, he must mean an allusion to what might arise in that quarter."
she,walk,female,pronoun,nsubj,False,"She was engaged one day, as she walked, in re-perusing Jane’s last letter, and dwelling on some passages which proved that Jane had not written in spi"
jane,write,female,name,nsubj,False,"She was engaged one day, as she walked, in re-perusing Jane’s last letter, and dwelling on some passages which proved that Jane had not written in spi"
she,see,female,pronoun,nsubj,False,"She was engaged one day, as she walked, in re-perusing Jane’s last letter, and dwelling on some passages which proved that Jane had not written in spi"
fitzwilliam,meet,male,name,nsubj,False,"She was engaged one day, as she walked, in re-perusing Jane’s last letter, and dwelling on some passages which proved that Jane had not written in spi"
he,reply,male,pronoun,nsubj,False,"“I have been making the tour of the park,” he replied, “as I generally do every year, and intended to close it with a call at the Parsonage."
she,turn,female,pronoun,nsubj,False,"And accordingly she did turn, and they walked towards the Parsonage together."
she,say,female,pronoun,nsubj,False,“Do you certainly leave Kent on Saturday?” said she.
darcy,put,male,name,nsubj,False,“Yes--if Darcy does not put it off again.
he,arrange,male,pronoun,nsubj,False,He arranges the business just as he pleases.”
he,please,male,pronoun,nsubj,False,He arranges the business just as he pleases.”
he,have,male,pronoun,nsubj,False,"“And if not able to please himself in the arrangement, he has at least great pleasure in the power of choice."
he,like,male,pronoun,nsubj,False,I do not know anybody who seems more to enjoy the power of doing what he likes than Mr. Darcy.”
he,like,male,pronoun,nsubj,False,"“He likes to have his own way very well,” replied Colonel Fitzwilliam."
fitzwilliam,reply,male,name,nsubj,False,"“He likes to have his own way very well,” replied Colonel Fitzwilliam."
he,have,male,pronoun,nsubj,False,"It is only that he has better means of having it than many others, because he is rich, and many others are poor."
son,inure,male,role_noun,nsubjpass,True,"A younger son, you know, must be inured to self-denial and dependence.”"
son,know,male,role_noun,nsubj,False,"“In my opinion, the younger son of an earl can know very little of either."
son,marry,male,role_noun,nsubj,False,Younger sons cannot marry where they like.”
elizabeth,think,female,name,nsubj,False,"“Is this,” thought Elizabeth, “meant for me?”"
she,colour,female,pronoun,nsubj,False,"and she coloured at the idea; but, recovering herself, said in a lively tone, “And pray, what is the usual price of an earl’s younger son?"
he,answer,male,pronoun,nsubj,False,"He answered her in the same style, and the subject dropped."
she,affect,female,pronoun,nsubj,False,"To interrupt a silence which might make him fancy her affected with what had passed, she soon afterwards said,-- “I imagine your cousin brought you do"
he,marry,male,pronoun,nsubj,False,"I wonder he does not marry, to secure a lasting convenience of that kind."
sister,do,female,role_noun,nsubj,False,"But, perhaps, his sister does as well for the present; and, as she is under his sole care, he may do what he likes with her.”"
he,do,male,pronoun,nsubj,False,"But, perhaps, his sister does as well for the present; and, as she is under his sole care, he may do what he likes with her.”"
he,like,male,pronoun,nsubj,False,"But, perhaps, his sister does as well for the present; and, as she is under his sole care, he may do what he likes with her.”"
fitzwilliam,say,male,name,nsubj,False,"“No,” said Colonel Fitzwilliam, “that is an advantage which he must divide with me."
he,divide,male,pronoun,nsubj,False,"“No,” said Colonel Fitzwilliam, “that is an advantage which he must divide with me."
she,have,female,pronoun,nsubj,False,"Young ladies of her age are sometimes a little difficult to manage; and if she has the true Darcy spirit, she may like to have her own way.”"
she,like,female,pronoun,nsubj,False,"Young ladies of her age are sometimes a little difficult to manage; and if she has the true Darcy spirit, she may like to have her own way.”"
she,speak,female,pronoun,nsubj,False,"As she spoke, she observed him looking at her earnestly; and the manner in which he immediately asked her why she supposed Miss Darcy likely to give t"
she,observe,female,pronoun,nsubj,False,"As she spoke, she observed him looking at her earnestly; and the manner in which he immediately asked her why she supposed Miss Darcy likely to give t"
he,look,male,pronoun,nsubj,False,"As she spoke, she observed him looking at her earnestly; and the manner in which he immediately asked her why she supposed Miss Darcy likely to give t"
he,ask,male,pronoun,nsubj,False,"As she spoke, she observed him looking at her earnestly; and the manner in which he immediately asked her why she supposed Miss Darcy likely to give t"
she,suppose,female,pronoun,nsubj,False,"As she spoke, she observed him looking at her earnestly; and the manner in which he immediately asked her why she supposed Miss Darcy likely to give t"
she,get,female,pronoun,nsubj,False,"As she spoke, she observed him looking at her earnestly; and the manner in which he immediately asked her why she supposed Miss Darcy likely to give t"
he,want,male,pronoun,nsubj,False,"Yes, I really believe Darcy _does_ take care of him in those points where he most wants care."
he,tell,male,pronoun,nsubj,False,"From something that he told me in our journey hither, I have reason to think Bingley very much indebted to him."
darcy,wish,male,name,nsubj,False,"“It is a circumstance which Darcy of course could not wish to be generally known, because if it were to get round to the lady’s family it would be an "
he,tell,male,pronoun,nsubj,False,"What he told me was merely this: that he congratulated himself on having lately saved a friend from the inconveniences of a most imprudent marriage, b"
he,congratulate,male,pronoun,nsubj,False,"What he told me was merely this: that he congratulated himself on having lately saved a friend from the inconveniences of a most imprudent marriage, b"
darcy,give,male,name,nsubj,False,“Did Mr. Darcy give you his reasons for this interference?”
he,use,male,pronoun,nsubj,False,“And what arts did he use to separate them?”
he,talk,male,pronoun,nsubj,False,"“He did not talk to me of his own arts,” said Fitzwilliam, smiling."
fitzwilliam,say,male,name,nsubj,False,"“He did not talk to me of his own arts,” said Fitzwilliam, smiling."
he,tell,male,pronoun,nsubj,False,“He only told me what I have now told you.”
elizabeth,make,female,name,nsubj,False,"Elizabeth made no answer, and walked on, her heart swelling with indignation."
fitzwilliam,ask,male,name,nsubj,False,"After watching her a little, Fitzwilliam asked her why she was so thoughtful."
she,say,female,pronoun,nsubj,False,"“I am thinking of what you have been telling me,” said she."
darcy,have,male,name,nsubj,False,"“I do not see what right Mr. Darcy had to decide on the propriety of his friend’s inclination; or why, upon his own judgment alone, he was to determin"
she,continue,female,pronoun,nsubj,False,"But,” she continued, recollecting herself, “as we know none of the particulars, it is not fair to condemn him."
fitzwilliam,say,male,name,nsubj,False,"“That is not an unnatural surmise,” said Fitzwilliam; “but it is lessening the honour of my cousin’s triumph very sadly.”"
she,trust,female,pronoun,nsubj,False,"so just a picture of Mr. Darcy, that she would not trust herself with an answer; and, therefore, abruptly changing the conversation, talked on indiffe"
she,think,female,pronoun,nsubj,False,"There, shut into her own room, as soon as their visitor left them, she could think without interruption of all that she had heard."
she,hear,female,pronoun,nsubj,False,"There, shut into her own room, as soon as their visitor left them, she could think without interruption of all that she had heard."
she,connect,female,pronoun,nsubjpass,True,It was not to be supposed that any other people could be meant than those with whom she was connected.
darcy,have,male,name,nsubj,False,There could not exist in the world _two_ men over whom Mr. Darcy could have such boundless influence.
he,concern,male,pronoun,nsubjpass,True,"That he had been concerned in the measures taken to separate Mr. Bingley and Jane, she had never doubted; but she had always attributed to Miss Bingle"
she,doubt,female,pronoun,nsubj,False,"That he had been concerned in the measures taken to separate Mr. Bingley and Jane, she had never doubted; but she had always attributed to Miss Bingle"
she,attribute,female,pronoun,nsubj,False,"That he had been concerned in the measures taken to separate Mr. Bingley and Jane, she had never doubted; but she had always attributed to Miss Bingle"
jane,suffer,female,name,nsubj,False,"If his own vanity, however, did not mislead him, _he_ was the cause--his pride and caprice were the cause--of all that Jane had suffered, and still co"
he,ruin,male,pronoun,nsubj,False,"He had ruined for a while every hope of happiness for the most affectionate, generous heart in the world; and no one could say how lasting an evil he "
he,inflict,male,pronoun,nsubj,False,"He had ruined for a while every hope of happiness for the most affectionate, generous heart in the world; and no one could say how lasting an evil he "
her,have,female,pronoun,nsubj,False,"“There were some very strong objections against the lady,” were Colonel Fitzwilliam’s words; and these strong objections probably were, her having one"
she,exclaim,female,pronoun,nsubj,False,"“To Jane herself,” she exclaimed, “there could be no possibility of objection,--all loveliness and goodness as she is!"
darcy,need,male,name,nsubj,False,"Neither could anything be urged against my father, who, though with some peculiarities, has abilities which Mr. Darcy himself need not disdain, and re"
he,reach,male,pronoun,nsubj,False,"Neither could anything be urged against my father, who, though with some peculiarities, has abilities which Mr. Darcy himself need not disdain, and re"
she,think,female,pronoun,nsubj,False,"When she thought of her mother, indeed, her confidence gave way a little; but she would not allow that any objections _there_ had material weight with"
she,allow,female,pronoun,nsubj,False,"When she thought of her mother, indeed, her confidence gave way a little; but she would not allow that any objections _there_ had material weight with"
she,convince,female,pronoun,nsubjpass,True,"When she thought of her mother, indeed, her confidence gave way a little; but she would not allow that any objections _there_ had material weight with"
she,decide,female,pronoun,nsubjpass,True,"When she thought of her mother, indeed, her confidence gave way a little; but she would not allow that any objections _there_ had material weight with"
he,govern,male,pronoun,nsubjpass,True,"When she thought of her mother, indeed, her confidence gave way a little; but she would not allow that any objections _there_ had material weight with"
collins,press,male,name,nsubj,False,"Mrs. Collins, seeing that she was really unwell, did not press her to go, and as much as possible prevented her husband from pressing her; but Mr. Col"
collins,conceal,male,name,nsubj,False,"Mrs. Collins, seeing that she was really unwell, did not press her to go, and as much as possible prevented her husband from pressing her; but Mr. Col"
her,stay,female,pronoun,nsubj,False,"Mrs. Collins, seeing that she was really unwell, did not press her to go, and as much as possible prevented her husband from pressing her; but Mr. Col"
jane,write,female,name,nsubj,False,"[Illustration] When they were gone, Elizabeth, as if intending to exasperate herself as much as possible against Mr. Darcy, chose for her employment t"
elizabeth,notice,female,name,nsubj,False,"Elizabeth noticed every sentence conveying the idea of uneasiness, with an attention which it had hardly received on the first perusal."
she,think,female,pronoun,nsubj,False,She could not think of Darcy’s leaving Kent without remembering that his cousin was to go with him; but Colonel Fitzwilliam had made it clear that he 
darcy,leave,male,name,nsubj,False,She could not think of Darcy’s leaving Kent without remembering that his cousin was to go with him; but Colonel Fitzwilliam had made it clear that he 
fitzwilliam,make,male,name,nsubj,False,She could not think of Darcy’s leaving Kent without remembering that his cousin was to go with him; but Colonel Fitzwilliam had made it clear that he 
he,have,male,pronoun,nsubj,False,She could not think of Darcy’s leaving Kent without remembering that his cousin was to go with him; but Colonel Fitzwilliam had made it clear that he 
she,mean,female,pronoun,nsubj,False,She could not think of Darcy’s leaving Kent without remembering that his cousin was to go with him; but Colonel Fitzwilliam had made it clear that he 
she,rouse,female,pronoun,nsubjpass,True,"While settling this point, she was suddenly roused by the sound of the door-bell; and her spirits were a little fluttered by the idea of its being Col"
she,see,female,pronoun,nsubj,False,"But this idea was soon banished, and her spirits were very differently affected, when, to her utter amazement, she saw Mr. Darcy walk into the room."
darcy,walk,male,name,nsubj,False,"But this idea was soon banished, and her spirits were very differently affected, when, to her utter amazement, she saw Mr. Darcy walk into the room."
he,begin,male,pronoun,nsubj,False,"In a hurried manner he immediately began an inquiry after her health, imputing his visit to a wish of hearing that she were better."
she,answer,female,pronoun,nsubj,False,She answered him with cold civility.
he,sit,male,pronoun,nsubj,False,"He sat down for a few moments, and then getting up walked about the room."
he,come,male,pronoun,nsubj,False,"After a silence of several minutes, he came towards her in an agitated manner, and thus began:-- “In vain have I struggled."
she,stare,female,pronoun,nsubj,False,"She stared, coloured, doubted, and was silent."
he,consider,male,pronoun,nsubj,False,"This he considered sufficient encouragement, and the avowal of all that he felt and had long felt for her immediately followed."
he,feel,male,pronoun,nsubj,False,"This he considered sufficient encouragement, and the avowal of all that he felt and had long felt for her immediately followed."
she,follow,female,pronoun,nsubj,False,"This he considered sufficient encouragement, and the avowal of all that he felt and had long felt for her immediately followed."
he,speak,male,pronoun,nsubj,False,"He spoke well; but there were feelings besides those of the heart to be detailed, and he was not more eloquent on the subject of tenderness than of pr"
he,wound,male,pronoun,nsubj,False,"His sense of her inferiority, of its being a degradation, of the family obstacles which judgment had always opposed to inclination, were dwelt on with"
she,lose,female,pronoun,nsubj,False,"In spite of her deeply-rooted dislike, she could not be insensible to the compliment of such a man’s affection, and though her intentions did not vary"
she,try,female,pronoun,nsubj,False,"She tried, however, to compose herself to answer him with patience, when he should have done."
he,do,male,pronoun,nsubj,False,"She tried, however, to compose herself to answer him with patience, when he should have done."
he,conclude,male,pronoun,nsubj,False,He concluded with representing to her the strength of that attachment which in spite of all his endeavours he had found impossible to conquer; and wit
he,find,male,pronoun,nsubj,False,He concluded with representing to her the strength of that attachment which in spite of all his endeavours he had found impossible to conquer; and wit
he,say,male,pronoun,nsubj,False,As he said this she could easily see that he had no doubt of a favourable answer.
she,see,female,pronoun,nsubj,False,As he said this she could easily see that he had no doubt of a favourable answer.
he,have,male,pronoun,nsubj,False,As he said this she could easily see that he had no doubt of a favourable answer.
he,speak,male,pronoun,nsubj,False,"He _spoke_ of apprehension and anxiety, but his countenance expressed real security."
he,cease,male,pronoun,nsubj,False,"Such a circumstance could only exasperate farther; and when he ceased the colour rose into her cheeks and she said,--"
darcy,seem,male,name,nsubj,False,"Mr. Darcy, who was leaning against the mantel-piece with his eyes fixed on her face, seemed to catch her words with no less resentment than surprise."
he,struggle,male,pronoun,nsubj,False,"He was struggling for the appearance of composure, and would not open his lips till he believed himself to have attained it."
he,believe,male,pronoun,nsubj,False,"He was struggling for the appearance of composure, and would not open his lips till he believed himself to have attained it."
himself,attain,male,pronoun,nsubj,False,"He was struggling for the appearance of composure, and would not open his lips till he believed himself to have attained it."
she,reply,female,pronoun,nsubj,False,"“I might as well inquire,” replied she, “why, with so evident a design of offending and insulting me, you chose to tell me that you liked me against y"
she,pronounce,female,pronoun,nsubj,False,"As she pronounced these words, Mr. Darcy changed colour; but the emotion was short, and he listened without attempting to interrupt her while she cont"
darcy,change,male,name,nsubj,False,"As she pronounced these words, Mr. Darcy changed colour; but the emotion was short, and he listened without attempting to interrupt her while she cont"
he,listen,male,pronoun,nsubj,False,"As she pronounced these words, Mr. Darcy changed colour; but the emotion was short, and he listened without attempting to interrupt her while she cont"
she,have,female,pronoun,nsubj,False,"As she pronounced these words, Mr. Darcy changed colour; but the emotion was short, and he listened without attempting to interrupt her while she cont"
she,pause,female,pronoun,nsubj,False,"She paused, and saw with no slight indignation that he was listening with an air which proved him wholly unmoved by any feeling of remorse."
he,listen,male,pronoun,nsubj,False,"She paused, and saw with no slight indignation that he was listening with an air which proved him wholly unmoved by any feeling of remorse."
he,unmove,male,pronoun,nsubj,False,"She paused, and saw with no slight indignation that he was listening with an air which proved him wholly unmoved by any feeling of remorse."
he,look,male,pronoun,nsubj,False,He even looked at her with a smile of affected incredulity.
she,repeat,female,pronoun,nsubj,False,“Can you deny that you have done it?” she repeated.
he,reply,male,pronoun,nsubj,False,"With assumed tranquillity he then replied, “I have no wish of denying that I did everything in my power to separate my friend from your sister, or tha"
elizabeth,disdain,female,name,nsubj,False,"Elizabeth disdained the appearance of noticing this civil reflection, but its meaning did not escape, nor was it likely to conciliate her."
she,continue,female,pronoun,nsubj,False,"“But it is not merely this affair,” she continued, “on which my dislike is founded."
darcy,say,male,name,nsubj,False,"“You take an eager interest in that gentleman’s concerns,” said Darcy, in a less tranquil tone, and with a heightened colour."
elizabeth,cry,female,name,nsubj,False,"“And of your infliction,” cried Elizabeth, with energy; “You have reduced him to his present state of poverty--comparative poverty."
darcy,cry,male,name,nsubj,False,"“And this,” cried Darcy, as he walked with quick steps across the room, “is your opinion of me!"
he,walk,male,pronoun,nsubj,False,"“And this,” cried Darcy, as he walked with quick steps across the room, “is your opinion of me!"
elizabeth,feel,female,name,nsubj,False,"Elizabeth felt herself growing more angry every moment; yet she tried to the utmost to speak with composure when she said,--"
herself,grow,female,pronoun,nsubj,False,"Elizabeth felt herself growing more angry every moment; yet she tried to the utmost to speak with composure when she said,--"
she,try,female,pronoun,nsubj,False,"Elizabeth felt herself growing more angry every moment; yet she tried to the utmost to speak with composure when she said,--"
she,see,female,pronoun,nsubj,False,"She saw him start at this; but he said nothing, and she continued,-- “You could not have made me the offer of your hand in any possible way that would"
he,start,male,pronoun,nsubj,False,"She saw him start at this; but he said nothing, and she continued,-- “You could not have made me the offer of your hand in any possible way that would"
he,say,male,pronoun,nsubj,False,"She saw him start at this; but he said nothing, and she continued,-- “You could not have made me the offer of your hand in any possible way that would"
she,make,female,pronoun,nsubj,False,"She saw him start at this; but he said nothing, and she continued,-- “You could not have made me the offer of your hand in any possible way that would"
he,look,male,pronoun,nsubj,False,Again his astonishment was obvious; and he looked at her with an expression of mingled incredulity and mortification.
she,go,female,pronoun,nsubj,False,"She went on,-- “From the very beginning, from the first moment, I may almost say, of my acquaintance with you, your manners impressing me with the ful"
he,leave,male,pronoun,nsubj,False,"And with these words he hastily left the room, and Elizabeth heard him the next moment open the front door and quit the house."
elizabeth,hear,female,name,nsubj,False,"And with these words he hastily left the room, and Elizabeth heard him the next moment open the front door and quit the house."
she,know,female,pronoun,nsubj,False,"She knew not how to support herself, and, from actual weakness, sat down and cried for half an hour."
she,reflect,female,pronoun,nsubj,False,"Her astonishment, as she reflected on what had passed, was increased by every review of it."
she,receive,female,pronoun,nsubj,False,That she should receive an offer of marriage from Mr. Darcy!
he,prevent,male,pronoun,nsubj,False,"so much in love as to wish to marry her in spite of all the objections which had made him prevent his friend’s marrying her sister, and which must app"
he,do,male,pronoun,nsubj,False,"But his pride, his abominable pride, his shameless avowal of what he had done with respect to Jane, his unpardonable assurance in acknowledging, thoug"
he,justify,male,pronoun,nsubj,False,"But his pride, his abominable pride, his shameless avowal of what he had done with respect to Jane, his unpardonable assurance in acknowledging, thoug"
he,mention,male,pronoun,nsubj,False,"But his pride, his abominable pride, his shameless avowal of what he had done with respect to Jane, his unpardonable assurance in acknowledging, thoug"
he,attempt,male,pronoun,nsubj,False,"But his pride, his abominable pride, his shameless avowal of what he had done with respect to Jane, his unpardonable assurance in acknowledging, thoug"
she,continue,female,pronoun,nsubj,False,She continued in very agitating reflections till the sound of Lady Catherine’s carriage made her feel how unequal she was to encounter Charlotte’s obs
she,feel,female,pronoun,nsubj,False,She continued in very agitating reflections till the sound of Lady Catherine’s carriage made her feel how unequal she was to encounter Charlotte’s obs
elizabeth,awake,female,name,nsubj,False,[Illustration] Elizabeth awoke the next morning to the same thoughts and meditations which had at length closed her eyes.
she,recover,female,pronoun,nsubj,False,"She could not yet recover from the surprise of what had happened: it was impossible to think of anything else; and, totally indisposed for employment,"
she,resolve,female,pronoun,nsubj,False,"She could not yet recover from the surprise of what had happened: it was impossible to think of anything else; and, totally indisposed for employment,"
she,proceed,female,pronoun,nsubj,False,"She was proceeding directly to her favourite walk, when the recollection of Mr. Darcy’s sometimes coming there stopped her, and instead of entering th"
she,turn,female,pronoun,nsubj,False,"She was proceeding directly to her favourite walk, when the recollection of Mr. Darcy’s sometimes coming there stopped her, and instead of entering th"
she,pass,female,pronoun,nsubj,False,"The park paling was still the boundary on one side, and she soon passed one of the gates into the ground."
she,tempt,female,pronoun,nsubjpass,True,"After walking two or three times along that part of the lane, she was tempted, by the pleasantness of the morning, to stop at the gates and look into "
she,pass,female,pronoun,nsubj,False,"The five weeks which she had now passed in Kent had made a great difference in the country, and every day was adding to the verdure of the early trees"
she,catch,female,pronoun,nsubj,False,"She was on the point of continuing her walk, when she caught a glimpse of a gentleman within the sort of grove which edged the park: he was moving tha"
he,move,male,pronoun,nsubj,False,"She was on the point of continuing her walk, when she caught a glimpse of a gentleman within the sort of grove which edged the park: he was moving tha"
she,retreat,female,pronoun,nsubj,False,"She was on the point of continuing her walk, when she caught a glimpse of a gentleman within the sort of grove which edged the park: he was moving tha"
she,turn,female,pronoun,nsubj,False,"She had turned away; but on hearing herself called, though in a voice which proved it to be Mr. Darcy, she moved again towards the gate."
herself,call,female,pronoun,nsubj,False,"She had turned away; but on hearing herself called, though in a voice which proved it to be Mr. Darcy, she moved again towards the gate."
she,move,female,pronoun,nsubj,False,"She had turned away; but on hearing herself called, though in a voice which proved it to be Mr. Darcy, she moved again towards the gate."
he,reach,male,pronoun,nsubj,False,"He had by that time reached it also; and, holding out a letter, which she instinctively took, said, with a look of haughty composure, “I have been wal"
she,take,female,pronoun,nsubj,False,"He had by that time reached it also; and, holding out a letter, which she instinctively took, said, with a look of haughty composure, “I have been wal"
elizabeth,open,female,name,nsubj,False,"With no expectation of pleasure, but with the strongest curiosity, Elizabeth opened the letter, and to her still increasing wonder, perceived an envel"
she,begin,female,pronoun,nsubj,False,"Pursuing her way along the lane, she then began it."
bingley,prefer,male,name,nsubj,False,"I had not been long in Hertfordshire before I saw, in common with others, that Bingley preferred your elder sister to any other young woman in the cou"
he,speak,male,pronoun,nsubj,False,"He spoke of it as a certain event, of which the time alone could be undecided."
she,receive,female,pronoun,nsubj,False,"Her look and manners were open, cheerful, and engaging as ever, but without any symptom of peculiar regard; and I remained convinced, from the evening"
she,invite,female,pronoun,nsubj,False,"Her look and manners were open, cheerful, and engaging as ever, but without any symptom of peculiar regard; and I remained convinced, from the evening"
he,leave,male,pronoun,nsubj,False,"He left Netherfield for London on the day following, as you, I am certain, remember, with the design of soon returning."
he,believe,male,pronoun,nsubj,False,"He had before believed her to return his affection with sincere, if not with equal, regard."
bingley,have,male,name,nsubj,False,"But Bingley has great natural modesty, with a stronger dependence on my judgment than on his own."
he,deceive,male,pronoun,nsubj,False,"To convince him, therefore, that he had deceived himself was no very difficult point."
he,see,male,pronoun,nsubj,False,"That they might have met without ill consequence is, perhaps, probable; but his regard did not appear to me enough extinguished for him to see her wit"
father,support,male,role_noun,nsubj,False,"My father supported him at school, and afterwards at Cambridge; most important assistance, as his own father, always poor from the extravagance of his"
he,have,male,pronoun,nsubj,False,"My father was not only fond of this young man’s society, whose manners were always engaging, he had also the highest opinion of him, and hoping the ch"
darcy,have,male,name,nsubj,False,"The vicious propensities, the want of principle, which he was careful to guard from the knowledge of his best friend, could not escape the observation"
wickham,create,male,name,nsubj,False,"But whatever may be the sentiments which Mr. Wickham has created, a suspicion of their nature shall not prevent me from unfolding his real character."
father,die,male,role_noun,nsubj,False,"My excellent father died about five years ago; and his attachment to Mr. Wickham was to the last so steady, that in his will he particularly recommend"
he,recommend,male,pronoun,nsubj,False,"My excellent father died about five years ago; and his attachment to Mr. Wickham was to the last so steady, that in his will he particularly recommend"
he,take,male,pronoun,nsubj,False,"My excellent father died about five years ago; and his attachment to Mr. Wickham was to the last so steady, that in his will he particularly recommend"
father,survive,male,role_noun,nsubj,False,"His own father did not long survive mine; and within half a year from these events Mr. Wickham wrote to inform me that, having finally resolved agains"
wickham,write,male,name,nsubj,False,"His own father did not long survive mine; and within half a year from these events Mr. Wickham wrote to inform me that, having finally resolved agains"
he,hope,male,pronoun,nsubj,False,"His own father did not long survive mine; and within half a year from these events Mr. Wickham wrote to inform me that, having finally resolved agains"
he,expect,male,pronoun,nsubj,False,"His own father did not long survive mine; and within half a year from these events Mr. Wickham wrote to inform me that, having finally resolved agains"
he,benefit,male,pronoun,nsubjpass,True,"His own father did not long survive mine; and within half a year from these events Mr. Wickham wrote to inform me that, having finally resolved agains"
he,have,male,pronoun,nsubj,False,"He had some intention, he added, of studying the law, and I must be aware that the interest of one thousand pounds would be a very insufficient suppor"
he,add,male,pronoun,nsubj,False,"He had some intention, he added, of studying the law, and I must be aware that the interest of one thousand pounds would be a very insufficient suppor"
he,resign,male,pronoun,nsubj,False,"He resigned all claim to assistance in the church, were it possible that he could ever be in a situation to receive it, and accepted in return three t"
he,live,male,pronoun,nsubj,False,"In town, I believe, he chiefly lived, but his studying the law was a mere pretence; and being now free from all restraint, his life was a life of idle"
he,apply,male,pronoun,nsubj,False,"For about three years I heard little of him; but on the decease of the incumbent of the living which had been designed for him, he applied to me again"
he,assure,male,pronoun,nsubj,False,"His circumstances, he assured me, and I had no difficulty in believing it, were exceedingly bad."
he,find,male,pronoun,nsubj,False,"He had found the law a most unprofitable study, and was now absolutely resolved on being ordained, if I would present him to the living in question--o"
he,trust,male,pronoun,nsubj,False,"He had found the law a most unprofitable study, and was now absolutely resolved on being ordained, if I would present him to the living in question--o"
he,assure,male,pronoun,nsubjpass,True,"He had found the law a most unprofitable study, and was now absolutely resolved on being ordained, if I would present him to the living in question--o"
he,live,male,pronoun,nsubj,False,"How he lived, I know not."
sister,leave,female,role_noun,nsubjpass,True,"My sister, who is more than ten years my junior, was left to the guardianship of my mother’s nephew, Colonel Fitzwilliam, and myself."
she,take,female,pronoun,nsubjpass,True,"About a year ago, she was taken from school, and an establishment formed for her in London; and last summer she went with the lady who presided over i"
she,go,female,pronoun,nsubj,False,"About a year ago, she was taken from school, and an establishment formed for her in London; and last summer she went with the lady who presided over i"
he,recommend,male,pronoun,nsubj,False,"About a year ago, she was taken from school, and an establishment formed for her in London; and last summer she went with the lady who presided over i"
she,persuade,female,pronoun,nsubjpass,True,"About a year ago, she was taken from school, and an establishment formed for her in London; and last summer she went with the lady who presided over i"
georgiana,acknowledge,female,name,nsubj,False,"I joined them unexpectedly a day or two before the intended elopement; and then Georgiana, unable to support the idea of grieving and offending a brot"
she,look,female,pronoun,nsubj,False,"I joined them unexpectedly a day or two before the intended elopement; and then Georgiana, unable to support the idea of grieving and offending a brot"
he,impose,male,pronoun,nsubj,False,"I know not in what manner, under what form of falsehood, he has imposed on you; but his success is not perhaps to be wondered at, ignorant as you prev"
elizabeth,expect,female,name,nsubj,False,"[Illustration] Elizabeth, when Mr. Darcy gave her the letter, did not expect it to contain a renewal of his offers, she had formed no expectation at a"
darcy,give,male,name,nsubj,False,"[Illustration] Elizabeth, when Mr. Darcy gave her the letter, did not expect it to contain a renewal of his offers, she had formed no expectation at a"
she,form,female,pronoun,nsubj,False,"[Illustration] Elizabeth, when Mr. Darcy gave her the letter, did not expect it to contain a renewal of his offers, she had formed no expectation at a"
she,go,female,pronoun,nsubj,False,"But such as they were, it may be well supposed how eagerly she went through them, and what a contrariety of emotion they excited."
she,read,female,pronoun,nsubj,False,Her feelings as she read were scarcely to be defined.
she,understand,female,pronoun,nsubj,False,"With amazement did she first understand that he believed any apology to be in his power; and steadfastly was she persuaded, that he could have no expl"
he,believe,male,pronoun,nsubj,False,"With amazement did she first understand that he believed any apology to be in his power; and steadfastly was she persuaded, that he could have no expl"
she,persuade,female,pronoun,nsubj,False,"With amazement did she first understand that he believed any apology to be in his power; and steadfastly was she persuaded, that he could have no expl"
he,have,male,pronoun,nsubj,False,"With amazement did she first understand that he believed any apology to be in his power; and steadfastly was she persuaded, that he could have no expl"
he,say,male,pronoun,nsubj,False,"With a strong prejudice against everything he might say, she began his account of what had happened at Netherfield."
she,begin,female,pronoun,nsubj,False,"With a strong prejudice against everything he might say, she began his account of what had happened at Netherfield."
she,read,female,pronoun,nsubj,False,"She read with an eagerness which hardly left her power of comprehension; and from impatience of knowing what the next sentence might bring, was incapa"
she,resolve,female,pronoun,nsubj,False,"His belief of her sister’s insensibility she instantly resolved to be false; and his account of the real, the worst objections to the match, made her "
he,express,male,pronoun,nsubj,False,"He expressed no regret for what he had done which satisfied her; his style was not penitent, but haughty."
he,do,male,pronoun,nsubj,False,"He expressed no regret for what he had done which satisfied her; his style was not penitent, but haughty."
she,read,female,pronoun,nsubj,False,"But when this subject was succeeded by his account of Mr. Wickham--when she read, with somewhat clearer attention, a relation of events which, if true"
she,wish,female,pronoun,nsubj,False,"She wished to discredit it entirely, repeatedly exclaiming, “This must be false!"
she,go,female,pronoun,nsubj,False,"This must be the grossest falsehood!”--and when she had gone through the whole letter, though scarcely knowing anything of the last page or two, put i"
she,regard,female,pronoun,nsubj,False,"This must be the grossest falsehood!”--and when she had gone through the whole letter, though scarcely knowing anything of the last page or two, put i"
she,look,female,pronoun,nsubj,False,"This must be the grossest falsehood!”--and when she had gone through the whole letter, though scarcely knowing anything of the last page or two, put i"
she,walk,female,pronoun,nsubj,False,"In this perturbed state of mind, with thoughts that could rest on nothing, she walked on; but it would not do: in half a minute the letter was unfolde"
she,begin,female,pronoun,nsubj,False,"In this perturbed state of mind, with thoughts that could rest on nothing, she walked on; but it would not do: in half a minute the letter was unfolde"
he,relate,male,pronoun,nsubj,False,"The account of his connection with the Pemberley family was exactly what he had related himself; and the kindness of the late Mr. Darcy, though she ha"
she,know,female,pronoun,nsubj,False,"The account of his connection with the Pemberley family was exactly what he had related himself; and the kindness of the late Mr. Darcy, though she ha"
she,come,female,pronoun,nsubj,False,"So far each recital confirmed the other; but when she came to the will, the difference was great."
wickham,say,male,name,nsubj,False,"What Wickham had said of the living was fresh in her memory; and as she recalled his very words, it was impossible not to feel that there was gross du"
she,recall,female,pronoun,nsubj,False,"What Wickham had said of the living was fresh in her memory; and as she recalled his very words, it was impossible not to feel that there was gross du"
she,flatter,female,pronoun,nsubj,False,"What Wickham had said of the living was fresh in her memory; and as she recalled his very words, it was impossible not to feel that there was gross du"
she,read,female,pronoun,nsubj,False,"But when she read and re-read, with the closest attention, the particulars immediately following of Wickham’s resigning all pretensions to the living,"
she,force,female,pronoun,nsubjpass,True,"But when she read and re-read, with the closest attention, the particulars immediately following of Wickham’s resigning all pretensions to the living,"
she,put,female,pronoun,nsubj,False,"She put down the letter, weighed every circumstance with what she meant to be impartiality--deliberated on the probability of each statement--but with"
she,mean,female,pronoun,nsubj,False,"She put down the letter, weighed every circumstance with what she meant to be impartiality--deliberated on the probability of each statement--but with"
she,read,female,pronoun,nsubj,False,Again she read on.
she,believe,female,pronoun,nsubj,False,"But every line proved more clearly that the affair, which she had believed it impossible that any contrivance could so represent as to render Mr. Darc"
he,scruple,male,pronoun,nsubj,False,"The extravagance and general profligacy which he scrupled not to lay to Mr. Wickham’s charge exceedingly shocked her; the more so, as she could bring "
she,bring,female,pronoun,nsubj,False,"The extravagance and general profligacy which he scrupled not to lay to Mr. Wickham’s charge exceedingly shocked her; the more so, as she could bring "
she,hear,female,pronoun,nsubj,False,"She had never heard of him before his entrance into the ----shire militia, in which he had engaged at the persuasion of the young man, who, on meeting"
he,engage,male,pronoun,nsubj,False,"She had never heard of him before his entrance into the ----shire militia, in which he had engaged at the persuasion of the young man, who, on meeting"
he,tell,male,pronoun,nsubj,False,"Of his former way of life, nothing had been known in Hertfordshire but what he told [Illustration: “Meeting accidentally in Town” [_Copyright 1894 by "
she,feel,female,pronoun,nsubj,False,"As to his real character, had information been in her power, she had never felt a wish of inquiring."
she,try,female,pronoun,nsubj,False,"She tried to recollect some instance of goodness, some distinguished trait of integrity or benevolence, that might rescue him from the attacks of Mr. "
she,endeavour,female,pronoun,nsubj,False,"She tried to recollect some instance of goodness, some distinguished trait of integrity or benevolence, that might rescue him from the attacks of Mr. "
darcy,describe,male,name,nsubj,False,"She tried to recollect some instance of goodness, some distinguished trait of integrity or benevolence, that might rescue him from the attacks of Mr. "
she,see,female,pronoun,nsubj,False,"She could see him instantly before her, in every charm of air and address, but she could remember no more substantial good than the general approbatio"
she,remember,female,pronoun,nsubj,False,"She could see him instantly before her, in every charm of air and address, but she could remember no more substantial good than the general approbatio"
she,continue,female,pronoun,nsubj,False,"After pausing on this point a considerable while, she once more continued to read."
she,refer,female,pronoun,nsubjpass,True,"the story which followed, of his designs on Miss Darcy, received some confirmation from what had passed between Colonel Fitzwilliam and herself only t"
she,receive,female,pronoun,nsubj,False,"the story which followed, of his designs on Miss Darcy, received some confirmation from what had passed between Colonel Fitzwilliam and herself only t"
she,have,female,pronoun,nsubj,False,"the story which followed, of his designs on Miss Darcy, received some confirmation from what had passed between Colonel Fitzwilliam and herself only t"
she,resolve,female,pronoun,nsubj,False,"At one time she had almost resolved on applying to him, but the idea was checked by the awkwardness of the application, and at length wholly banished "
darcy,hazard,male,name,nsubj,False,"At one time she had almost resolved on applying to him, but the idea was checked by the awkwardness of the application, and at length wholly banished "
she,remember,female,pronoun,nsubj,False,She perfectly remembered everything that had passed in conversation between Wickham and herself in their first evening at Mr. Philips’s.
she,see,female,pronoun,nsubj,False,"She saw the indelicacy of putting himself forward as he had done, and the inconsistency of his professions with his conduct."
he,do,male,pronoun,nsubj,False,"She saw the indelicacy of putting himself forward as he had done, and the inconsistency of his professions with his conduct."
she,remember,female,pronoun,nsubj,False,"She remembered that he had boasted of having no fear of seeing Mr. Darcy--that Mr. Darcy might leave the country, but that _"
he,boast,male,pronoun,nsubj,False,"She remembered that he had boasted of having no fear of seeing Mr. Darcy--that Mr. Darcy might leave the country, but that _"
darcy,leave,male,name,nsubj,False,"She remembered that he had boasted of having no fear of seeing Mr. Darcy--that Mr. Darcy might leave the country, but that _"
he,stand,male,pronoun,nsubj,False,he_ should stand his ground; yet he had avoided the Netherfield ball the very next week.
he,avoid,male,pronoun,nsubj,False,he_ should stand his ground; yet he had avoided the Netherfield ball the very next week.
she,remember,female,pronoun,nsubj,False,"She remembered, also, that till the Netherfield family had quitted the country, he had told his story to no one but herself; but that after their remo"
he,tell,male,pronoun,nsubj,False,"She remembered, also, that till the Netherfield family had quitted the country, he had told his story to no one but herself; but that after their remo"
he,assure,male,pronoun,nsubj,False,"She remembered, also, that till the Netherfield family had quitted the country, he had told his story to no one but herself; but that after their remo"
his,expose,male,pronoun,nsubj,False,"She remembered, also, that till the Netherfield family had quitted the country, he had told his story to no one but herself; but that after their remo"
he,concern,male,pronoun,nsubjpass,True,How differently did everything now appear in which he was concerned!
he,deceive,male,pronoun,nsubjpass,True,"His behaviour to herself could now have had no tolerable motive: he had either been deceived with regard to her fortune, or had been gratifying his va"
she,believe,female,pronoun,nsubj,False,"His behaviour to herself could now have had no tolerable motive: he had either been deceived with regard to her fortune, or had been gratifying his va"
she,show,female,pronoun,nsubj,False,"His behaviour to herself could now have had no tolerable motive: he had either been deceived with regard to her fortune, or had been gratifying his va"
bingley,assert,male,name,nsubj,False,"Every lingering struggle in his favour grew fainter and fainter; and in further justification of Mr. Darcy, she could not but allow that Mr. Bingley, "
she,have,female,pronoun,nsubj,False,"Every lingering struggle in his favour grew fainter and fainter; and in further justification of Mr. Darcy, she could not but allow that Mr. Bingley, "
he,esteem,male,pronoun,nsubjpass,True,"Every lingering struggle in his favour grew fainter and fainter; and in further justification of Mr. Darcy, she could not but allow that Mr. Bingley, "
wickham,allow,male,name,nsubj,False,"Every lingering struggle in his favour grew fainter and fainter; and in further justification of Mr. Darcy, she could not but allow that Mr. Bingley, "
she,hear,female,pronoun,nsubj,False,"Every lingering struggle in his favour grew fainter and fainter; and in further justification of Mr. Darcy, she could not but allow that Mr. Bingley, "
he,speak,male,pronoun,nsubj,False,"Every lingering struggle in his favour grew fainter and fainter; and in further justification of Mr. Darcy, she could not but allow that Mr. Bingley, "
wickham,represent,male,name,nsubj,False,"Every lingering struggle in his favour grew fainter and fainter; and in further justification of Mr. Darcy, she could not but allow that Mr. Bingley, "
she,grow,female,pronoun,nsubj,False,She grew absolutely ashamed of herself.
she,think,female,pronoun,nsubj,False,"Of neither Darcy nor Wickham could she think, without feeling that she had been blind, partial, prejudiced, absurd."
she,cry,female,pronoun,nsubj,False,she cried.
she,read,female,pronoun,nsubj,False,"From herself to Jane, from Jane to Bingley, her thoughts were in a line which soon brought to her recollection that Mr. Darcy’s explanation _there_ ha"
she,deny,female,pronoun,nsubj,False,"How could she deny that credit to his assertions, in one instance, which she had been obliged to give in the other?"
she,oblige,female,pronoun,nsubjpass,True,"How could she deny that credit to his assertions, in one instance, which she had been obliged to give in the other?"
he,declare,male,pronoun,nsubj,False,He declared himself to have been totally unsuspicious of her sister’s attachment; and she could not help remembering what Charlotte’s opinion had alwa
she,help,female,pronoun,nsubj,False,He declared himself to have been totally unsuspicious of her sister’s attachment; and she could not help remembering what Charlotte’s opinion had alwa
she,deny,female,pronoun,nsubj,False,Neither could she deny the justice of his description of Jane.
she,feel,female,pronoun,nsubj,False,"She felt that Jane’s feelings, though fervent, were little displayed, and that there was a constant complacency in her air and manner, not often unite"
she,come,female,pronoun,nsubj,False,"When she came to that part of the letter in which her family were mentioned, in tones of such mortifying, yet merited, reproach, her sense of shame wa"
he,allude,male,pronoun,nsubj,False,"The justice of the charge struck her too forcibly for denial; and the circumstances to which he particularly alluded, as having passed at the Netherfi"
she,consider,female,pronoun,nsubj,False,"It soothed, but it could not console her for the contempt which had been thus self-attracted by the rest of her family; and as she considered that Jan"
she,feel,female,pronoun,nsubj,False,"It soothed, but it could not console her for the contempt which had been thus self-attracted by the rest of her family; and as she considered that Jan"
she,know,female,pronoun,nsubj,False,"It soothed, but it could not console her for the contempt which had been thus self-attracted by the rest of her family; and as she considered that Jan"
she,enter,female,pronoun,nsubj,False,"After wandering along the lane for two hours, giving way to every variety of thought, reconsidering events, determining probabilities, and reconciling"
she,tell,female,pronoun,nsubjpass,True,"She was immediately told, that the two gentlemen from Rosings had each called during her absence; Mr. Darcy, only for a few minutes, to take leave, bu"
gentleman,call,male,role_noun,nsubj,False,"She was immediately told, that the two gentlemen from Rosings had each called during her absence; Mr. Darcy, only for a few minutes, to take leave, bu"
fitzwilliam,sit,male,name,nsubj,False,"She was immediately told, that the two gentlemen from Rosings had each called during her absence; Mr. Darcy, only for a few minutes, to take leave, bu"
she,find,female,pronoun,nsubjpass,True,"She was immediately told, that the two gentlemen from Rosings had each called during her absence; Mr. Darcy, only for a few minutes, to take leave, bu"
elizabeth,affect,female,name,nsubj,False,Elizabeth could but just _affect_ concern in missing him; she really rejoiced at it.
she,rejoice,female,pronoun,nsubj,False,Elizabeth could but just _affect_ concern in missing him; she really rejoiced at it.
she,think,female,pronoun,nsubj,False,She could think only of her letter.
gentleman,leave,male,role_noun,nsubj,False,"[Illustration] The two gentlemen left Rosings the next morning; and Mr. Collins having been in waiting near the lodges, to make them his parting obeis"
he,hasten,male,pronoun,nsubj,False,"To Rosings he then hastened to console Lady Catherine and her daughter; and on his return brought back, with great satisfaction, a message from her La"
she,feel,female,pronoun,nsubj,False,"To Rosings he then hastened to console Lady Catherine and her daughter; and on his return brought back, with great satisfaction, a message from her La"
elizabeth,see,female,name,nsubj,False,"Elizabeth could not see Lady Catherine without recollecting that, had she chosen it, she might by this time have been presented to her as her future n"
she,choose,female,pronoun,nsubj,False,"Elizabeth could not see Lady Catherine without recollecting that, had she chosen it, she might by this time have been presented to her as her future n"
she,present,female,pronoun,nsubjpass,True,"Elizabeth could not see Lady Catherine without recollecting that, had she chosen it, she might by this time have been presented to her as her future n"
she,think,female,pronoun,nsubj,False,"Elizabeth could not see Lady Catherine without recollecting that, had she chosen it, she might by this time have been presented to her as her future n"
she,say,female,pronoun,nsubj,False,“What would she have said?
she,behave,female,pronoun,nsubj,False,how would she have behaved?” were the questions with which she amused herself.
she,amuse,female,pronoun,nsubj,False,how would she have behaved?” were the questions with which she amused herself.
catherine,say,female,name,nsubj,False,"“I assure you, I feel it exceedingly,” said Lady Catherine; “I believe nobody feels the loss of friends so much as I do."
darcy,seem,male,name,nsubj,False,"The dear Colonel rallied his spirits tolerably till just at last; but Darcy seemed to feel it most acutely--more, I think, than last year."
collins,have,male,name,nsubj,False,"Mr. Collins had a compliment and an allusion to throw in here, which were kindly smiled on by the mother and daughter."
catherine,observe,female,name,nsubj,False,"Lady Catherine observed, after dinner, that Miss Bennet seemed out of spirits; and immediately accounting for it herself, by supposing that she did no"
bennet,seem,male,name,nsubj,False,"Lady Catherine observed, after dinner, that Miss Bennet seemed out of spirits; and immediately accounting for it herself, by supposing that she did no"
she,like,female,pronoun,nsubj,False,"Lady Catherine observed, after dinner, that Miss Bennet seemed out of spirits; and immediately accounting for it herself, by supposing that she did no"
she,"added,--",female,pronoun,nsubj,False,"Lady Catherine observed, after dinner, that Miss Bennet seemed out of spirits; and immediately accounting for it herself, by supposing that she did no"
elizabeth,reply,female,name,nsubj,False,"“I am much obliged to your Ladyship for your kind invitation,” replied Elizabeth; “but it is not in my power to accept it."
bennet,spare,male,name,nsubj,False,Mrs. Bennet could certainly spare you for another fortnight.”
he,write,male,pronoun,nsubj,False,He wrote last week to hurry my return.”
father,spare,male,role_noun,nsubj,False,"[Illustration: “Dawson” [_Copyright 1894 by George Allen._]] “Oh, your father, of course, may spare you, if your mother can."
catherine,seem,female,name,nsubj,False,Lady Catherine seemed resigned.
woman,guard,female,role_noun,nsubjpass,True,"Young women should always be properly guarded and attended, according to their situation in life."
she,have,female,pronoun,nsubj,False,"When my niece Georgiana went to Ramsgate last summer, I made a point of her having two men-servants go with her."
darcy,appear,male,name,nsubj,False,"Miss Darcy, the daughter of Mr. Darcy of Pemberley, and Lady Anne, could not have appeared with propriety in a different manner."
he,keep,male,pronoun,nsubj,False,"He keeps a man-servant, does he?"
he,do,male,pronoun,nsubj,False,"He keeps a man-servant, does he?"
catherine,have,female,name,nsubj,False,Lady Catherine had many other questions to ask respecting their journey; and as she did not answer them all herself attention was necessary--which Eli
she,answer,female,pronoun,nsubj,False,Lady Catherine had many other questions to ask respecting their journey; and as she did not answer them all herself attention was necessary--which Eli
elizabeth,believe,female,name,nsubj,False,Lady Catherine had many other questions to ask respecting their journey; and as she did not answer them all herself attention was necessary--which Eli
she,forget,female,pronoun,nsubj,False,Lady Catherine had many other questions to ask respecting their journey; and as she did not answer them all herself attention was necessary--which Eli
she,give,female,pronoun,nsubj,False,"Reflection must be reserved for solitary hours: whenever she was alone, she gave way to it as the greatest relief; and not a day went by without a sol"
she,indulge,female,pronoun,nsubj,False,"Reflection must be reserved for solitary hours: whenever she was alone, she gave way to it as the greatest relief; and not a day went by without a sol"
she,study,female,pronoun,nsubj,False,She studied every sentence; and her feelings towards its writer were at times widely different.
she,remember,female,pronoun,nsubj,False,"When she remembered the style of his address, she was still full of indignation: but when she considered how unjustly she had condemned and upbraided "
she,consider,female,pronoun,nsubj,False,"When she remembered the style of his address, she was still full of indignation: but when she considered how unjustly she had condemned and upbraided "
she,condemn,female,pronoun,nsubj,False,"When she remembered the style of his address, she was still full of indignation: but when she considered how unjustly she had condemned and upbraided "
she,approve,female,pronoun,nsubj,False,"His attachment excited gratitude, his general character respect: but she could not approve him; nor could she for a moment repent her refusal, or feel"
father,content,male,role_noun,nsubj,False,"Her father, contented with laughing at them, would never exert himself to restrain the wild giddiness of his youngest daughters; and her mother, with "
elizabeth,unite,female,name,nsubj,False,Elizabeth had frequently united with Jane in an endeavour to check the imprudence of Catherine and Lydia; but while they were supported by their mothe
catherine,affront,female,name,nsubjpass,True,"Catherine, weak-spirited, irritable, and completely under Lydia’s guidance, had been always affronted by their advice; and Lydia, self-willed and care"
lydia,give,female,name,nsubj,False,"Catherine, weak-spirited, irritable, and completely under Lydia’s guidance, had been always affronted by their advice; and Lydia, self-willed and care"
jane,lose,female,name,nsubj,False,"Anxiety on Jane’s behalf was another prevailing concern; and Mr. Darcy’s explanation, by restoring Bingley to all her former good opinion, heightened "
jane,deprive,female,name,nsubjpass,True,"How grievous then was the thought that, of a situation so desirable in every respect, so replete with advantage, so promising for happiness, Jane had "
she,appear,female,pronoun,nsubj,False,"When to these recollections was added the development of Wickham’s character, it may be easily believed that the happy spirits which had seldom been d"
herself,oblige,female,pronoun,nsubj,False,"The very last evening was spent there; and her Ladyship again inquired minutely into the particulars of their journey, gave them directions as to the "
elizabeth,meet,female,name,nsubj,False,[Illustration] On Saturday morning Elizabeth and Mr. Collins met for breakfast a few minutes before the others appeared; and he took the opportunity o
he,take,male,pronoun,nsubj,False,[Illustration] On Saturday morning Elizabeth and Mr. Collins met for breakfast a few minutes before the others appeared; and he took the opportunity o
he,deem,male,pronoun,nsubj,False,[Illustration] On Saturday morning Elizabeth and Mr. Collins met for breakfast a few minutes before the others appeared; and he took the opportunity o
he,say,male,pronoun,nsubj,False,"“I know not, Miss Elizabeth,” said he, “whether Mrs. Collins has yet expressed her sense of your kindness in coming to us; but I am very certain you w"
collins,express,male,name,nsubj,False,"“I know not, Miss Elizabeth,” said he, “whether Mrs. Collins has yet expressed her sense of your kindness in coming to us; but I am very certain you w"
she,spend,female,pronoun,nsubj,False,"She had spent six weeks with great enjoyment; and the pleasure of being with Charlotte, and the kind attention she had received, must make _her_ feel "
she,receive,female,pronoun,nsubj,False,"She had spent six weeks with great enjoyment; and the pleasure of being with Charlotte, and the kind attention she had received, must make _her_ feel "
collins,gratify,male,name,nsubjpass,True,"Mr. Collins was gratified; and with a more smiling solemnity replied,-- “It gives me the greatest pleasure to hear that you have passed your time not "
he,oblige,male,pronoun,nsubjpass,True,"Words were insufficient for the elevation of his feelings; and he was obliged to walk about the room, while Elizabeth tried to unite civility and trut"
elizabeth,try,female,name,nsubj,False,"Words were insufficient for the elevation of his feelings; and he was obliged to walk about the room, while Elizabeth tried to unite civility and trut"
charlotte,have,female,name,nsubj,False,My dear Charlotte and I have but one mind and one way of thinking.
elizabeth,say,female,name,nsubj,False,"Elizabeth could safely say that it was a great happiness where that was the case, and with equal sincerity could add, that she firmly believed and rej"
she,believe,female,pronoun,nsubj,False,"Elizabeth could safely say that it was a great happiness where that was the case, and with equal sincerity could add, that she firmly believed and rej"
she,choose,female,pronoun,nsubj,False,"But she had chosen it with her eyes open; and though evidently regretting that her visitors were to go, she did not seem to ask for compassion."
she,seem,female,pronoun,nsubj,False,"But she had chosen it with her eyes open; and though evidently regretting that her visitors were to go, she did not seem to ask for compassion."
elizabeth,attend,female,name,nsubjpass,True,"After an affectionate parting between the friends, Elizabeth was attended to the carriage by Mr. Collins; and as they walked down the garden, he was c"
he,commission,male,pronoun,nsubj,False,"After an affectionate parting between the friends, Elizabeth was attended to the carriage by Mr. Collins; and as they walked down the garden, he was c"
he,receive,male,pronoun,nsubj,False,"After an affectionate parting between the friends, Elizabeth was attended to the carriage by Mr. Collins; and as they walked down the garden, he was c"
he,hand,male,pronoun,nsubj,False,"He then handed her in, Maria followed, and the door was on the point of being closed, when he suddenly reminded them, with some consternation, that th"
he,remind,male,pronoun,nsubj,False,"He then handed her in, Maria followed, and the door was on the point of being closed, when he suddenly reminded them, with some consternation, that th"
he,add,male,pronoun,nsubj,False,"“But,” he added, “you will of course wish to have your humble respects delivered to them, with your grateful thanks for their kindness to you while yo"
elizabeth,make,female,name,nsubj,False,"Elizabeth made no objection: the door was then allowed to be shut, and the carriage drove off."
elizabeth,add,female,name,nsubj,False,"Elizabeth privately added, “And how much I shall have to conceal!”"
jane,look,female,name,nsubj,False,"Jane looked well, and Elizabeth had little opportunity of studying her spirits, amidst the various engagements which the kindness of her aunt had rese"
elizabeth,have,female,name,nsubj,False,"Jane looked well, and Elizabeth had little opportunity of studying her spirits, amidst the various engagements which the kindness of her aunt had rese"
she,wait,female,pronoun,nsubj,False,"It was not without an effort, meanwhile, that she could wait even for Longbourn, before she told her sister of Mr. Darcy’s proposals."
she,tell,female,pronoun,nsubj,False,"It was not without an effort, meanwhile, that she could wait even for Longbourn, before she told her sister of Mr. Darcy’s proposals."
she,have,female,pronoun,nsubj,False,"To know that she had the power of revealing what would so exceedingly astonish Jane, and must, at the same time, so highly gratify whatever of her own"
she,remain,female,pronoun,nsubj,False,"To know that she had the power of revealing what would so exceedingly astonish Jane, and must, at the same time, so highly gratify whatever of her own"
she,communicate,female,pronoun,nsubj,False,"To know that she had the power of revealing what would so exceedingly astonish Jane, and must, at the same time, so highly gratify whatever of her own"
she,enter,female,pronoun,nsubj,False,"To know that she had the power of revealing what would so exceedingly astonish Jane, and must, at the same time, so highly gratify whatever of her own"
lady,set,female,role_noun,nsubj,False,"[Illustration] It was the second week in May, in which the three young ladies set out together from Gracechurch Street for the town of ----, in Hertfo"
kitty,look,female,name,nsubj,False,"[Illustration] It was the second week in May, in which the three young ladies set out together from Gracechurch Street for the town of ----, in Hertfo"
lydia,add,female,name,nsubj,False,"“And we mean to treat you all,” added Lydia; “but you must lend us the money, for we have just spent ours at the shop out there.”"
sister,abuse,female,role_noun,nsubj,False,"And when her sisters abused it as ugly, she added, with perfect unconcern, “Oh, but there were two or three much uglier in the shop; and when I have b"
she,add,female,pronoun,nsubj,False,"And when her sisters abused it as ugly, she added, with perfect unconcern, “Oh, but there were two or three much uglier in the shop; and when I have b"
elizabeth,cry,female,name,nsubj,False,"“Are they, indeed?” cried Elizabeth, with the greatest satisfaction."
elizabeth,think,female,name,nsubj,False,"“Yes,” thought Elizabeth; “_that_ would be a delightful scheme, indeed, and completely do for us at once."
lydia,say,female,name,nsubj,False,"“Now I have got some news for you,” said Lydia, as they sat down to table."
jane,look,female,name,nsubj,False,"Jane and Elizabeth looked at each other, and the waiter was told that he need not stay."
he,stay,male,pronoun,nsubj,False,"Jane and Elizabeth looked at each other, and the waiter was told that he need not stay."
lydia,laugh,female,name,nsubj,False,"Lydia laughed, and said,-- “Ay, that is just like your formality and discretion."
he,care,male,pronoun,nsubj,False,"You thought the waiter must not hear, as if he cared!"
he,hear,male,pronoun,nsubj,False,I dare say he often hears worse things said than I am going to say.
wickham,marry,male,name,nsubj,False,There is no danger of Wickham’s marrying Mary King--there’s for you!
she,go,female,pronoun,nsubjpass,True,She is gone down to her uncle at Liverpool; gone to stay.
elizabeth,add,female,name,nsubj,False,added Elizabeth; “safe from a connection imprudent as to fortune.”
she,like,female,pronoun,nsubj,False,"“She is a great fool for going away, if she liked him.”"
jane,say,female,name,nsubj,False,"“But I hope there is no strong attachment on either side,” said Jane."
he,care,male,pronoun,nsubj,False,"I will answer for it, he never cared three straws about her."
lydia,cry,female,name,nsubj,False,cried Lydia.
she,say,female,pronoun,nsubj,False,She says Lizzy had better have taken Mr. Collins; but _I_ do not think there would have been any fun in it.
she,ask,female,pronoun,nsubj,False,"and so she asked the two Harringtons to come: but Harriet was ill, and so Pen was forced to come by herself; and then, what do you think we did?"
he,look,male,pronoun,nsubj,False,"Not a soul knew of it, but Colonel and Mrs. Forster, and Kitty and me, except my aunt, for we were forced to borrow one of her gowns; and you cannot i"
man,suspect,male,role_noun,nsubj,False,"And _that_ made the men suspect something, and then they soon found out what was the matter.”"
elizabeth,listen,female,name,nsubj,False,"Elizabeth listened as little as she could, but there was no escaping the frequent mention of Wickham’s name."
bennet,rejoice,male,name,nsubj,False,"Mrs. Bennet rejoiced to see Jane in undiminished beauty; and more than once during dinner did Mr. Bennet say voluntarily to Elizabeth,---- “I am glad "
bennet,say,male,name,nsubj,False,"Mrs. Bennet rejoiced to see Jane in undiminished beauty; and more than once during dinner did Mr. Bennet say voluntarily to Elizabeth,---- “I am glad "
lydia,enumerate,female,name,nsubj,False,"Their party in the dining-room was large, for almost all the Lucases came to meet Maria and hear the news; and various were the subjects which occupie"
mary,say,female,name,nsubj,False,"“Oh, Mary,” said she, “I wish you had gone with us, for we had such fun!"
she,say,female,pronoun,nsubj,False,"“Oh, Mary,” said she, “I wish you had gone with us, for we had such fun!"
mary,reply,female,name,nsubj,False,"To this, Mary very gravely replied, “Far be it from me, my dear sister, to depreciate such pleasures."
she,listen,female,pronoun,nsubj,False,"She seldom listened to anybody for more than half a minute, and never attended to Mary at all."
elizabeth,oppose,female,name,nsubj,False,"In the afternoon Lydia was urgent with the rest of the girls to walk to Meryton, and see how everybody went on; but Elizabeth steadily opposed the sch"
she,dread,female,pronoun,nsubj,False,"She dreaded seeing Wickham again, and was resolved to avoid it as long as possible."
she,hope,female,pronoun,nsubj,False,"In a fortnight they were to go, and once gone, she hoped there could be nothing more to plague her on his account."
she,find,female,pronoun,nsubj,False,"She had not been many hours at home, before she found that the Brighton scheme, of which Lydia had given them a hint at the inn, was under frequent di"
lydia,give,female,name,nsubj,False,"She had not been many hours at home, before she found that the Brighton scheme, of which Lydia had given them a hint at the inn, was under frequent di"
elizabeth,see,female,name,nsubj,False,"Elizabeth saw directly that her father had not the smallest intention of yielding; but his answers were at the same time so vague and equivocal, that "
father,have,male,role_noun,nsubj,False,"Elizabeth saw directly that her father had not the smallest intention of yielding; but his answers were at the same time so vague and equivocal, that "
mother,despair,female,role_noun,nsubj,False,"Elizabeth saw directly that her father had not the smallest intention of yielding; but his answers were at the same time so vague and equivocal, that "
sister,concern,female,role_noun,nsubjpass,True,[Illustration] Elizabeth’s impatience to acquaint Jane with what had happened could no longer be overcome; and at length resolving to suppress every p
she,relate,female,pronoun,nsubj,False,[Illustration] Elizabeth’s impatience to acquaint Jane with what had happened could no longer be overcome; and at length resolving to suppress every p
darcy,deliver,male,name,nsubj,False,She was sorry that Mr. Darcy should have delivered his sentiments in a manner so little suited to recommend them; but still more was she grieved for t
she,grieve,female,pronoun,nsubjpass,True,She was sorry that Mr. Darcy should have delivered his sentiments in a manner so little suited to recommend them; but still more was she grieved for t
she,say,female,pronoun,nsubj,False,"“His being so sure of succeeding was wrong,” said she, “and certainly ought not to have appeared; but consider how much it must increase his disappoin"
elizabeth,reply,female,name,nsubj,False,"“Indeed,” replied Elizabeth, “I am heartily sorry for him; but he has other feelings which will probably soon drive away his regard for me."
he,have,male,pronoun,nsubj,False,"“Indeed,” replied Elizabeth, “I am heartily sorry for him; but he has other feelings which will probably soon drive away his regard for me."
she,speak,female,pronoun,nsubj,False,"She then spoke of the letter, repeating the whole of its contents as far as they concerned George Wickham."
she,labour,female,pronoun,nsubj,False,"Most earnestly did she labour to prove the probability of error, and seek to clear one, without involving the other."
elizabeth,say,female,name,nsubj,False,"“This will not do,” said Elizabeth; “you never will be able to make both of them good for anything."
she,say,female,pronoun,nsubj,False,"“I do not know when I have been more shocked,” said she."
he,suffer,male,pronoun,nsubj,False,"dear Lizzy, only consider what he must have suffered."
jane,say,female,name,nsubj,False,"And with no one to speak to of what I felt, no Jane to comfort me, and say that I had not been so very weak, and vain, and nonsensical, as I knew I ha"
bennet,pause,male,name,nsubj,False,"Miss Bennet paused a little, and then replied, “Surely there can be no occasion for exposing him so dreadfully."
darcy,authorize,male,name,nsubj,False,Mr. Darcy has not authorized me to make his communication public.
wickham,go,male,name,nsubjpass,True,"Wickham will soon be gone; and, therefore, it will not signify to anybody here what he really is."
he,do,male,pronoun,nsubj,False,"He is now, perhaps, sorry for what he has done, and anxious to re-establish a character."
she,rid,female,pronoun,nsubjpass,True,"She had got rid of two of the secrets which had weighed on her for a fortnight, and was certain of a willing listener in Jane, whenever she might wish"
she,wish,female,pronoun,nsubj,False,"She had got rid of two of the secrets which had weighed on her for a fortnight, and was certain of a willing listener in Jane, whenever she might wish"
she,relate,female,pronoun,nsubj,False,"She dared not relate the other half of Mr. Darcy’s letter, nor explain to her sister how sincerely she had been valued by his friend."
she,value,female,pronoun,nsubjpass,True,"She dared not relate the other half of Mr. Darcy’s letter, nor explain to her sister how sincerely she had been valued by his friend."
she,say,female,pronoun,nsubj,False,"“And then,” said she, “if that very improbable event should ever take place, I shall merely be able to tell what Bingley may tell in a much more agree"
bingley,tell,male,name,nsubj,False,"“And then,” said she, “if that very improbable event should ever take place, I shall merely be able to tell what Bingley may tell in a much more agree"
she,cherish,female,pronoun,nsubj,False,She still cherished a very tender affection for Bingley.
she,value,female,pronoun,nsubj,False,"Having never even fancied herself in love before, her regard had all the warmth of first attachment, and from her age and disposition, greater steadin"
bennet,say,male,name,nsubj,False,"“Well, Lizzy,” said Mrs. Bennet, one day, “what is your opinion _now_ of this sad business of Jane’s?"
jane,see,female,name,nsubj,False,But I cannot find out that Jane saw anything of him in London.
she,get,female,pronoun,nsubj,False,"Well, he is a very undeserving young man--and I do not suppose there is the least chance in the world of her ever getting him now."
his,come,male,pronoun,nsubj,False,"There is no talk of his coming to Netherfield again in the summer; and I have inquired of everybody, too, who is likely to know.”"
he,live,male,pronoun,nsubj,False,“I do not believe that he will ever live at Netherfield any more.”
he,choose,male,pronoun,nsubj,False,it is just as he chooses.
he,come,male,pronoun,nsubj,False,"Nobody wants him to come; though I shall always say that he used my daughter extremely ill; and, if I was her, I would not have put up with it."
he,use,male,pronoun,nsubj,False,"Nobody wants him to come; though I shall always say that he used my daughter extremely ill; and, if I was her, I would not have put up with it."
jane,die,female,name,nsubj,False,"Well, my comfort is, I am sure Jane will die of a broken heart, and then he will be sorry for what he has done.”"
he,do,male,pronoun,nsubj,False,"Well, my comfort is, I am sure Jane will die of a broken heart, and then he will be sorry for what he has done.”"
elizabeth,receive,female,name,nsubj,False,But as Elizabeth could not receive comfort from any such expectation she made no answer.
she,make,female,pronoun,nsubj,False,But as Elizabeth could not receive comfort from any such expectation she made no answer.
she,save,female,pronoun,nsubj,False,"If she is half as sharp as her mother, she is saving enough."
lady,droop,female,role_noun,nsubj,False,"It was the last of the regiment’s stay in Meryton, and all the young ladies in the neighbourhood were drooping apace."
mother,share,female,role_noun,nsubj,False,Their affectionate mother shared all their grief; she remembered what she had herself endured on a similar occasion five-and-twenty years ago.
she,remember,female,pronoun,nsubj,False,Their affectionate mother shared all their grief; she remembered what she had herself endured on a similar occasion five-and-twenty years ago.
she,have,female,pronoun,nsubj,False,Their affectionate mother shared all their grief; she remembered what she had herself endured on a similar occasion five-and-twenty years ago.
herself,endure,female,pronoun,nsubj,False,Their affectionate mother shared all their grief; she remembered what she had herself endured on a similar occasion five-and-twenty years ago.
she,say,female,pronoun,nsubj,False,"“I am sure,” said she, “I cried for two days together when Colonel Miller’s regiment went away."
lydia,say,female,name,nsubj,False,"“I am sure I shall break _mine_,” said Lydia."
bennet,observe,male,name,nsubj,False,observed Mrs. Bennet.
kitty,add,female,name,nsubj,False,"“And my aunt Philips is sure it would do _me_ a great deal of good,” added Kitty."
elizabeth,try,female,name,nsubj,False,Elizabeth tried to be diverted by them; but all sense of pleasure was lost in shame.
she,feel,female,pronoun,nsubj,False,She felt anew the justice of Mr. Darcy’s objections; and never had she before been so much disposed to pardon his interference in the views of his fri
she,receive,female,pronoun,nsubj,False,"But the gloom of Lydia’s prospect was shortly cleared away; for she received an invitation from Mrs. Forster, the wife of the colonel of the regiment,"
lydia,fly,female,name,nsubj,False,"Wholly inattentive to her sister’s feelings, Lydia flew about the house in restless ecstasy, calling for everyone’s congratulations, and laughing and "
kitty,continue,female,name,nsubj,False,"Wholly inattentive to her sister’s feelings, Lydia flew about the house in restless ecstasy, calling for everyone’s congratulations, and laughing and "
she,say,female,pronoun,nsubj,False,"“I cannot see why Mrs. Forster should not ask _me_ as well as Lydia,” said she, “though I am _not_ her particular friend."
she,have,female,pronoun,nsubj,False,"I have just as much right to be asked as she has, and more too, for I am two years older.”"
elizabeth,attempt,female,name,nsubj,False,"In vain did Elizabeth attempt to make her reasonable, and Jane to make her resigned."
she,resign,female,pronoun,nsubj,False,"In vain did Elizabeth attempt to make her reasonable, and Jane to make her resigned."
she,consider,female,pronoun,nsubj,False,"As for Elizabeth herself, this invitation was so far from exciting in her the same feelings as in her mother and Lydia, that she considered it as the "
she,help,female,pronoun,nsubj,False,"As for Elizabeth herself, this invitation was so far from exciting in her the same feelings as in her mother and Lydia, that she considered it as the "
she,go,female,pronoun,nsubj,False,"As for Elizabeth herself, this invitation was so far from exciting in her the same feelings as in her mother and Lydia, that she considered it as the "
she,represent,female,pronoun,nsubj,False,"She represented to him all the improprieties of Lydia’s general behaviour, the little advantage she could derive from the friendship of such a woman a"
she,derive,female,pronoun,nsubj,False,"She represented to him all the improprieties of Lydia’s general behaviour, the little advantage she could derive from the friendship of such a woman a"
he,hear,male,pronoun,nsubj,False,"He heard her attentively, and then said,-- “Lydia will never be easy till she has exposed herself in some public place or other, and we can never expe"
she,expose,female,pronoun,nsubj,False,"He heard her attentively, and then said,-- “Lydia will never be easy till she has exposed herself in some public place or other, and we can never expe"
she,do,female,pronoun,nsubj,False,"He heard her attentively, and then said,-- “Lydia will never be easy till she has exposed herself in some public place or other, and we can never expe"
elizabeth,say,female,name,nsubj,False,"“If you were aware,” said Elizabeth, “of the very great disadvantage to us all, which must arise from the public notice of Lydia’s unguarded and impru"
bennet,repeat,male,name,nsubj,False,repeated Mr. Bennet.
she,frighten,female,pronoun,nsubj,False,“What! has she frightened away some of your lovers?
kitty,comprehend,female,name,nsubjpass,True,In this danger Kitty is also comprehended.
she,follow,female,pronoun,nsubj,False,She will follow wherever Lydia leads.
lydia,lead,female,name,nsubj,False,She will follow wherever Lydia leads.
sister,involve,female,role_noun,nsubjpass,True,"Oh, my dear father, can you suppose it possible that they will not be censured and despised wherever they are known, and that their sisters will not b"
bennet,see,male,name,nsubj,False,"Mr. Bennet saw that her whole heart was in the subject; and, affectionately taking her hand, said, in reply,-- “Do not make yourself uneasy, my love."
lydia,go,female,name,nsubj,False,We shall have no peace at Longbourn if Lydia does not go to Brighton.
she,go,female,pronoun,nsubj,False,"Let her go, then."
she,grow,female,pronoun,nsubj,False,"At any rate, she cannot grow many degrees worse, without authorizing us to lock her up for the rest of her life.”"
elizabeth,force,female,name,nsubjpass,True,"With this answer Elizabeth was forced to be content; but her own opinion continued the same, and she left him disappointed and sorry."
she,leave,female,pronoun,nsubj,False,"With this answer Elizabeth was forced to be content; but her own opinion continued the same, and she left him disappointed and sorry."
lydia,know,female,name,nsubj,False,"Had Lydia and her mother known the substance of her conference with her father, their indignation would hardly have found expression in their united v"
she,see,female,pronoun,nsubj,False,"She saw, with the creative eye of fancy, the streets of that gay bathing-place covered with officers."
she,see,female,pronoun,nsubj,False,She saw herself the object of attention to tens and to scores of them at present unknown.
she,see,female,pronoun,nsubj,False,"She saw all the glories of the camp: its tents stretched forth in beauteous uniformity of lines, crowded with the young and the gay, and dazzling with"
she,see,female,pronoun,nsubj,False,"She saw all the glories of the camp: its tents stretched forth in beauteous uniformity of lines, crowded with the young and the gay, and dazzling with"
herself,seat,female,pronoun,nsubj,False,"She saw all the glories of the camp: its tents stretched forth in beauteous uniformity of lines, crowded with the young and the gay, and dazzling with"
she,know,female,pronoun,nsubj,False,[Illustration: “Tenderly flirting” [_Copyright 1894 by George Allen._]] Had she known that her sister sought to tear her from such prospects and such 
sister,seek,female,role_noun,nsubj,False,[Illustration: “Tenderly flirting” [_Copyright 1894 by George Allen._]] Had she known that her sister sought to tear her from such prospects and such 
lydia,go,female,name,nsubj,False,Lydia’s going to Brighton was all that consoled her for the melancholy conviction of her husband’s never intending to go there himself.
she,learn,female,pronoun,nsubj,False,"She had even learnt to detect, in the very gentleness which had first delighted her, an affectation and a sameness to disgust and weary."
she,have,female,pronoun,nsubj,False,"In his present behaviour to herself, moreover, she had a fresh source of displeasure; for the inclination he soon testified of renewing those attentio"
he,testify,male,pronoun,nsubj,False,"In his present behaviour to herself, moreover, she had a fresh source of displeasure; for the inclination he soon testified of renewing those attentio"
she,lose,female,pronoun,nsubj,False,"She lost all concern for him in finding herself thus selected as the object of such idle and frivolous gallantry; and while she steadily repressed it,"
herself,select,female,pronoun,nsubj,False,"She lost all concern for him in finding herself thus selected as the object of such idle and frivolous gallantry; and while she steadily repressed it,"
she,repress,female,pronoun,nsubj,False,"She lost all concern for him in finding herself thus selected as the object of such idle and frivolous gallantry; and while she steadily repressed it,"
he,dine,male,pronoun,nsubj,False,"On the very last day of the regiment’s remaining in Meryton, he dined, with others of the officers, at Longbourn; and so little was Elizabeth disposed"
elizabeth,dispose,female,name,nsubj,False,"On the very last day of the regiment’s remaining in Meryton, he dined, with others of the officers, at Longbourn; and so little was Elizabeth disposed"
his,make,male,pronoun,nsubj,False,"On the very last day of the regiment’s remaining in Meryton, he dined, with others of the officers, at Longbourn; and so little was Elizabeth disposed"
she,mention,female,pronoun,nsubj,False,"On the very last day of the regiment’s remaining in Meryton, he dined, with others of the officers, at Longbourn; and so little was Elizabeth disposed"
he,acquaint,male,pronoun,nsubjpass,True,"On the very last day of the regiment’s remaining in Meryton, he dined, with others of the officers, at Longbourn; and so little was Elizabeth disposed"
he,look,male,pronoun,nsubj,False,"He looked surprised, displeased, alarmed; but, with a moment’s recollection, and a returning smile, replied, that he had formerly seen him often; and,"
he,see,male,pronoun,nsubj,False,"He looked surprised, displeased, alarmed; but, with a moment’s recollection, and a returning smile, replied, that he had formerly seen him often; and,"
she,like,female,pronoun,nsubj,False,"He looked surprised, displeased, alarmed; but, with a moment’s recollection, and a returning smile, replied, that he had formerly seen him often; and,"
he,add,male,pronoun,nsubj,False,"With an air of indifference, he soon afterwards added, “How long did you say that he was at Rosings?”"
darcy,improve,male,name,nsubj,False,"“Yes, very different; but I think Mr. Darcy improves on acquaintance.”"
wickham,cry,male,name,nsubj,False,"“Indeed!” cried Wickham, with a look which did not escape her."
he,add,male,pronoun,nsubj,False,"“And pray may I ask--” but checking himself, he added, in a gayer tone, “Is it in address that he improves?"
he,improve,male,pronoun,nsubj,False,"“And pray may I ask--” but checking himself, he added, in a gayer tone, “Is it in address that he improves?"
he,deign,male,pronoun,nsubj,False,Has he deigned to add aught of civility to his ordinary style?
he,continue,male,pronoun,nsubj,False,"for I dare not hope,” he continued, in a lower and more serious tone, “that he is improved in essentials.”"
he,improve,male,pronoun,nsubjpass,True,"for I dare not hope,” he continued, in a lower and more serious tone, “that he is improved in essentials.”"
elizabeth,say,female,name,nsubj,False,"“Oh, no!” said Elizabeth."
she,speak,female,pronoun,nsubj,False,"While she spoke, Wickham looked as if scarcely knowing whether to rejoice over her words or to distrust their meaning."
wickham,look,male,name,nsubj,False,"While she spoke, Wickham looked as if scarcely knowing whether to rejoice over her words or to distrust their meaning."
he,listen,male,pronoun,nsubj,False,"There was a something in her countenance which made him listen with an apprehensive and anxious attention, while she added,-- “When I said that he imp"
she,"added,--",female,pronoun,nsubj,False,"There was a something in her countenance which made him listen with an apprehensive and anxious attention, while she added,-- “When I said that he imp"
he,improve,male,pronoun,nsubj,False,"There was a something in her countenance which made him listen with an apprehensive and anxious attention, while she added,-- “When I said that he imp"
he,turn,male,pronoun,nsubj,False,"Wickham’s alarm now appeared in a heightened complexion and agitated look; for a few minutes he was silent; till, shaking off his embarrassment, he tu"
he,stand,male,pronoun,nsubj,False,"I only fear that the sort of cautiousness to which you, I imagine, have been alluding, is merely adopted on his visits to his aunt, of whose good opin"
he,have,male,pronoun,nsubj,False,"His fear of her has always operated, I know, when they were together; and a good deal is to be imputed to his wish of forwarding the match with Miss d"
elizabeth,repress,female,name,nsubj,False,"Elizabeth could not repress a smile at this, but she answered only by a slight inclination of the head."
she,answer,female,pronoun,nsubj,False,"Elizabeth could not repress a smile at this, but she answered only by a slight inclination of the head."
she,see,female,pronoun,nsubj,False,"She saw that he wanted to engage her on the old subject of his grievances, and she was in no humour to indulge him."
he,want,male,pronoun,nsubj,False,"She saw that he wanted to engage her on the old subject of his grievances, and she was in no humour to indulge him."
lydia,return,female,name,nsubj,False,"When the party broke up, Lydia returned with Mrs. Forster to Meryton, from whence they were to set out early the next morning."
she,weep,female,pronoun,nsubj,False,Kitty was the only one who shed tears; but she did weep from vexation and envy.
she,miss,female,pronoun,nsubj,False,"Mrs. Bennet was diffuse in her good wishes for the felicity of her daughter, and impressive in her injunctions that she would not miss the opportunity"
she,form,female,pronoun,nsubj,False,"[Illustration] Had Elizabeth’s opinion been all drawn from her own family, she could not have formed a very pleasing picture of conjugal felicity or d"
father,marry,male,role_noun,nsubj,False,"Her father, captivated by youth and beauty, and that appearance of good-humour which youth and beauty generally give, had married a woman whose weak u"
man,owe,male,role_noun,nsubj,False,"This is not the sort of happiness which a man would in general wish to owe to his wife; but where other powers of entertainment are wanting, the true "
she,see,female,pronoun,nsubj,False,"She had always seen it with pain; but respecting his abilities, and grateful for his affectionate treatment of herself, she endeavoured to forget what"
she,endeavour,female,pronoun,nsubj,False,"She had always seen it with pain; but respecting his abilities, and grateful for his affectionate treatment of herself, she endeavoured to forget what"
she,overlook,female,pronoun,nsubj,False,"She had always seen it with pain; but respecting his abilities, and grateful for his affectionate treatment of herself, she endeavoured to forget what"
she,feel,female,pronoun,nsubj,False,"But she had never felt so strongly as now the disadvantages which must attend the children of so unsuitable a marriage, nor ever been so fully aware o"
elizabeth,rejoice,female,name,nsubj,False,"When Elizabeth had rejoiced over Wickham’s departure, she found little other cause for satisfaction in the loss of the regiment."
she,find,female,pronoun,nsubj,False,"When Elizabeth had rejoiced over Wickham’s departure, she found little other cause for satisfaction in the loss of the regiment."
she,have,female,pronoun,nsubj,False,"Their parties abroad were less varied than before; and at home she had a mother and sister, whose constant repinings at the dulness of everything arou"
kitty,regain,female,name,nsubj,False,"Their parties abroad were less varied than before; and at home she had a mother and sister, whose constant repinings at the dulness of everything arou"
she,find,female,pronoun,nsubj,False,"Upon the whole, therefore, she found, what has been sometimes found before, that an event to which she had looked forward with impatient desire, did n"
she,look,female,pronoun,nsubj,False,"Upon the whole, therefore, she found, what has been sometimes found before, that an event to which she had looked forward with impatient desire, did n"
she,promise,female,pronoun,nsubj,False,"Upon the whole, therefore, she found, what has been sometimes found before, that an event to which she had looked forward with impatient desire, did n"
she,include,female,pronoun,nsubj,False,Her tour to the Lakes was now the object of her happiest thoughts: it was her best consolation for all the uncomfortable hours which the discontentedn
she,think,female,pronoun,nsubj,False,"“But it is fortunate,” thought she, “that I have something to wish for."
lydia,go,female,name,nsubj,False,"When Lydia went away she promised to write very often and very minutely to her mother and Kitty; but her letters were always long expected, and always"
she,promise,female,pronoun,nsubj,False,"When Lydia went away she promised to write very often and very minutely to her mother and Kitty; but her letters were always long expected, and always"
she,see,female,pronoun,nsubj,False,"Those to her mother contained little else than that they were just returned from the library, where such and such officers had attended them, and wher"
she,have,female,pronoun,nsubj,False,"Those to her mother contained little else than that they were just returned from the library, where such and such officers had attended them, and wher"
she,describe,female,pronoun,nsubj,False,"Those to her mother contained little else than that they were just returned from the library, where such and such officers had attended them, and wher"
bennet,restore,male,name,nsubjpass,True,Mrs. Bennet was restored to her usual querulous serenity; and by the middle of June Kitty was so much recovered as to be able to enter Meryton without
she,pass,female,pronoun,nsubj,False,"The town where she had formerly passed some years of her life, and where they were now to spend a few days, was probably as great an object of her cur"
she,set,female,pronoun,nsubj,False,Elizabeth was excessively disappointed: she had set her heart on seeing the Lakes; and still thought there might have been time enough.
she,see,female,pronoun,nsubj,False,It was impossible for her to see the word without thinking of Pemberley and its owner.
she,say,female,pronoun,nsubj,False,"“But surely,” said she, “I may enter his county with impunity, and rob it of a few petrified spars, without his perceiving me.”"
his,perceive,male,pronoun,nsubj,False,"“But surely,” said she, “I may enter his county with impunity, and rob it of a few petrified spars, without his perceiving me.”"
she,learn,female,pronoun,nsubj,False,"To the little town of Lambton, the scene of Mrs. Gardiner’s former residence, and where she had lately learned that some acquaintance still remained, "
elizabeth,find,female,name,nsubj,False,"To the little town of Lambton, the scene of Mrs. Gardiner’s former residence, and where she had lately learned that some acquaintance still remained, "
elizabeth,apply,female,name,nsubjpass,True,"Mr. Gardiner declared his willingness, and Elizabeth was applied to for her approbation."
wickham,pass,male,name,nsubj,False,"Wickham passed all his youth there, you know.”"
she,feel,female,pronoun,nsubj,False,"She felt that she had no business at Pemberley, and was obliged to assume a disinclination for seeing it."
she,have,female,pronoun,nsubj,False,"She felt that she had no business at Pemberley, and was obliged to assume a disinclination for seeing it."
she,own,female,pronoun,nsubj,False,"She must own that she was tired of great houses: after going over so many, she really had no pleasure in fine carpets or satin curtains."
she,have,female,pronoun,nsubj,False,"She must own that she was tired of great houses: after going over so many, she really had no pleasure in fine carpets or satin curtains."
she,say,female,pronoun,nsubj,False,"“If it were merely a fine house richly furnished,” said she, “I should not care about it myself; but the grounds are delightful."
elizabeth,say,female,name,nsubj,False,Elizabeth said no more; but her mind could not acquiesce.
she,blush,female,pronoun,nsubj,False,"She blushed at the very idea; and thought it would be better to speak openly to her aunt, than to run such a risk."
she,resolve,female,pronoun,nsubj,False,"But against this there were objections; and she finally resolved that it could be the last resource, if her private inquiries as to the absence of the"
she,retire,female,pronoun,nsubj,False,"Accordingly, when she retired at night, she asked the chambermaid whether Pemberley were not a very fine place, what was the name of its proprietor, a"
she,ask,female,pronoun,nsubj,False,"Accordingly, when she retired at night, she asked the chambermaid whether Pemberley were not a very fine place, what was the name of its proprietor, a"
she,apply,female,pronoun,nsubjpass,True,"A most welcome negative followed the last question; and her alarms being now removed, she was at leisure to feel a great deal of curiosity to see the "
she,see,female,pronoun,nsubj,False,"Elizabeth’s mind was too full for conversation, but she saw and admired every remarkable spot and point of view."
she,see,female,pronoun,nsubj,False,"She had never seen a place for which nature had done more, or where natural beauty had been so little counteracted by an awkward taste."
she,feel,female,pronoun,nsubj,False,They were all of them warm in their admiration; and at that moment she felt that to be mistress of Pemberley might be something!
she,dread,female,pronoun,nsubj,False,She dreaded lest the chambermaid had been mistaken.
elizabeth,have,female,name,nsubj,False,"On applying to see the place, they were admitted into the hall; and Elizabeth, as they waited for the housekeeper, had leisure to wonder at her being "
she,have,female,pronoun,nsubj,False,"The housekeeper came; a respectable looking elderly woman, much less fine, and more civil, than she had any notion of finding her."
elizabeth,go,female,name,nsubj,False,"Elizabeth, after slightly surveying it, went to a window to enjoy its prospect."
she,look,female,pronoun,nsubj,False,"Every disposition of the ground was good; and she looked on the whole scene, the river, the trees scattered on its banks, and the winding of the valle"
she,trace,female,pronoun,nsubj,False,"Every disposition of the ground was good; and she looked on the whole scene, the river, the trees scattered on its banks, and the winding of the valle"
elizabeth,see,female,name,nsubj,False,"The rooms were lofty and handsome, and their furniture suitable to the fortune of their proprietor; but Elizabeth saw, with admiration of his taste, t"
she,think,female,pronoun,nsubj,False,"“And of this place,” thought she, “I might have been mistress!"
she,long,female,pronoun,nsubj,False,"She longed to inquire of the housekeeper whether her master were really absent, but had not courage for it."
she,turn,female,pronoun,nsubj,False,"At length, however, the question was asked by her uncle; and she turned away with alarm, while Mrs. Reynolds replied, that he was; adding, “But we exp"
she,approach,female,pronoun,nsubj,False,"She approached, and saw the likeness of Mr. Wickham, suspended, amongst several other miniatures, over the mantel-piece."
she,like,female,pronoun,nsubj,False,"Her aunt asked her, smilingly, how she liked it."
he,go,male,pronoun,nsubjpass,True,"“He is now gone into the army,” she added; “but I am afraid he has turned out very wild.”"
she,add,female,pronoun,nsubj,False,"“He is now gone into the army,” she added; “but I am afraid he has turned out very wild.”"
he,turn,male,pronoun,nsubj,False,"“He is now gone into the army,” she added; “but I am afraid he has turned out very wild.”"
elizabeth,return,female,name,nsubj,False,"Mrs. Gardiner looked at her niece with a smile, but Elizabeth could not return it."
she,know,female,pronoun,nsubj,False,Mrs. Reynolds’ respect for Elizabeth seemed to increase on this intimation of her knowing her master.
lady,know,female,role_noun,nsubj,False,“Does that young lady know Mr. Darcy?”
darcy,know,male,name,nsubj,False,“Does that young lady know Mr. Darcy?”
elizabeth,colour,female,name,nsubj,False,"Elizabeth coloured, and said, “A little.”"
she,play,female,pronoun,nsubj,False,She plays and sings all day long.
she,come,female,pronoun,nsubj,False,In the next room is a new instrument just come down for her--a present from my master: she comes here to-morrow with him.”
he,spend,male,pronoun,nsubj,False,but I dare say he may spend half his time here; and Miss Darcy is always down for the summer months.”
elizabeth,think,female,name,nsubj,False,"“Except,” thought Elizabeth, “when she goes to Ramsgate.”"
she,go,female,pronoun,nsubj,False,"“Except,” thought Elizabeth, “when she goes to Ramsgate.”"
elizabeth,help,female,name,nsubj,False,"Elizabeth could not help saying, “It is very much to his credit, I am sure, that you should think so.”"
elizabeth,think,female,name,nsubj,False,"Elizabeth thought this was going pretty far; and she listened with increasing astonishment as the housekeeper added, “I have never had a cross word fr"
she,listen,female,pronoun,nsubj,False,"Elizabeth thought this was going pretty far; and she listened with increasing astonishment as the housekeeper added, “I have never had a cross word fr"
she,long,female,pronoun,nsubj,False,"Her keenest attention was awakened: she longed to hear more; and was grateful to her uncle for saying,-- “There are very few people of whom so much ca"
elizabeth,stare,female,name,nsubj,False,Elizabeth almost stared at her.
she,think,female,pronoun,nsubj,False,“Can this be Mr. Darcy?” thought she.
elizabeth,listen,female,name,nsubj,False,"Elizabeth listened, wondered, doubted, and was impatient for more."
she,relate,female,pronoun,nsubj,False,"She related the subjects of the pictures, the dimensions of the rooms, and the price of the furniture in vain."
he,attribute,male,pronoun,nsubj,False,"Mr. Gardiner, highly amused by the kind of family prejudice, to which he attributed her excessive commendation of her master, soon led again to the su"
she,dwelt,female,pronoun,nsubj,False,"Mr. Gardiner, highly amused by the kind of family prejudice, to which he attributed her excessive commendation of her master, soon led again to the su"
she,say,female,pronoun,nsubj,False,"“He is the best landlord, and the best master,” said she, “that ever lived."
he,rattle,male,pronoun,nsubj,False,"To my fancy, it is only because he does not rattle away like other young men.”"
elizabeth,think,female,name,nsubj,False,“In what an amiable light does this place him!” thought Elizabeth.
elizabeth,say,female,name,nsubj,False,"“He is certainly a good brother,” said Elizabeth, as she walked towards one of the windows."
she,walk,female,pronoun,nsubj,False,"“He is certainly a good brother,” said Elizabeth, as she walked towards one of the windows."
she,enter,female,pronoun,nsubj,False,"Mrs. Reynolds anticipated Miss Darcy’s delight, when she should enter the room."
she,add,female,pronoun,nsubj,False,"“And this is always the way with him,” she added."
he,do,male,pronoun,nsubj,False,There is nothing he would not do for her.”
elizabeth,know,female,name,nsubj,False,"In the former were many good paintings: but Elizabeth knew nothing of the art; and from such as had been already visible below, she had willingly turn"
she,turn,female,pronoun,nsubj,False,"In the former were many good paintings: but Elizabeth knew nothing of the art; and from such as had been already visible below, she had willingly turn"
elizabeth,walk,female,name,nsubj,False,Elizabeth walked on in quest of the only face whose features would be known to her.
she,behold,female,pronoun,nsubj,False,"At last it arrested her--and she beheld a striking resemblance of Mr. Darcy, with such a smile over the face, as she remembered to have sometimes seen"
she,remember,female,pronoun,nsubj,False,"At last it arrested her--and she beheld a striking resemblance of Mr. Darcy, with such a smile over the face, as she remembered to have sometimes seen"
he,look,male,pronoun,nsubj,False,"At last it arrested her--and she beheld a striking resemblance of Mr. Darcy, with such a smile over the face, as she remembered to have sometimes seen"
she,stand,female,pronoun,nsubj,False,"She stood several minutes before the picture, in earnest contemplation, and returned to it again before they quitted the gallery."
she,feel,female,pronoun,nsubj,False,"There was certainly at this moment, in Elizabeth’s mind, a more gentle sensation towards the original than she had ever felt in the height of their ac"
she,consider,female,pronoun,nsubj,False,"As a brother, a landlord, a master, she considered how many people’s happiness were in his guardianship!"
she,stand,female,pronoun,nsubj,False,"Every idea that had been brought forward by the housekeeper was favourable to his character; and as she stood before the canvas, on which he was repre"
he,represent,male,pronoun,nsubjpass,True,"Every idea that had been brought forward by the housekeeper was favourable to his character; and as she stood before the canvas, on which he was repre"
she,think,female,pronoun,nsubj,False,"Every idea that had been brought forward by the housekeeper was favourable to his character; and as she stood before the canvas, on which he was repre"
she,remember,female,pronoun,nsubj,False,"Every idea that had been brought forward by the housekeeper was favourable to his character; and as she stood before the canvas, on which he was repre"
elizabeth,turn,female,name,nsubj,False,"As they walked across the lawn towards the river, Elizabeth turned back to look again; her uncle and aunt stopped also; and while the former was conje"
he,start,male,pronoun,nsubj,False,"He absolutely started, and for a moment seemed immovable from surprise; but shortly recovering himself, advanced towards the party, and spoke to Eliza"
she,turn,female,pronoun,nsubj,False,"She had instinctively turned away; but stopping on his approach, received his compliments with an embarrassment impossible to be overcome."
he,talk,male,pronoun,nsubj,False,"They stood a little aloof while he was talking to their niece, who, astonished and confused, scarcely dared lift her eyes to his face, and knew not wh"
she,return,female,pronoun,nsubj,False,"They stood a little aloof while he was talking to their niece, who, astonished and confused, scarcely dared lift her eyes to his face, and knew not wh"
he,utter,male,pronoun,nsubj,False,"Amazed at the alteration of his manner since they last parted, every sentence that he uttered was increasing her embarrassment; and every idea of the "
her,find,female,pronoun,nsubjpass,True,"Amazed at the alteration of his manner since they last parted, every sentence that he uttered was increasing her embarrassment; and every idea of the "
he,seem,male,pronoun,nsubj,False,"Nor did he seem much more at ease; when he spoke, his accent had none of its usual sedateness; and he repeated his inquiries as to the time of her hav"
he,speak,male,pronoun,nsubj,False,"Nor did he seem much more at ease; when he spoke, his accent had none of its usual sedateness; and he repeated his inquiries as to the time of her hav"
he,repeat,male,pronoun,nsubj,False,"Nor did he seem much more at ease; when he spoke, his accent had none of its usual sedateness; and he repeated his inquiries as to the time of her hav"
she,leave,female,pronoun,nsubj,False,"Nor did he seem much more at ease; when he spoke, his accent had none of its usual sedateness; and he repeated his inquiries as to the time of her hav"
he,recollect,male,pronoun,nsubj,False,"At length, every idea seemed to fail him; and after standing a few moments without saying a word, he suddenly recollected himself, and took leave."
elizabeth,hear,female,name,nsubj,False,"The others then joined her, and expressed their admiration of his figure; but Elizabeth heard not a word, and, wholly engrossed by her own feelings, f"
she,overpower,female,pronoun,nsubjpass,True,She was overpowered by shame and vexation.
her,come,female,pronoun,nsubj,False,"Her coming there was the most unfortunate, the most ill-judged thing in the world!"
she,throw,female,pronoun,nsubj,False,It might seem as if she had purposely thrown herself in his way again!
she,come,female,pronoun,nsubj,False,why did she come?
he,come,male,pronoun,nsubj,False,"or, why did he thus come a day before he was expected?"
he,expect,male,pronoun,nsubjpass,True,"or, why did he thus come a day before he was expected?"
she,blush,female,pronoun,nsubj,False,She blushed again and again over the perverseness of the meeting.
he,speak,male,pronoun,nsubj,False,"That he should even speak to her was amazing!--but to speak with such civility, to inquire after her family!"
she,see,female,pronoun,nsubj,False,"Never in her life had she seen his manners so little dignified, never had he spoken with such gentleness as on this unexpected meeting."
he,speak,male,pronoun,nsubj,False,"Never in her life had she seen his manners so little dignified, never had he spoken with such gentleness as on this unexpected meeting."
he,put,male,pronoun,nsubj,False,"What a contrast did it offer to his last address in Rosings Park, when he put his letter into her hand!"
she,know,female,pronoun,nsubj,False,"She knew not what to think, or how to account for it."
she,answer,female,pronoun,nsubj,False,"They had now entered a beautiful walk by the side of the water, and every step was bringing forward a nobler fall of ground, or a finer reach of the w"
she,distinguish,female,pronoun,nsubj,False,"They had now entered a beautiful walk by the side of the water, and every step was bringing forward a nobler fall of ground, or a finer reach of the w"
she,long,female,pronoun,nsubj,False,"She longed to know what at that moment was passing in his mind; in what manner he thought of her, and whether, in defiance of everything, she was stil"
he,think,male,pronoun,nsubj,False,"She longed to know what at that moment was passing in his mind; in what manner he thought of her, and whether, in defiance of everything, she was stil"
he,feel,male,pronoun,nsubj,False,"Perhaps he had been civil only because he felt himself at ease; yet there had been _that_ in his voice, which was not like ease."
he,feel,male,pronoun,nsubj,False,"Whether he had felt more of pain or of pleasure in seeing her, she could not tell, but he certainly had not seen her with composure."
she,tell,female,pronoun,nsubj,False,"Whether he had felt more of pain or of pleasure in seeing her, she could not tell, but he certainly had not seen her with composure."
he,see,male,pronoun,nsubj,False,"Whether he had felt more of pain or of pleasure in seeing her, she could not tell, but he certainly had not seen her with composure."
she,feel,female,pronoun,nsubj,False,"At length, however, the remarks of her companions on her absence of mind roused her, and she felt the necessity of appearing more like herself."
elizabeth,long,female,name,nsubj,False,"Elizabeth longed to explore its windings; but when they had crossed the bridge, and perceived their distance from the house, Mrs. Gardiner, who was no"
he,advance,male,pronoun,nsubj,False,"Her niece was, therefore, obliged to submit, and they took their way towards the house on the opposite side of the river, in the nearest direction; bu"
darcy,approach,male,name,nsubj,False,"Whilst wandering on in this slow manner, they were again surprised, and Elizabeth’s astonishment was quite equal to what it had been at first, by the "
he,intend,male,pronoun,nsubj,False,"Elizabeth, however astonished, was at least more prepared for an interview than before, and resolved to appear and to speak with calmness, if he reall"
she,feel,female,pronoun,nsubj,False,"For a few moments, indeed, she felt that he would probably strike into some other path."
he,strike,male,pronoun,nsubj,False,"For a few moments, indeed, she felt that he would probably strike into some other path."
she,see,female,pronoun,nsubj,False,"With a glance she saw that he had lost none of his recent civility; and, to imitate his politeness, she began as they met to admire the beauty of the "
he,lose,male,pronoun,nsubj,False,"With a glance she saw that he had lost none of his recent civility; and, to imitate his politeness, she began as they met to admire the beauty of the "
she,begin,female,pronoun,nsubj,False,"With a glance she saw that he had lost none of his recent civility; and, to imitate his politeness, she began as they met to admire the beauty of the "
she,get,female,pronoun,nsubj,False,"With a glance she saw that he had lost none of his recent civility; and, to imitate his politeness, she began as they met to admire the beauty of the "
she,fancy,female,pronoun,nsubj,False,"With a glance she saw that he had lost none of his recent civility; and, to imitate his politeness, she began as they met to admire the beauty of the "
she,say,female,pronoun,nsubj,False,"Her colour changed, and she said no more."
he,ask,male,pronoun,nsubj,False,"Mrs. Gardiner was standing a little behind; and on her pausing, he asked her if she would do him the honour of introducing him to her friends."
she,do,female,pronoun,nsubj,False,"Mrs. Gardiner was standing a little behind; and on her pausing, he asked her if she would do him the honour of introducing him to her friends."
she,suppress,female,pronoun,nsubj,False,This was a stroke of civility for which she was quite unprepared; and she could hardly suppress a smile at his being now seeking the acquaintance of s
she,think,female,pronoun,nsubj,False,"“What will be his surprise,” thought she, “when he knows who they are!"
he,know,male,pronoun,nsubj,False,"“What will be his surprise,” thought she, “when he knows who they are!"
he,take,male,pronoun,nsubj,False,He takes them now for people of fashion.”
she,name,female,pronoun,nsubj,False,"The introduction, however, was immediately made; and as she named their relationship to herself, she stole a sly look at him, to see how he bore it; a"
she,steal,female,pronoun,nsubj,False,"The introduction, however, was immediately made; and as she named their relationship to herself, she stole a sly look at him, to see how he bore it; a"
he,bear,male,pronoun,nsubj,False,"The introduction, however, was immediately made; and as she named their relationship to herself, she stole a sly look at him, to see how he bore it; a"
he,sustain,male,pronoun,nsubj,False,"That he was _surprised_ by the connection was evident: he sustained it, however, with fortitude: and, so far from going away, turned back with them, a"
he,know,male,pronoun,nsubj,False,It was consoling that he should know she had some relations for whom there was no need to blush.
she,have,female,pronoun,nsubj,False,It was consoling that he should know she had some relations for whom there was no need to blush.
she,listen,female,pronoun,nsubj,False,"She listened most attentively to all that passed between them, and gloried in every expression, every sentence of her uncle, which marked his intellig"
she,hear,female,pronoun,nsubj,False,"The conversation soon turned upon fishing; and she heard Mr. Darcy invite him, with the greatest civility, to fish there as often as he chose, while h"
darcy,invite,male,name,nsubj,False,"The conversation soon turned upon fishing; and she heard Mr. Darcy invite him, with the greatest civility, to fish there as often as he chose, while h"
he,choose,male,pronoun,nsubj,False,"The conversation soon turned upon fishing; and she heard Mr. Darcy invite him, with the greatest civility, to fish there as often as he chose, while h"
he,continue,male,pronoun,nsubj,False,"The conversation soon turned upon fishing; and she heard Mr. Darcy invite him, with the greatest civility, to fish there as often as he chose, while h"
elizabeth,say,female,name,nsubj,False,"Elizabeth said nothing, but it gratified her exceedingly; the compliment must be all for herself."
she,repeat,female,pronoun,nsubj,False,"Her astonishment, however, was extreme; and continually was she repeating, “Why is he so altered?"
he,alter,male,pronoun,nsubj,False,"Her astonishment, however, was extreme; and continually was she repeating, “Why is he so altered?"
he,love,male,pronoun,nsubj,False,It is impossible that he should still love me.”
lady,chance,female,role_noun,nsubj,False,"After walking some time in this way, the two ladies in front, the two gentlemen behind, on resuming their places, after descending to the brink of the"
darcy,take,male,name,nsubj,False,"Mr. Darcy took her place by her niece, and they walked on together."
lady,speak,female,role_noun,nsubj,False,After a short silence the lady first spoke.
she,wish,female,pronoun,nsubj,False,"She wished him to know that she had been assured of his absence before she came to the place, and accordingly began by observing, that his arrival had"
he,know,male,pronoun,nsubj,False,"She wished him to know that she had been assured of his absence before she came to the place, and accordingly began by observing, that his arrival had"
she,assure,female,pronoun,nsubjpass,True,"She wished him to know that she had been assured of his absence before she came to the place, and accordingly began by observing, that his arrival had"
she,come,female,pronoun,nsubj,False,"She wished him to know that she had been assured of his absence before she came to the place, and accordingly began by observing, that his arrival had"
she,add,female,pronoun,nsubj,False,"She wished him to know that she had been assured of his absence before she came to the place, and accordingly began by observing, that his arrival had"
he,acknowledge,male,pronoun,nsubj,False,He acknowledged the truth of it all; and said that business with his steward had occasioned his coming forward a few hours before the rest of the part
his,come,male,pronoun,nsubj,False,He acknowledged the truth of it all; and said that business with his steward had occasioned his coming forward a few hours before the rest of the part
he,travel,male,pronoun,nsubj,False,He acknowledged the truth of it all; and said that business with his steward had occasioned his coming forward a few hours before the rest of the part
he,continue,male,pronoun,nsubj,False,"“They will join me early to-morrow,” he continued, “and among them are some who will claim an acquaintance with you,--Mr."
elizabeth,answer,female,name,nsubj,False,Elizabeth answered only by a slight bow.
she,judge,female,pronoun,nsubj,False,Her thoughts were instantly driven back to the time when Mr. Bingley’s name had been last mentioned between them; and if she might judge from his comp
he,continue,male,pronoun,nsubj,False,"“There is also one other person in the party,” he continued after a pause, “who more particularly wishes to be known to you."
she,know,female,pronoun,nsubj,False,The surprise of such an application was great indeed; it was too great for her to know in what manner she acceded to it.
she,accede,female,pronoun,nsubj,False,The surprise of such an application was great indeed; it was too great for her to know in what manner she acceded to it.
she,feel,female,pronoun,nsubj,False,"She immediately felt that whatever desire Miss Darcy might have of being acquainted with her, must be the work of her brother, and without looking far"
he,think,male,pronoun,nsubj,False,"She immediately felt that whatever desire Miss Darcy might have of being acquainted with her, must be the work of her brother, and without looking far"
he,ask,male,pronoun,nsubj,False,"He then asked her to walk into the house--but she declared herself not tired, and they stood together on the lawn."
she,declare,female,pronoun,nsubj,False,"He then asked her to walk into the house--but she declared herself not tired, and they stood together on the lawn."
she,want,female,pronoun,nsubj,False,"She wanted to talk, but there seemed an embargo on every subject."
she,recollect,female,pronoun,nsubj,False,"At last she recollected that she had been travelling, and they talked of Matlock and Dovedale with great perseverance."
she,travel,female,pronoun,nsubj,False,"At last she recollected that she had been travelling, and they talked of Matlock and Dovedale with great perseverance."
darcy,hand,male,name,nsubj,False,"Mr. Darcy handed the ladies into the carriage; and when it drove off, Elizabeth saw him walking slowly towards the house."
elizabeth,see,female,name,nsubj,False,"Mr. Darcy handed the ladies into the carriage; and when it drove off, Elizabeth saw him walking slowly towards the house."
he,walk,male,pronoun,nsubj,False,"Mr. Darcy handed the ladies into the carriage; and when it drove off, Elizabeth saw him walking slowly towards the house."
he,have,male,pronoun,nsubj,False,"“To be sure, Lizzy,” said her aunt, “he is not so handsome as Wickham; or rather he has not Wickham’s countenance, for his features are perfectly good"
elizabeth,excuse,female,name,nsubj,False,"Elizabeth excused herself as well as she could: said that she had liked him better when they met in Kent than before, and that she had never seen him "
she,say,female,pronoun,nsubj,False,"Elizabeth excused herself as well as she could: said that she had liked him better when they met in Kent than before, and that she had never seen him "
she,like,female,pronoun,nsubj,False,"Elizabeth excused herself as well as she could: said that she had liked him better when they met in Kent than before, and that she had never seen him "
she,see,female,pronoun,nsubj,False,"Elizabeth excused herself as well as she could: said that she had liked him better when they met in Kent than before, and that she had never seen him "
he,change,male,pronoun,nsubj,False,"“Your great men often are; and therefore I shall not take him at his word about fishing, as he might change his mind another day, and warn me off his "
elizabeth,feel,female,name,nsubj,False,"Elizabeth felt that they had entirely mistaken his character, but said nothing."
he,behave,male,pronoun,nsubj,False,"“From what we have seen of him,” continued Mrs. Gardiner, “I really should not have thought that he could have behaved in so cruel a way by anybody as"
he,do,male,pronoun,nsubj,False,"“From what we have seen of him,” continued Mrs. Gardiner, “I really should not have thought that he could have behaved in so cruel a way by anybody as"
he,have,male,pronoun,nsubj,False,He has not an ill-natured look.
he,speak,male,pronoun,nsubj,False,"On the contrary, there is something pleasing about his mouth when he speaks."
lady,give,female,role_noun,nsubj,False,"But, to be sure, the good lady who showed us the house did give him a most flaming character!"
elizabeth,feel,female,name,nsubj,False,"Elizabeth here felt herself called on to say something in vindication of his behaviour to Wickham; and, therefore, gave them to understand, in as guar"
herself,call,female,pronoun,nsubj,False,"Elizabeth here felt herself called on to say something in vindication of his behaviour to Wickham; and, therefore, gave them to understand, in as guar"
she,hear,female,pronoun,nsubj,False,"Elizabeth here felt herself called on to say something in vindication of his behaviour to Wickham; and, therefore, gave them to understand, in as guar"
she,relate,female,pronoun,nsubj,False,"In confirmation of this, she related the particulars of all the pecuniary transactions in which they had been connected, without actually naming her a"
she,set,female,pronoun,nsubj,False,"Fatigued as she had been by the morning’s walk, they had no sooner dined than she set off again in quest of her former acquaintance, and the evening w"
she,do,female,pronoun,nsubj,False,The occurrences of the day were too full of interest to leave Elizabeth much attention for any of these new friends; and she could do nothing but thin
his,wish,male,pronoun,nsubj,False,The occurrences of the day were too full of interest to leave Elizabeth much attention for any of these new friends; and she could do nothing but thin
elizabeth,settle,female,name,nsubj,False,"[Illustration] Elizabeth had settled it that Mr. Darcy would bring his sister to visit her the very day after her reaching Pemberley; and was, consequ"
darcy,bring,male,name,nsubj,False,"[Illustration] Elizabeth had settled it that Mr. Darcy would bring his sister to visit her the very day after her reaching Pemberley; and was, consequ"
her,reach,female,pronoun,nsubj,False,"[Illustration] Elizabeth had settled it that Mr. Darcy would bring his sister to visit her the very day after her reaching Pemberley; and was, consequ"
elizabeth,guess,female,name,nsubj,False,"Elizabeth, immediately recognizing the livery, guessed what it meant, and imparted no small degree of surprise to her relations, by acquainting them w"
she,expect,female,pronoun,nsubj,False,"Elizabeth, immediately recognizing the livery, guessed what it meant, and imparted no small degree of surprise to her relations, by acquainting them w"
she,speak,female,pronoun,nsubj,False,"Her uncle and aunt were all amazement; and the embarrassment of her manner as she spoke, joined to the circumstance itself, and many of the circumstan"
she,dread,female,pronoun,nsubj,False,"She was quite amazed at her own discomposure; but, amongst other causes of disquiet, she dreaded lest the partiality of the brother should have said t"
she,suspect,female,pronoun,nsubj,False,"She was quite amazed at her own discomposure; but, amongst other causes of disquiet, she dreaded lest the partiality of the brother should have said t"
she,retreat,female,pronoun,nsubj,False,"She retreated from the window, fearful of being seen; and as she walked up and down the room, endeavouring to compose herself, saw such looks of inqui"
she,walk,female,pronoun,nsubj,False,"She retreated from the window, fearful of being seen; and as she walked up and down the room, endeavouring to compose herself, saw such looks of inqui"
darcy,appear,male,name,nsubj,False,"Miss Darcy and her brother appeared, and this formidable introduction took place."
elizabeth,see,female,name,nsubj,False,With astonishment did Elizabeth see that her new acquaintance was at least as much embarrassed as herself.
she,hear,female,pronoun,nsubj,False,"Since her being at Lambton, she had heard that Miss Darcy was exceedingly proud; but the observation of a very few minutes convinced her that she was "
she,find,female,pronoun,nsubj,False,She found it difficult to obtain even a word from her beyond a monosyllable.
darcy,tell,male,name,nsubj,False,They had not been long together before Darcy told her that Bingley was also coming to wait on her; and she had barely time to express her satisfaction
bingley,come,male,name,nsubj,False,They had not been long together before Darcy told her that Bingley was also coming to wait on her; and she had barely time to express her satisfaction
she,have,female,pronoun,nsubj,False,They had not been long together before Darcy told her that Bingley was also coming to wait on her; and she had barely time to express her satisfaction
he,enter,male,pronoun,nsubj,False,They had not been long together before Darcy told her that Bingley was also coming to wait on her; and she had barely time to express her satisfaction
she,feel,female,pronoun,nsubj,False,"All Elizabeth’s anger against him had been long done away; but had she still felt any, it could hardly have stood its ground against the unaffected co"
he,express,male,pronoun,nsubj,False,"All Elizabeth’s anger against him had been long done away; but had she still felt any, it could hardly have stood its ground against the unaffected co"
he,inquire,male,pronoun,nsubj,False,"He inquired in a friendly, though general, way, after her family, and looked and spoke with the same good-humoured ease that he had ever done."
he,do,male,pronoun,nsubj,False,"He inquired in a friendly, though general, way, after her family, and looked and spoke with the same good-humoured ease that he had ever done."
gentleman,overflow,male,role_noun,nsubj,False,Of the lady’s sensations they remained a little in doubt; but that the gentleman was overflowing with admiration was evident enough.
elizabeth,have,female,name,nsubj,False,"Elizabeth, on her side, had much to do."
she,want,female,pronoun,nsubj,False,"She wanted to ascertain the feelings of each of her visitors, she wanted to compose her own, and to make herself agreeable to all; and in the latter o"
she,want,female,pronoun,nsubj,False,"She wanted to ascertain the feelings of each of her visitors, she wanted to compose her own, and to make herself agreeable to all; and in the latter o"
she,fear,female,pronoun,nsubj,False,"She wanted to ascertain the feelings of each of her visitors, she wanted to compose her own, and to make herself agreeable to all; and in the latter o"
she,endeavour,female,pronoun,nsubj,False,"She wanted to ascertain the feelings of each of her visitors, she wanted to compose her own, and to make herself agreeable to all; and in the latter o"
darcy,determine,male,name,nsubj,False,"Bingley was ready, Georgiana was eager, and Darcy determined, to be pleased."
she,fancy,female,pronoun,nsubj,False,"Sometimes she could fancy that he talked less than on former occasions, and once or twice pleased herself with the notion that, as he looked at her, h"
he,talk,male,pronoun,nsubj,False,"Sometimes she could fancy that he talked less than on former occasions, and once or twice pleased herself with the notion that, as he looked at her, h"
he,look,male,pronoun,nsubj,False,"Sometimes she could fancy that he talked less than on former occasions, and once or twice pleased herself with the notion that, as he looked at her, h"
he,try,male,pronoun,nsubj,False,"Sometimes she could fancy that he talked less than on former occasions, and once or twice pleased herself with the notion that, as he looked at her, h"
she,deceive,female,pronoun,nsubjpass,True,"But, though this might be imaginary, she could not be deceived as to his behaviour to Miss Darcy, who had been set up as a rival to Jane."
he,dare,male,pronoun,nsubj,False,"On this point she was soon satisfied; and two or three little circumstances occurred ere they parted, which, in her anxious interpretation, denoted a "
he,observe,male,pronoun,nsubj,False,"He observed to her, at a moment when the others were talking together, and in a tone which had something of real regret, that it “was a very long time"
he,have,male,pronoun,nsubj,False,"He observed to her, at a moment when the others were talking together, and in a tone which had something of real regret, that it “was a very long time"
she,reply,female,pronoun,nsubj,False,"He observed to her, at a moment when the others were talking together, and in a tone which had something of real regret, that it “was a very long time"
he,add,male,pronoun,nsubj,False,"He observed to her, at a moment when the others were talking together, and in a tone which had something of real regret, that it “was a very long time"
he,take,male,pronoun,nsubj,False,"Elizabeth was pleased to find his memory so exact; and he afterwards took occasion to ask her, when unattended to by any of the rest, whether _all_ he"
she,turn,female,pronoun,nsubj,False,It was not often that she could turn her eyes on Mr. Darcy himself; but whenever she did catch a glimpse she saw an expression of general complaisance
she,catch,female,pronoun,nsubj,False,It was not often that she could turn her eyes on Mr. Darcy himself; but whenever she did catch a glimpse she saw an expression of general complaisance
she,see,female,pronoun,nsubj,False,It was not often that she could turn her eyes on Mr. Darcy himself; but whenever she did catch a glimpse she saw an expression of general complaisance
he,say,male,pronoun,nsubj,False,It was not often that she could turn her eyes on Mr. Darcy himself; but whenever she did catch a glimpse she saw an expression of general complaisance
she,hear,female,pronoun,nsubj,False,It was not often that she could turn her eyes on Mr. Darcy himself; but whenever she did catch a glimpse she saw an expression of general complaisance
she,witness,female,pronoun,nsubj,False,It was not often that she could turn her eyes on Mr. Darcy himself; but whenever she did catch a glimpse she saw an expression of general complaisance
she,see,female,pronoun,nsubj,False,"When she saw him thus seeking the acquaintance, and courting the good opinion of people with whom any intercourse a few months ago would have been a d"
he,seek,male,pronoun,nsubj,False,"When she saw him thus seeking the acquaintance, and courting the good opinion of people with whom any intercourse a few months ago would have been a d"
she,see,female,pronoun,nsubj,False,"When she saw him thus seeking the acquaintance, and courting the good opinion of people with whom any intercourse a few months ago would have been a d"
he,disdain,male,pronoun,nsubj,False,"When she saw him thus seeking the acquaintance, and courting the good opinion of people with whom any intercourse a few months ago would have been a d"
she,restrain,female,pronoun,nsubj,False,"When she saw him thus seeking the acquaintance, and courting the good opinion of people with whom any intercourse a few months ago would have been a d"
she,see,female,pronoun,nsubj,False,"Never, even in the company of his dear friends at Netherfield, or his dignified relations at Rosings, had she seen him so desirous to please, so free "
darcy,call,male,name,nsubj,False,"Their visitors stayed with them above half an hour; and when they arose to depart, Mr. Darcy called on his sister to join him in expressing their wish"
darcy,obey,male,name,nsubj,False,"Miss Darcy, though with a diffidence which marked her little in the habit of giving invitations, readily obeyed."
elizabeth,turn,female,name,nsubj,False,"Mrs. Gardiner looked at her niece, desirous of knowing how _she_, whom the invitation most concerned, felt disposed as to its acceptance, but Elizabet"
she,venture,female,pronoun,nsubj,False,"Presuming, however, that this studied avoidance spoke rather a momentary embarrassment than any dislike of the proposal, and seeing in her husband, wh"
bingley,express,male,name,nsubj,False,"Bingley expressed great pleasure in the certainty of seeing Elizabeth again, having still a great deal to say to her, and many inquiries to make after"
she,stay,female,pronoun,nsubj,False,"Eager to be alone, and fearful of inquiries or hints from her uncle and aunt, she stayed with them only long enough to hear their favourable opinion o"
she,have,female,pronoun,nsubj,False,But she had no reason to fear Mr. and Mrs. Gardiner’s curiosity; it was not their wish to force her communication.
she,acquaint,female,pronoun,nsubjpass,True,It was evident that she was much better acquainted with Mr. Darcy than they had before any idea of; it was evident that he was very much in love with 
he,know,male,pronoun,nsubjpass,True,"They could not be untouched by his politeness; and had they drawn his character from their own feelings and his servant’s report, without any referenc"
he,have,male,pronoun,nsubj,False,"They had nothing to accuse him of but pride; pride he probably had, and if not, it would certainly be imputed by the inhabitants of a small market tow"
he,hold,male,pronoun,nsubjpass,True,"With respect to Wickham, the travellers soon found that he was not held there in much estimation; for though the chief of his concerns with the son of"
he,leave,male,pronoun,nsubj,False,"With respect to Wickham, the travellers soon found that he was not held there in much estimation; for though the chief of his concerns with the son of"
darcy,discharge,male,name,nsubj,False,"With respect to Wickham, the travellers soon found that he was not held there in much estimation; for though the chief of his concerns with the son of"
she,lie,female,pronoun,nsubj,False,"As for Elizabeth, her thoughts were at Pemberley this evening more than the last; and the evening, though as it passed it seemed long, was not long en"
she,hate,female,pronoun,nsubj,False,She certainly did not hate him.
he,avoid,male,pronoun,nsubj,False,"He who, she had been persuaded, would avoid her as his greatest enemy, seemed, on this accidental meeting, most eager to preserve the acquaintance; an"
she,persuade,female,pronoun,nsubjpass,True,"He who, she had been persuaded, would avoid her as his greatest enemy, seemed, on this accidental meeting, most eager to preserve the acquaintance; an"
she,know,female,pronoun,nsubj,False,"He who, she had been persuaded, would avoid her as his greatest enemy, seemed, on this accidental meeting, most eager to preserve the acquaintance; an"
she,respect,female,pronoun,nsubj,False,"She respected, she esteemed, she was grateful to him, she felt a real interest in his welfare; and she only wanted to know how far she wished that wel"
she,esteem,female,pronoun,nsubj,False,"She respected, she esteemed, she was grateful to him, she felt a real interest in his welfare; and she only wanted to know how far she wished that wel"
she,feel,female,pronoun,nsubj,False,"She respected, she esteemed, she was grateful to him, she felt a real interest in his welfare; and she only wanted to know how far she wished that wel"
she,want,female,pronoun,nsubj,False,"She respected, she esteemed, she was grateful to him, she felt a real interest in his welfare; and she only wanted to know how far she wished that wel"
she,wish,female,pronoun,nsubj,False,"She respected, she esteemed, she was grateful to him, she felt a real interest in his welfare; and she only wanted to know how far she wished that wel"
she,employ,female,pronoun,nsubj,False,"She respected, she esteemed, she was grateful to him, she felt a real interest in his welfare; and she only wanted to know how far she wished that wel"
she,possess,female,pronoun,nsubj,False,"She respected, she esteemed, she was grateful to him, she felt a real interest in his welfare; and she only wanted to know how far she wished that wel"
she,reach,female,pronoun,nsubj,False,"It had been settled in the evening, between the aunt and niece, that such a striking civility as Miss Darcy’s, in coming to them on the very day of he"
she,ask,female,pronoun,nsubj,False,"Elizabeth was pleased; though when she asked herself the reason, she had very little to say in reply."
she,have,female,pronoun,nsubj,False,"Elizabeth was pleased; though when she asked herself the reason, she had very little to say in reply."
she,help,female,pronoun,nsubj,False,"[Illustration] Convinced as Elizabeth now was that Miss Bingley’s dislike of her had originated in jealousy, she could not help feeling how very unwel"
she,live,female,pronoun,nsubj,False,"In this room they were received by Miss Darcy, who was sitting there with Mrs. Hurst and Miss Bingley, and the lady with whom she lived in London."
darcy,look,male,name,nsubj,False,"Miss Darcy looked as if she wished for courage enough to join in it; and sometimes did venture a short sentence, when there was least danger of its be"
she,wish,female,pronoun,nsubj,False,"Miss Darcy looked as if she wished for courage enough to join in it; and sometimes did venture a short sentence, when there was least danger of its be"
elizabeth,see,female,name,nsubj,False,"Elizabeth soon saw that she was herself closely watched by Miss Bingley, and that she could not speak a word, especially to Miss Darcy, without callin"
she,speak,female,pronoun,nsubj,False,"Elizabeth soon saw that she was herself closely watched by Miss Bingley, and that she could not speak a word, especially to Miss Darcy, without callin"
she,expect,female,pronoun,nsubj,False,"She expected every moment that some of the gentlemen would enter the room: she wished, she feared, that the master of the house might be amongst them;"
she,wish,female,pronoun,nsubj,False,"She expected every moment that some of the gentlemen would enter the room: she wished, she feared, that the master of the house might be amongst them;"
she,fear,female,pronoun,nsubj,False,"She expected every moment that some of the gentlemen would enter the room: she wished, she feared, that the master of the house might be amongst them;"
she,wish,female,pronoun,nsubj,False,"She expected every moment that some of the gentlemen would enter the room: she wished, she feared, that the master of the house might be amongst them;"
she,determine,female,pronoun,nsubj,False,"She expected every moment that some of the gentlemen would enter the room: she wished, she feared, that the master of the house might be amongst them;"
elizabeth,rouse,female,name,nsubjpass,True,"After sitting in this manner a quarter of an hour, without hearing Miss Bingley’s voice, Elizabeth was roused by receiving from her a cold inquiry aft"
she,answer,female,pronoun,nsubj,False,"She answered with equal indifference and brevity, and the other said no more."
elizabeth,have,female,name,nsubj,False,"While thus engaged, Elizabeth had a fair opportunity of deciding whether she most feared or wished for the appearance of Mr. Darcy, by the feelings wh"
she,fear,female,pronoun,nsubj,False,"While thus engaged, Elizabeth had a fair opportunity of deciding whether she most feared or wished for the appearance of Mr. Darcy, by the feelings wh"
his,enter,male,pronoun,nsubj,False,"While thus engaged, Elizabeth had a fair opportunity of deciding whether she most feared or wished for the appearance of Mr. Darcy, by the feelings wh"
she,believe,female,pronoun,nsubj,False,"While thus engaged, Elizabeth had a fair opportunity of deciding whether she most feared or wished for the appearance of Mr. Darcy, by the feelings wh"
she,begin,female,pronoun,nsubj,False,"While thus engaged, Elizabeth had a fair opportunity of deciding whether she most feared or wished for the appearance of Mr. Darcy, by the feelings wh"
he,come,male,pronoun,nsubj,False,"While thus engaged, Elizabeth had a fair opportunity of deciding whether she most feared or wished for the appearance of Mr. Darcy, by the feelings wh"
lady,intend,female,role_noun,nsubj,False,"He had been some time with Mr. Gardiner, who, with two or three other gentlemen from the house, was engaged by the river; and had left him only on lea"
he,appear,male,pronoun,nsubj,False,"No sooner did he appear, than Elizabeth wisely resolved to be perfectly easy and unembarrassed;--a resolution the more necessary to be made, but"
elizabeth,resolve,female,name,nsubj,False,"No sooner did he appear, than Elizabeth wisely resolved to be perfectly easy and unembarrassed;--a resolution the more necessary to be made, but"
she,see,female,pronoun,nsubj,False,"perhaps not the more easily kept, because she saw that the suspicions of the whole party were awakened against them, and that there was scarcely an ey"
he,come,male,pronoun,nsubj,False,"perhaps not the more easily kept, because she saw that the suspicions of the whole party were awakened against them, and that there was scarcely an ey"
she,speak,female,pronoun,nsubj,False,"In no countenance was attentive curiosity so strongly marked as in Miss Bingley’s, in spite of the smiles which overspread her face whenever she spoke"
darcy,exert,male,name,nsubj,False,"Miss Darcy, on her brother’s entrance, exerted herself much more to talk; and Elizabeth saw that he was anxious for his sister and herself to get acqu"
elizabeth,see,female,name,nsubj,False,"Miss Darcy, on her brother’s entrance, exerted herself much more to talk; and Elizabeth saw that he was anxious for his sister and herself to get acqu"
sister,acquaint,female,role_noun,nsubjpass,True,"Miss Darcy, on her brother’s entrance, exerted herself much more to talk; and Elizabeth saw that he was anxious for his sister and herself to get acqu"
bingley,see,male,name,nsubj,False,"Miss Bingley saw all this likewise; and, in the imprudence of anger, took the first opportunity of saying, with sneering civility,-- “Pray, Miss Eliza"
she,mention,female,pronoun,nsubj,False,In Darcy’s presence she dared not mention Wickham’s name: but Elizabeth instantly comprehended that he was uppermost in her thoughts; and the various 
elizabeth,comprehend,female,name,nsubj,False,In Darcy’s presence she dared not mention Wickham’s name: but Elizabeth instantly comprehended that he was uppermost in her thoughts; and the various 
she,answer,female,pronoun,nsubj,False,In Darcy’s presence she dared not mention Wickham’s name: but Elizabeth instantly comprehended that he was uppermost in her thoughts; and the various 
she,speak,female,pronoun,nsubj,False,"While she spoke, an involuntary glance showed her Darcy with a heightened complexion, earnestly looking at her, and his sister overcome with confusion"
sister,overcome,female,role_noun,nsubj,False,"While she spoke, an involuntary glance showed her Darcy with a heightened complexion, earnestly looking at her, and his sister overcome with confusion"
bingley,know,male,name,nsubj,False,"Had Miss Bingley known what pain she was then giving her beloved friend, she undoubtedly would have refrained from the hint; but she had merely intend"
she,give,female,pronoun,nsubj,False,"Had Miss Bingley known what pain she was then giving her beloved friend, she undoubtedly would have refrained from the hint; but she had merely intend"
she,refrain,female,pronoun,nsubj,False,"Had Miss Bingley known what pain she was then giving her beloved friend, she undoubtedly would have refrained from the hint; but she had merely intend"
she,intend,female,pronoun,nsubj,False,"Had Miss Bingley known what pain she was then giving her beloved friend, she undoubtedly would have refrained from the hint; but she had merely intend"
she,believe,female,pronoun,nsubj,False,"Had Miss Bingley known what pain she was then giving her beloved friend, she undoubtedly would have refrained from the hint; but she had merely intend"
elizabeth,attribute,female,name,nsubj,False,"To no creature had it been revealed, where secrecy was possible, except to Elizabeth; and from all Bingley’s connections her brother was particularly "
he,form,male,pronoun,nsubj,False,"He had certainly formed such a plan; and without meaning that it should affect his endeavour to separate him from Miss Bennet, it is probable that it "
elizabeth,collect,female,name,nsubj,False,"Elizabeth’s collected behaviour, however, soon quieted his emotion; and as Miss Bingley, vexed and disappointed, dared not approach nearer to Wickham,"
bingley,vex,male,name,nsubj,False,"Elizabeth’s collected behaviour, however, soon quieted his emotion; and as Miss Bingley, vexed and disappointed, dared not approach nearer to Wickham,"
georgiana,recover,female,name,nsubj,False,"Elizabeth’s collected behaviour, however, soon quieted his emotion; and as Miss Bingley, vexed and disappointed, dared not approach nearer to Wickham,"
brother,recollect,male,role_noun,nsubj,False,"Her brother, whose eye she feared to meet, scarcely recollected her interest in the affair; and the very circumstance which had been designed to turn "
she,fear,female,pronoun,nsubj,False,"Her brother, whose eye she feared to meet, scarcely recollected her interest in the affair; and the very circumstance which had been designed to turn "
darcy,attend,male,name,nsubj,False,"Their visit did not continue long after the question and answer above mentioned; and while Mr. Darcy was attending them to their carriage, Miss Bingle"
bingley,vent,male,name,nsubj,False,"Their visit did not continue long after the question and answer above mentioned; and while Mr. Darcy was attending them to their carriage, Miss Bingle"
georgiana,join,female,name,nsubj,False,But Georgiana would not join her.
he,speak,male,pronoun,nsubj,False,"Her brother’s recommendation was enough to insure her favour: his judgment could not err; and he had spoken in such terms of Elizabeth, as to leave Ge"
darcy,return,male,name,nsubj,False,"When Darcy returned to the saloon, Miss Bingley could not help repeating to him some part of what she had been saying to his sister."
bingley,help,male,name,nsubj,False,"When Darcy returned to the saloon, Miss Bingley could not help repeating to him some part of what she had been saying to his sister."
she,say,female,pronoun,nsubj,False,"When Darcy returned to the saloon, Miss Bingley could not help repeating to him some part of what she had been saying to his sister."
bennet,look,male,name,nsubj,False,"“How very ill Eliza Bennet looks this morning, Mr. Darcy,” she cried: “I never in my life saw anyone so much altered as she is since the winter."
she,cry,female,pronoun,nsubj,False,"“How very ill Eliza Bennet looks this morning, Mr. Darcy,” she cried: “I never in my life saw anyone so much altered as she is since the winter."
she,grow,female,pronoun,nsubjpass,True,She is grown so brown and coarse!
darcy,like,male,name,nsubj,False,"However little Mr. Darcy might have liked such an address, he contented himself with coolly replying, that he perceived no other alteration than her b"
he,content,male,pronoun,nsubj,False,"However little Mr. Darcy might have liked such an address, he contented himself with coolly replying, that he perceived no other alteration than her b"
he,perceive,male,pronoun,nsubj,False,"However little Mr. Darcy might have liked such an address, he contented himself with coolly replying, that he perceived no other alteration than her b"
she,rejoin,female,pronoun,nsubj,False,"“For my own part,” she rejoined, “I must confess that I never could see any beauty in her."
darcy,admire,male,name,nsubj,False,"Persuaded as Miss Bingley was that Darcy admired Elizabeth, this was not the best method of recommending herself; but angry people are not always wise"
she,have,female,pronoun,nsubj,False,"Persuaded as Miss Bingley was that Darcy admired Elizabeth, this was not the best method of recommending herself; but angry people are not always wise"
she,expect,female,pronoun,nsubj,False,"Persuaded as Miss Bingley was that Darcy admired Elizabeth, this was not the best method of recommending herself; but angry people are not always wise"
he,speak,male,pronoun,nsubj,False,"He was resolutely silent, however; and, from a determination of making him speak, she continued,-- “I remember, when we first knew her in Hertfordshir"
she,seem,female,pronoun,nsubj,False,"But afterwards she seemed to improve on you, and I believe you thought her rather pretty at one time.”"
darcy,reply,male,name,nsubj,False,"“Yes,” replied Darcy, who could contain himself no longer, “but _that_ was only when I first knew her; for it is many months since I have considered h"
he,go,male,pronoun,nsubj,False,"He then went away, and Miss Bingley was left to all the satisfaction of having forced him to say what gave no one any pain but herself."
bingley,leave,male,name,nsubjpass,True,"He then went away, and Miss Bingley was left to all the satisfaction of having forced him to say what gave no one any pain but herself."
elizabeth,long,female,name,nsubj,False,"They talked of his sister, his friends, his house, his fruit, of everything but himself; yet Elizabeth was longing to know what Mrs. Gardiner thought "
sister,justify,female,role_noun,nsubj,False,[Illustration] Elizabeth had been a good deal disappointed in not finding a letter from Jane on their first arrival at Lambton; and this disappointmen
jane,write,female,name,nsubj,False,"Elizabeth was not surprised at it, as Jane had written the direction remarkably ill."
she,go,female,pronoun,nsubjpass,True,"An express came at twelve last night, just as we were all gone to bed, from Colonel Forster, to inform us that she was gone off to Scotland with one o"
he,know,male,pronoun,nsubj,False,"His choice is disinterested at least, for he must know my father can give her nothing."
father,give,male,role_noun,nsubj,False,"His choice is disinterested at least, for he must know my father can give her nothing."
mother,grieve,female,role_noun,nsubjpass,True,Our poor mother is sadly grieved.
father,bear,male,role_noun,nsubj,False,My father bears it better.
lydia,leave,female,name,nsubj,False,"Lydia left a few lines for his wife, informing her of their intention."
she,feel,female,pronoun,nsubj,False,"Without allowing herself time for consideration, and scarcely knowing what she felt, Elizabeth, on finishing this letter, instantly seized the other, "
sister,receive,female,role_noun,nsubj,False,"“By this time, my dearest sister, you have received my hurried letter; I wish this may be more intelligible, but though not confined for time, my head"
he,trace,male,pronoun,nsubj,False,"He did trace them easily to Clapham, but no farther; for on entering that place, they removed into a hackney-coach, and dismissed the chaise that brou"
he,come,male,pronoun,nsubj,False,"With the kindest concern he came on to Longbourn, and broke his apprehensions to us in a manner most creditable to his heart."
father,believe,male,role_noun,nsubj,False,"My father and mother believe the worst, but I cannot think so ill of him."
he,form,male,pronoun,nsubj,False,Many circumstances might make it more eligible for them to be married privately in town than to pursue their first plan; and even if _he_ could form s
she,lose,female,pronoun,nsubj,False,Many circumstances might make it more eligible for them to be married privately in town than to pursue their first plan; and even if _he_ could form s
he,shake,male,pronoun,nsubj,False,"I grieve to find, however, that Colonel F. is not disposed to depend upon their marriage: he shook his head when I expressed my hopes, and said he fea"
he,fear,male,pronoun,nsubj,False,"I grieve to find, however, that Colonel F. is not disposed to depend upon their marriage: he shook his head when I expressed my hopes, and said he fea"
she,exert,female,pronoun,nsubj,False,"Could she exert herself, it would be better, but this is not to be expected; and as to my father, I never in my life saw him so affected."
kitty,have,female,name,nsubj,False,"Poor Kitty has anger for having concealed their attachment; but as it was a matter of confidence, one cannot wonder."
father,go,male,role_noun,nsubj,False,"My father is going to London with Colonel Forster instantly, to try to discover her."
he,mean,male,pronoun,nsubj,False,"What he means to do, I am sure I know not; but his excessive distress will not allow him to pursue any measure in the best and safest way, and Colonel"
he,pursue,male,pronoun,nsubj,False,"What he means to do, I am sure I know not; but his excessive distress will not allow him to pursue any measure in the best and safest way, and Colonel"
he,comprehend,male,pronoun,nsubj,False,"In such an exigence my uncle’s advice and assistance would be everything in the world; he will immediately comprehend what I must feel, and I rely upo"
elizabeth,cry,female,name,nsubj,False,"“Oh! where, where is my uncle?” cried Elizabeth, darting from her seat as she finished the letter, in eagerness to follow him, without losing a moment"
she,finish,female,pronoun,nsubj,False,"“Oh! where, where is my uncle?” cried Elizabeth, darting from her seat as she finished the letter, in eagerness to follow him, without losing a moment"
she,reach,female,pronoun,nsubj,False,"“Oh! where, where is my uncle?” cried Elizabeth, darting from her seat as she finished the letter, in eagerness to follow him, without losing a moment"
darcy,appear,male,name,nsubj,False,"“Oh! where, where is my uncle?” cried Elizabeth, darting from her seat as she finished the letter, in eagerness to follow him, without losing a moment"
he,start,male,pronoun,nsubj,False,"Her pale face and impetuous manner made him start, and before he could recover himself enough to speak, she, in whose mind every idea was superseded b"
he,recover,male,pronoun,nsubj,False,"Her pale face and impetuous manner made him start, and before he could recover himself enough to speak, she, in whose mind every idea was superseded b"
she,supersede,female,pronoun,nsubjpass,True,"Her pale face and impetuous manner made him start, and before he could recover himself enough to speak, she, in whose mind every idea was superseded b"
elizabeth,hesitate,female,name,nsubj,False,"Elizabeth hesitated; but her knees trembled under her, and she felt how little would be gained by her attempting to pursue them."
she,feel,female,pronoun,nsubj,False,"Elizabeth hesitated; but her knees trembled under her, and she felt how little would be gained by her attempting to pursue them."
her,attempt,female,pronoun,nsubj,False,"Elizabeth hesitated; but her knees trembled under her, and she felt how little would be gained by her attempting to pursue them."
she,commission,female,pronoun,nsubj,False,"Calling back the servant, therefore, she commissioned him, though in so breathless an accent as made her almost unintelligible, to fetch his master an"
she,sit,female,pronoun,nsubj,False,"On his quitting the room, she sat down, unable to support herself, and looking so miserably ill, that it was impossible for Darcy to leave her, or to "
darcy,leave,male,name,nsubj,False,"On his quitting the room, she sat down, unable to support herself, and looking so miserably ill, that it was impossible for Darcy to leave her, or to "
she,reply,female,pronoun,nsubj,False,"“No, I thank you,” she replied, endeavouring to recover herself."
she,burst,female,pronoun,nsubj,False,"She burst into tears as she alluded to it, and for a few minutes could not speak another word."
she,allude,female,pronoun,nsubj,False,"She burst into tears as she alluded to it, and for a few minutes could not speak another word."
darcy,say,male,name,nsubj,False,"Darcy, in wretched suspense, could only say something indistinctly of his [Illustration: “I have not an instant to lose” ] concern, and observe her in"
she,speak,female,pronoun,nsubj,False,At length she spoke again.
sister,leave,female,role_noun,nsubj,False,My youngest sister has left all her friends--has eloped; has thrown herself into the power of--of Mr. Wickham.
she,have,female,pronoun,nsubj,False,"She has no money, no connections, nothing that can tempt him to--she is lost for ever.”"
she,lose,female,pronoun,nsubjpass,True,"She has no money, no connections, nothing that can tempt him to--she is lost for ever.”"
darcy,fix,male,name,nsubjpass,True,Darcy was fixed in astonishment.
she,add,female,pronoun,nsubj,False,"“When I consider,” she added, in a yet more agitated voice, “that _"
darcy,cry,male,name,nsubj,False,"“I am grieved, indeed,” cried Darcy: “grieved--shocked."
father,go,male,role_noun,nsubj,False,"“My father has gone to London, and Jane has written to beg my uncle’s immediate assistance, and we shall be off, I hope, in half an hour."
jane,write,female,name,nsubj,False,"“My father has gone to London, and Jane has written to beg my uncle’s immediate assistance, and we shall be off, I hope, in half an hour."
man,work,male,role_noun,nsubjpass,True,How is such a man to be worked on?
darcy,shake,male,name,nsubj,False,Darcy shook his head in silent acquiescence.
darcy,make,male,name,nsubj,False,Darcy made no answer.
he,seem,male,pronoun,nsubj,False,"He seemed scarcely to hear her, and was walking up and down the room in earnest meditation; his brow contracted, his air gloomy."
elizabeth,observe,female,name,nsubj,False,"Elizabeth soon observed, and instantly understood it."
she,wonder,female,pronoun,nsubj,False,"She could neither wonder nor condemn; but the belief of his self-conquest brought nothing consolatory to her bosom, afforded no palliation of her dist"
she,understand,female,pronoun,nsubj,False,"It was, on the contrary, exactly calculated to make her understand her own wishes; and never had she so honestly felt that she could have loved him, a"
she,feel,female,pronoun,nsubj,False,"It was, on the contrary, exactly calculated to make her understand her own wishes; and never had she so honestly felt that she could have loved him, a"
she,love,female,pronoun,nsubj,False,"It was, on the contrary, exactly calculated to make her understand her own wishes; and never had she so honestly felt that she could have loved him, a"
lydia,swallow,female,name,nsubj,False,"Lydia--the humiliation, the misery she was bringing on them all--soon swallowed up every private care; and covering her face with her handkerchief, El"
she,bring,female,pronoun,nsubj,False,"Lydia--the humiliation, the misery she was bringing on them all--soon swallowed up every private care; and covering her face with her handkerchief, El"
elizabeth,lose,female,name,nsubjpass,True,"Lydia--the humiliation, the misery she was bringing on them all--soon swallowed up every private care; and covering her face with her handkerchief, El"
sister,have,female,role_noun,nsubj,False,"This unfortunate affair will, I fear, prevent my sister’s having the pleasure of seeing you at Pemberley to-day.”"
he,assure,male,pronoun,nsubj,False,"He readily assured her of his secrecy, again expressed his sorrow for her distress, wished it a happier conclusion than there was at present reason to"
he,quit,male,pronoun,nsubj,False,"As he quitted the room, Elizabeth felt how improbable it was that they should ever see each other again on such terms of cordiality as had marked thei"
elizabeth,feel,female,name,nsubj,False,"As he quitted the room, Elizabeth felt how improbable it was that they should ever see each other again on such terms of cordiality as had marked thei"
she,throw,female,pronoun,nsubj,False,"As he quitted the room, Elizabeth felt how improbable it was that they should ever see each other again on such terms of cordiality as had marked thei"
she,give,female,pronoun,nsubj,False,"But if otherwise, if the regard springing from such sources is unreasonable or unnatural, in comparison of what is so often described as arising on a "
she,see,female,pronoun,nsubj,False,"Be that as it may, she saw him go with regret; and in this early example of what Lydia’s infamy must produce, found additional anguish as she reflecte"
he,go,male,pronoun,nsubj,False,"Be that as it may, she saw him go with regret; and in this early example of what Lydia’s infamy must produce, found additional anguish as she reflecte"
she,reflect,female,pronoun,nsubj,False,"Be that as it may, she saw him go with regret; and in this early example of what Lydia’s infamy must produce, found additional anguish as she reflecte"
she,entertain,female,pronoun,nsubj,False,Never since reading Jane’s second letter had she entertained a hope of Wickham’s meaning to marry her.
she,think,female,pronoun,nsubj,False,", she thought, could flatter herself with such an expectation."
wickham,marry,male,name,nsubj,False,"While the contents of the first letter remained on her mind, she was all surprise, all astonishment, that Wickham should marry a girl whom it was impo"
he,marry,male,pronoun,nsubj,False,"While the contents of the first letter remained on her mind, she was all surprise, all astonishment, that Wickham should marry a girl whom it was impo"
lydia,attach,female,name,nsubj,False,"While the contents of the first letter remained on her mind, she was all surprise, all astonishment, that Wickham should marry a girl whom it was impo"
she,have,female,pronoun,nsubj,False,"For such an attachment as this, she might have sufficient charms; and though she did not suppose Lydia to be deliberately engaging in an elopement, wi"
she,suppose,female,pronoun,nsubj,False,"For such an attachment as this, she might have sufficient charms; and though she did not suppose Lydia to be deliberately engaging in an elopement, wi"
lydia,engage,female,name,nsubj,False,"For such an attachment as this, she might have sufficient charms; and though she did not suppose Lydia to be deliberately engaging in an elopement, wi"
she,have,female,pronoun,nsubj,False,"For such an attachment as this, she might have sufficient charms; and though she did not suppose Lydia to be deliberately engaging in an elopement, wi"
she,perceive,female,pronoun,nsubj,False,"She had never perceived, while the regiment was in Hertfordshire, that Lydia had any partiality for him; but she was convinced that Lydia had wanted o"
lydia,have,female,name,nsubj,False,"She had never perceived, while the regiment was in Hertfordshire, that Lydia had any partiality for him; but she was convinced that Lydia had wanted o"
lydia,want,female,name,nsubj,False,"She had never perceived, while the regiment was in Hertfordshire, that Lydia had any partiality for him; but she was convinced that Lydia had wanted o"
she,feel,female,pronoun,nsubj,False,how acutely did she now feel it!
he,enter,male,pronoun,nsubj,False,"She was wild to be at home--to hear, to see, to be upon the spot to share with Jane in the cares that must now fall wholly upon her, in a family so de"
she,communicate,female,pronoun,nsubj,False,"Mr. and Mrs. Gardiner had hurried back in alarm, supposing, by the servant’s account, that their niece was taken suddenly ill; but satisfying them ins"
elizabeth,thank,female,name,nsubj,False,"Elizabeth, though expecting no less, thanked him with tears of gratitude; and all three being actuated by one spirit, everything relating to their jou"
she,run,female,pronoun,nsubj,False,"“What is all settled?” repeated the other, as she ran into her room to prepare."
she,disclose,female,pronoun,nsubj,False,“And are they upon such terms as for her to disclose the real truth?
she,remain,female,pronoun,nsubj,False,"Had Elizabeth been at leisure to be idle, she would have remained certain that all employment was impossible to one so wretched as herself; but she ha"
she,have,female,pronoun,nsubj,False,"Had Elizabeth been at leisure to be idle, she would have remained certain that all employment was impossible to one so wretched as herself; but she ha"
elizabeth,find,female,name,nsubj,False,"An hour, however, saw the whole completed; and Mr. Gardiner, meanwhile, having settled his account at the inn, nothing remained to be done but to go; "
she,suppose,female,pronoun,nsubj,False,"An hour, however, saw the whole completed; and Mr. Gardiner, meanwhile, having settled his account at the inn, nothing remained to be done but to go; "
sister,do,female,role_noun,nsubj,False,"[Illustration] “I have been thinking it over again, Elizabeth,” said her uncle, as they drove from the town; “and really, upon serious consideration, "
man,form,male,role_noun,nsubj,False,"It appears to me so very unlikely that any young man should form such a design against a girl who is by no means unprotected or friendless, and who wa"
he,expect,male,pronoun,nsubj,False,Could he expect that her friends would not step forward?
he,expect,male,pronoun,nsubj,False,"Could he expect to be noticed again by the regiment, after such an affront to Colonel Forster?"
elizabeth,cry,female,name,nsubj,False,"“Do you really think so?” cried Elizabeth, brightening up for a moment."
his,intend,male,pronoun,nsubj,False,"His most particular friend, you see by Jane’s account, was persuaded of his never intending to marry her."
wickham,marry,male,name,nsubj,False,Wickham will never marry a woman without some money.
he,afford,male,pronoun,nsubj,False,He cannot afford it.
lydia,have,female,name,nsubj,False,"And what claims has Lydia, what attractions has she beyond youth, health, and good humour, that could make him for her sake forego every chance of ben"
lydia,have,female,name,nsubj,False,"Lydia has no brothers to step forward; and he might imagine, from my father’s behaviour, from his indolence and the little attention he has ever seeme"
he,imagine,male,pronoun,nsubj,False,"Lydia has no brothers to step forward; and he might imagine, from my father’s behaviour, from his indolence and the little attention he has ever seeme"
he,seem,male,pronoun,nsubj,False,"Lydia has no brothers to step forward; and he might imagine, from my father’s behaviour, from his indolence and the little attention he has ever seeme"
he,do,male,pronoun,nsubj,False,"he_ would do as little and think as little about it, as any father could do, in such a matter.”"
father,do,male,role_noun,nsubj,False,"he_ would do as little and think as little about it, as any father could do, in such a matter.”"
elizabeth,reply,female,name,nsubj,False,"“It does seem, and it is most shocking, indeed,” replied Elizabeth, with tears in her eyes, “that a sister’s sense of decency and virtue in such a poi"
she,teach,female,pronoun,nsubjpass,True,"But she is very young: she has never been taught to think on serious subjects; and for the last half year, nay, for a twelvemonth, she has been given "
she,give,female,pronoun,nsubjpass,True,"But she is very young: she has never been taught to think on serious subjects; and for the last half year, nay, for a twelvemonth, she has been given "
she,allow,female,pronoun,nsubjpass,True,"She has been allowed to dispose of her time in the most idle and frivolous manner, and to adopt any opinions that came in her way."
she,do,female,pronoun,nsubj,False,"She has been doing everything in her power, by thinking and talking on the subject, to give greater--what shall I call it?--susceptibility to her feel"
wickham,have,male,name,nsubj,False,And we all know that Wickham has every charm of person and address that can captivate a woman.”
jane,think,female,name,nsubj,False,“Of whom does Jane ever think ill?
she,believe,female,pronoun,nsubj,False,"And who is there, whatever might be their former conduct, that she would believe capable of such an attempt, till it were proved against them?"
jane,know,female,name,nsubj,False,"But Jane knows, as well as I do, what Wickham really is."
he,have,male,pronoun,nsubj,False,We both know that he has been profligate in every sense of the word; that he has neither integrity nor honour; that he is as false and deceitful as he
he,insinuate,male,pronoun,nsubj,False,We both know that he has been profligate in every sense of the word; that he has neither integrity nor honour; that he is as false and deceitful as he
elizabeth,reply,female,name,nsubj,False,"“I do, indeed,” replied Elizabeth, colouring."
he,speak,male,pronoun,nsubj,False,"“I told you the other day of his infamous behaviour to Mr. Darcy; and you, yourself, when last at Longbourn, heard in what manner he spoke of the man "
he,say,male,pronoun,nsubj,False,"From what he said of Miss Darcy, I was thoroughly prepared to see a proud, reserved, disagreeable girl."
he,know,male,pronoun,nsubj,False,Yet he knew to the contrary himself.
he,know,male,pronoun,nsubj,False,He must know that she was as amiable and unpretending as we have found her.”
lydia,know,female,name,nsubj,False,“But does Lydia know nothing of this?
jane,think,female,name,nsubj,False,"As that was the case, neither Jane, to whom I related the whole, nor I, thought it necessary to make our knowledge public; for of what use could it ap"
lydia,go,female,name,nsubj,False,"And even when it was settled that Lydia should go with Mrs. Forster, the necessity of opening her eyes to his character never occurred to me."
he,enter,male,pronoun,nsubj,False,"When first he entered the corps, she was ready enough to admire him; but so we all were."
he,distinguish,male,pronoun,nsubj,False,Every girl in or near Meryton was out of her senses about him for the first two months: but he never distinguished _her_ by any particular attention; 
she,find,female,pronoun,nsubj,False,"Fixed there by the keenest of all anguish, self-reproach, she could find no interval of ease or forgetfulness."
jane,weary,female,name,nsubjpass,True,It was a comfort to Elizabeth to consider that Jane could not have been wearied by long expectations.
elizabeth,jump,female,name,nsubj,False,"Elizabeth jumped out; and after giving each of them a hasty kiss, hurried into the vestibule, where Jane, who came running downstairs from her mother’"
jane,meet,female,name,nsubj,False,"Elizabeth jumped out; and after giving each of them a hasty kiss, hurried into the vestibule, where Jane, who came running downstairs from her mother’"
elizabeth,fill,female,name,nsubj,False,"Elizabeth, as she affectionately embraced her, whilst tears filled the eyes of both, lost not a moment in asking whether anything had been heard of th"
she,embrace,female,pronoun,nsubj,False,"Elizabeth, as she affectionately embraced her, whilst tears filled the eyes of both, lost not a moment in asking whether anything had been heard of th"
jane,reply,female,name,nsubj,False,"“Not yet,” replied Jane."
he,go,male,pronoun,nsubj,False,"“Yes, he went on Tuesday, as I wrote you word.”"
he,write,male,pronoun,nsubj,False,"He wrote me a few lines on Wednesday, to say that he had arrived in safety, and to give me his directions, which I particularly begged him to do."
he,arrive,male,pronoun,nsubj,False,"He wrote me a few lines on Wednesday, to say that he had arrived in safety, and to give me his directions, which I particularly begged him to do."
he,add,male,pronoun,nsubj,False,"He merely added, that he should not write again, till he had something of importance to mention.”"
he,write,male,pronoun,nsubj,False,"He merely added, that he should not write again, till he had something of importance to mention.”"
he,have,male,pronoun,nsubj,False,"He merely added, that he should not write again, till he had something of importance to mention.”"
she,leave,female,pronoun,nsubj,False,She does not yet leave her dressing-room.
mary,thank,female,name,nsubj,False,"Mary and Kitty, thank Heaven!"
elizabeth,cry,female,name,nsubj,False,“But you--how are you?” cried Elizabeth.
sister,assure,female,role_noun,nsubj,False,"Her sister, however, assured her of her being perfectly well; and their conversation, which had been passing while Mr. and Mrs. Gardiner were engaged "
jane,run,female,name,nsubj,False,"Jane ran to her uncle and aunt, and welcomed and thanked them both, with alternate smiles and tears."
elizabeth,ask,female,name,nsubj,False,"When they were all in the drawing-room, the questions which Elizabeth had already asked were of course repeated by the others, and they soon found tha"
jane,have,female,name,nsubj,False,"When they were all in the drawing-room, the questions which Elizabeth had already asked were of course repeated by the others, and they soon found tha"
she,expect,female,pronoun,nsubj,False,"The sanguine hope of good, however, which the benevolence of her heart suggested, had not yet deserted her; she still expected that it would all end w"
bennet,repair,male,name,nsubj,False,"Mrs. Bennet, to whose apartment they all repaired, after a few minutes’ conversation together, received them exactly as might be expected; with tears "
she,say,female,pronoun,nsubj,False,"“If I had been able,” said she, “to carry my point in going to Brighton with all my family, _this_ would not have happened: but poor dear Lydia had no"
lydia,have,female,name,nsubj,False,"“If I had been able,” said she, “to carry my point in going to Brighton with all my family, _this_ would not have happened: but poor dear Lydia had no"
she,go,female,pronoun,nsubj,False,Why did the Forsters ever let her go out of their sight?
she,look,female,pronoun,nsubjpass,True,"I am sure there was some great neglect or other on their side, for she is not the kind of girl to do such a thing, if she had been well looked after."
bennet,go,male,name,nsubj,False,"And now here’s Mr. Bennet gone away, and I know he will fight Wickham, wherever he meets him, and then he will be killed, and what is to become of us "
he,fight,male,pronoun,nsubj,False,"And now here’s Mr. Bennet gone away, and I know he will fight Wickham, wherever he meets him, and then he will be killed, and what is to become of us "
he,meet,male,pronoun,nsubj,False,"And now here’s Mr. Bennet gone away, and I know he will fight Wickham, wherever he meets him, and then he will be killed, and what is to become of us "
he,kill,male,pronoun,nsubjpass,True,"And now here’s Mr. Bennet gone away, and I know he will fight Wickham, wherever he meets him, and then he will be killed, and what is to become of us "
he,mean,male,pronoun,nsubj,False,"They all exclaimed against such terrific ideas; and Mr. Gardiner, after general assurances of his affection for her and all her family, told her that "
he,add,male,pronoun,nsubj,False,"“Do not give way to useless alarm,” added he: “though it is right to be prepared for the worst, there is no occasion to look on it as certain."
he,come,male,pronoun,nsubj,False,"As soon as I get to town, I shall go to my brother, and make him come home with me to Gracechurch Street, and then we may consult together as to what "
bennet,reply,male,name,nsubj,False,"“Oh, my dear brother,” replied Mrs. Bennet, “that is exactly what I could most wish for."
she,have,female,pronoun,nsubj,False,"And as for wedding clothes, do not let them wait for that, but tell Lydia she shall have as much money as she chooses to buy them, after they are marr"
she,choose,female,pronoun,nsubj,False,"And as for wedding clothes, do not let them wait for that, but tell Lydia she shall have as much money as she chooses to buy them, after they are marr"
she,see,female,pronoun,nsubj,False,"And tell my dear Lydia not to give any directions about her clothes till she has seen me, for she does not know which are the best warehouses."
she,know,female,pronoun,nsubj,False,"And tell my dear Lydia not to give any directions about her clothes till she has seen me, for she does not know which are the best warehouses."
he,assure,male,pronoun,nsubj,False,"But Mr. Gardiner, though he assured her again of his earnest endeavours in the cause, could not avoid recommending moderation to her, as well in her h"
brother,persuade,male,role_noun,nsubjpass,True,"Though her brother and sister were persuaded that there was no real occasion for such a seclusion from the family, they did not attempt to oppose it; "
she,have,female,pronoun,nsubj,False,"The faces of both, however, were tolerably calm; and no change was visible in either, except that the loss of her favourite sister, or the anger which"
herself,incur,female,pronoun,nsubj,False,"The faces of both, however, were tolerably calm; and no change was visible in either, except that the loss of her favourite sister, or the anger which"
she,add,female,pronoun,nsubj,False,"Then perceiving in Elizabeth no inclination of replying, she added, “Unhappy as the event must be for Lydia, we may draw from it this useful lesson:--"
elizabeth,lift,female,name,nsubj,False,"Elizabeth lifted up her eyes in amazement, but was too much oppressed to make any reply."
mary,continue,female,name,nsubj,False,"Mary, however, continued to console herself with such kind of moral extractions from the evil before them."
elizabeth,avail,female,name,nsubj,False,"In the afternoon, the two elder Miss Bennets were able to be for half an hour by themselves; and Elizabeth instantly availed herself of the opportunit"
elizabeth,consider,female,name,nsubj,False,"After joining in general lamentations over the dreadful sequel of this event, which Elizabeth considered as all but certain, and Miss Bennet could not"
bennet,assert,male,name,nsubj,False,"After joining in general lamentations over the dreadful sequel of this event, which Elizabeth considered as all but certain, and Miss Bennet could not"
he,suspect,male,pronoun,nsubj,False,"“Colonel Forster did own that he had often suspected some partiality, especially on Lydia’s side, but nothing to give him any alarm."
he,come,male,pronoun,nsubj,False,"He _was_ coming to us, in order to assure us of his concern, before he had any idea of their not being gone to Scotland: when that apprehension first "
he,have,male,pronoun,nsubj,False,"He _was_ coming to us, in order to assure us of his concern, before he had any idea of their not being gone to Scotland: when that apprehension first "
wickham,marry,male,name,nsubj,False,“And was Denny convinced that Wickham would not marry?
he,know,male,pronoun,nsubj,False,Did he know of their intending to go off?
he,repeat,male,pronoun,nsubj,False,"He did not repeat his persuasion of their not marrying, and from _that_"
himself,come,male,pronoun,nsubj,False,"“And till Colonel Forster came himself, not one of you entertained a doubt, I suppose, of their being really married?”"
father,know,male,role_noun,nsubj,False,My father and mother knew nothing of that; they only felt how imprudent a match it must be.
kitty,own,female,name,nsubj,False,"Kitty then owned, with a very natural triumph on knowing more than the rest of us, that in Lydia’s last letter she had prepared her for such a step."
she,prepare,female,pronoun,nsubj,False,"Kitty then owned, with a very natural triumph on knowing more than the rest of us, that in Lydia’s last letter she had prepared her for such a step."
she,know,female,pronoun,nsubj,False,"She had known, it seems, of their being in love with each other many weeks.”"
he,know,male,pronoun,nsubj,False,Does he know his real character?”
he,speak,male,pronoun,nsubj,False,“I must confess that he did not speak so well of Wickham as he formerly did.
he,do,male,pronoun,nsubj,False,“I must confess that he did not speak so well of Wickham as he formerly did.
he,believe,male,pronoun,nsubj,False,"He believed him to be imprudent and extravagant; and since this sad affair has taken place, it is said that he left Meryton greatly in debt: but I hop"
he,leave,male,pronoun,nsubj,False,"He believed him to be imprudent and extravagant; and since this sad affair has taken place, it is said that he left Meryton greatly in debt: but I hop"
he,bring,male,pronoun,nsubj,False,“He brought it with him for us to see.”
jane,take,female,name,nsubj,False,"Jane then took it from her pocket-book, and gave it to Elizabeth."
he,excuse,male,pronoun,nsubj,False,"Tell him I hope he will excuse me when he knows all, and tell him I will dance with him at the next ball we meet with great pleasure."
he,know,male,pronoun,nsubj,False,"Tell him I hope he will excuse me when he knows all, and tell him I will dance with him at the next ball we meet with great pleasure."
lydia,cry,female,name,nsubj,False,"“Oh, thoughtless, thoughtless Lydia!” cried Elizabeth when she had finished it."
she,finish,female,pronoun,nsubj,False,"“Oh, thoughtless, thoughtless Lydia!” cried Elizabeth when she had finished it."
he,persuade,male,pronoun,nsubj,False,"Whatever he might afterwards persuade her to, it was not on her side a _scheme_ of infamy."
he,feel,male,pronoun,nsubj,False,how he must have felt it!”
he,speak,male,pronoun,nsubj,False,He could not speak a word for full ten minutes.
mother,take,female,role_noun,nsubjpass,True,"My mother was taken ill immediately, and the whole house in such confusion!”"
jane,cry,female,name,nsubj,False,"“Oh, Jane,” cried Elizabeth, “was there a servant belonging to it who did not know the whole story before the end of the day?”"
elizabeth,cry,female,name,nsubj,False,"“Oh, Jane,” cried Elizabeth, “was there a servant belonging to it who did not know the whole story before the end of the day?”"
father,go,male,role_noun,nsubj,False,"My aunt Philips came to Longbourn on Tuesday, after my father went away; and was so good as to stay till Thursday with me."
she,walk,female,pronoun,nsubj,False,"She was of great use and comfort to us all, and Lady Lucas has been very kind: she walked here on Wednesday morning to condole with us, and offered he"
she,stay,female,pronoun,nsubj,False,"“She had better have stayed at home,” cried Elizabeth: “perhaps she _meant_ well, but, under such a misfortune as this, one cannot see too little of o"
elizabeth,cry,female,name,nsubj,False,"“She had better have stayed at home,” cried Elizabeth: “perhaps she _meant_ well, but, under such a misfortune as this, one cannot see too little of o"
she,mean,female,pronoun,nsubj,False,"“She had better have stayed at home,” cried Elizabeth: “perhaps she _meant_ well, but, under such a misfortune as this, one cannot see too little of o"
she,proceed,female,pronoun,nsubj,False,"She then proceeded to inquire into the measures which her father had intended to pursue, while in town, for the recovery of his daughter."
father,intend,male,role_noun,nsubj,False,"She then proceeded to inquire into the measures which her father had intended to pursue, while in town, for the recovery of his daughter."
he,mean,male,pronoun,nsubj,False,"“He meant, I believe,” replied Jane, “to go to Epsom, the place where they last changed horses, see the postilions, and try if anything could be made "
jane,reply,female,name,nsubj,False,"“He meant, I believe,” replied Jane, “to go to Epsom, the place where they last changed horses, see the postilions, and try if anything could be made "
he,think,male,pronoun,nsubj,False,It had come with a fare from London; and as he thought the circumstance of a gentleman and lady’s removing from one carriage into another might be rem
he,mean,male,pronoun,nsubj,False,It had come with a fare from London; and as he thought the circumstance of a gentleman and lady’s removing from one carriage into another might be rem
he,discover,male,pronoun,nsubj,False,"If he could anyhow discover at what house the coachman had before set down his fare, he determined to make inquiries there, and hoped it might not be "
he,determine,male,pronoun,nsubj,False,"If he could anyhow discover at what house the coachman had before set down his fare, he determined to make inquiries there, and hoped it might not be "
he,form,male,pronoun,nsubj,False,"I do not know of any other designs that he had formed; but he was in such a hurry to be gone, and his spirits so greatly discomposed, that I had diffi"
he,have,male,pronoun,nsubj,False,"They were forced to conclude, that he had no pleasing intelligence to send; but even of _that_"
he,set,male,pronoun,nsubj,False,Mr. Gardiner had waited only for the letters before he set off.
she,share,female,pronoun,nsubj,False,"She shared in their attendance on Mrs. Bennet, and was a great comfort to them in their hours of freedom."
she,say,female,pronoun,nsubj,False,"Their other aunt also visited them frequently, and always, as she said, with the design of cheering and heartening them up--though, as she never came "
she,come,female,pronoun,nsubj,False,"Their other aunt also visited them frequently, and always, as she said, with the design of cheering and heartening them up--though, as she never came "
she,go,female,pronoun,nsubj,False,"Their other aunt also visited them frequently, and always, as she said, with the design of cheering and heartening them up--though, as she never came "
she,find,female,pronoun,nsubj,False,"Their other aunt also visited them frequently, and always, as she said, with the design of cheering and heartening them up--though, as she never came "
he,declare,male,pronoun,nsubjpass,True,"He was declared to be in debt to every tradesman in the place, and his intrigues, all honoured with the title of seduction, had been extended into eve"
elizabeth,believe,female,name,nsubj,False,"Elizabeth, though she did not credit above half of what was said, believed enough to make her former assurance of her sister’s ruin still more certain"
she,credit,female,pronoun,nsubj,False,"Elizabeth, though she did not credit above half of what was said, believed enough to make her former assurance of her sister’s ruin still more certain"
jane,become,female,name,nsubj,False,"Elizabeth, though she did not credit above half of what was said, believed enough to make her former assurance of her sister’s ruin still more certain"
wife,receive,female,role_noun,nsubj,False,"Mr. Gardiner left Longbourn on Sunday; on Tuesday, his wife received a letter from him: it told them, that on his arrival he had immediately found out"
he,find,male,pronoun,nsubj,False,"Mr. Gardiner left Longbourn on Sunday; on Tuesday, his wife received a letter from him: it told them, that on his arrival he had immediately found out"
bennet,think,male,name,nsubj,False,"That Mr. Bennet had been to Epsom and Clapham, before his arrival, but without gaining any satisfactory information; and that he was now determined to"
he,mean,male,pronoun,nsubj,False,"Mr. Gardiner himself did not expect any success from this measure; but as his brother was eager in it, he meant to assist him in pursuing it."
he,add,male,pronoun,nsubj,False,"He added, that Mr. Bennet seemed wholly disinclined at present to leave London, and promised to write again very soon."
bennet,seem,male,name,nsubj,False,"He added, that Mr. Bennet seemed wholly disinclined at present to leave London, and promised to write again very soon."
wickham,have,male,name,nsubj,False,"There was also a postscript to this effect:-- “I have written to Colonel Forster to desire him to find out, if possible, from some of the young man’s "
he,conceal,male,pronoun,nsubj,False,"There was also a postscript to this effect:-- “I have written to Colonel Forster to desire him to find out, if possible, from some of the young man’s "
he,live,male,pronoun,nsubj,False,"But, on second thoughts, perhaps Lizzy could tell us what relations he has now living better than any other person.”"
she,hear,female,pronoun,nsubj,False,"She had never heard of his having had any relations, except a father and mother, both of whom had been dead many years."
jane,receive,female,name,nsubj,False,"But before they heard again from Mr. Gardiner, a letter arrived for their father, from a different quarter, from Mr. Collins; which, as Jane had recei"
she,read,female,pronoun,nsubj,False,"But before they heard again from Mr. Gardiner, a letter arrived for their father, from a different quarter, from Mr. Collins; which, as Jane had recei"
elizabeth,look,female,name,nsubj,False,"But before they heard again from Mr. Gardiner, a letter arrived for their father, from a different quarter, from Mr. Collins; which, as Jane had recei"
collins,sympathize,male,name,nsubj,False,"Be assured, my dear sir, that Mrs. Collins and myself sincerely sympathize with you, and all your respectable family, in your present distress, which "
charlotte,inform,female,name,nsubj,False,"And it is the more to be lamented, because there is reason to suppose, as my dear Charlotte informs me, that this licentiousness of behaviour in your "
daughter,proceed,female,role_noun,nsubj,False,"[_Copyright 1894 by George Allen._]] daughter has proceeded from a faulty degree of indulgence; though, at the same time, for the consolation of yours"
catherine,say,female,name,nsubj,False,"They agree with me in apprehending that this false step in one daughter will be injurious to the fortunes of all the others: for who, as Lady Catherin"
he,receive,male,pronoun,nsubj,False,"Mr. Gardiner did not write again, till he had received an answer from Colonel Forster; and then he had nothing of a pleasant nature to send."
he,have,male,pronoun,nsubj,False,"Mr. Gardiner did not write again, till he had received an answer from Colonel Forster; and then he had nothing of a pleasant nature to send."
wickham,have,male,name,nsubj,False,"It was not known that Wickham had a single relation with whom he kept up any connection, and it was certain that he had no near one living."
he,keep,male,pronoun,nsubj,False,"It was not known that Wickham had a single relation with whom he kept up any connection, and it was certain that he had no near one living."
he,have,male,pronoun,nsubj,False,"It was not known that Wickham had a single relation with whom he kept up any connection, and it was certain that he had no near one living."
he,leave,male,pronoun,nsubj,False,"And in the wretched state of his own finances, there was a very powerful motive for secrecy, in addition to his fear of discovery by Lydia’s relations"
he,owe,male,pronoun,nsubj,False,"He owed a good deal in the town, but his debts of honour were still more formidable."
jane,hear,female,name,nsubj,False,Mr. Gardiner did not attempt to conceal these particulars from the Longbourn family; Jane heard them with horror.
she,cry,female,pronoun,nsubj,False,she cried.
he,yield,male,pronoun,nsubj,False,"Rendered spiritless by the ill success of all their endeavours, he had yielded to his brother-in-law’s entreaty that he would return to his family and"
he,return,male,pronoun,nsubj,False,"Rendered spiritless by the ill success of all their endeavours, he had yielded to his brother-in-law’s entreaty that he would return to his family and"
bennet,tell,male,name,nsubjpass,True,"When Mrs. Bennet was told of this, she did not express so much satisfaction as her children expected, considering what her anxiety for his life had be"
she,express,female,pronoun,nsubj,False,"When Mrs. Bennet was told of this, she did not express so much satisfaction as her children expected, considering what her anxiety for his life had be"
he,come,male,pronoun,nsubj,False,"“What! is he coming home, and without poor Lydia?”"
she,cry,female,pronoun,nsubj,False,she cried.
he,leave,male,pronoun,nsubj,False,“Sure he will not leave London before he has found them.
he,find,male,pronoun,nsubj,False,“Sure he will not leave London before he has found them.
he,marry,male,pronoun,nsubj,False,"Who is to fight Wickham, and make him marry her, if he comes away?”"
he,come,male,pronoun,nsubj,False,"Who is to fight Wickham, and make him marry her, if he comes away?”"
she,go,female,pronoun,nsubj,False,"As Mrs. Gardiner began to wish to be at home, it was settled that she and her children should go to London at the same time that Mr. Bennet came from "
bennet,come,male,name,nsubj,False,"As Mrs. Gardiner began to wish to be at home, it was settled that she and her children should go to London at the same time that Mr. Bennet came from "
elizabeth,receive,female,name,nsubj,False,"Elizabeth had received none since her return, that could come from Pemberley."
she,know,female,pronoun,nsubj,False,"The present unhappy state of the family rendered any other excuse for the lowness of her spirits unnecessary; nothing, therefore, could be fairly conj"
she,bear,female,pronoun,nsubj,False,"The present unhappy state of the family rendered any other excuse for the lowness of her spirits unnecessary; nothing, therefore, could be fairly conj"
she,think,female,pronoun,nsubj,False,"It would have spared her, she thought, one sleepless night out of two."
bennet,arrive,male,name,nsubj,False,"When Mr. Bennet arrived, he had all the appearance of his usual philosophic composure."
he,have,male,pronoun,nsubj,False,"When Mr. Bennet arrived, he had all the appearance of his usual philosophic composure."
he,say,male,pronoun,nsubj,False,He said as little as he had ever been in the habit of saying; made no mention of the business that had taken him away; and it was some time before his
daughter,have,female,role_noun,nsubj,False,He said as little as he had ever been in the habit of saying; made no mention of the business that had taken him away; and it was some time before his
he,join,male,pronoun,nsubj,False,"It was not till the afternoon, when he joined them at tea, that Elizabeth ventured to introduce the subject; and then, on her briefly expressing her s"
elizabeth,venture,female,name,nsubj,False,"It was not till the afternoon, when he joined them at tea, that Elizabeth ventured to introduce the subject; and then, on her briefly expressing her s"
she,express,female,pronoun,nsubj,False,"It was not till the afternoon, when he joined them at tea, that Elizabeth ventured to introduce the subject; and then, on her briefly expressing her s"
he,endure,male,pronoun,nsubj,False,"It was not till the afternoon, when he joined them at tea, that Elizabeth ventured to introduce the subject; and then, on her briefly expressing her s"
he,reply,male,pronoun,nsubj,False,"It was not till the afternoon, when he joined them at tea, that Elizabeth ventured to introduce the subject; and then, on her briefly expressing her s"
elizabeth,reply,female,name,nsubj,False,"“You must not be too severe upon yourself,” replied Elizabeth."
lydia,use,female,name,nsubj,False,"“And Lydia used to want to go to London,” added Kitty."
kitty,add,female,name,nsubj,False,"“And Lydia used to want to go to London,” added Kitty."
father,say,male,role_noun,nsubj,False,"“She is happy, then,” said her father, drily; “and her residence there will probably be of some duration.”"
he,continue,male,pronoun,nsubj,False,"Then, after a short silence, he continued, “Lizzy, I bear you no ill-will for being justified in your advice to me last May, which, considering the ev"
he,cry,male,pronoun,nsubj,False,"“This is a parade,” cried he, “which does one good; it gives such an elegance to misfortune!"
kitty,run,female,name,nsubj,False,perhaps I may defer it till Kitty runs away.”
kitty,say,female,name,nsubj,False,"“I am not going to run away, papa,” said Kitty, fretfully."
kitty,begin,female,name,nsubj,False,"Kitty, who took all these threats in a serious light, began to cry."
he,make,male,pronoun,nsubj,False,"“Well, well,” said he, “do not make yourself unhappy."
jane,walk,female,name,nsubj,False,"[Illustration] Two days after Mr. Bennet’s return, as Jane and Elizabeth were walking together in the shrubbery behind the house, they saw the houseke"
she,come,female,pronoun,nsubj,False,"[Illustration] Two days after Mr. Bennet’s return, as Jane and Elizabeth were walking together in the shrubbery behind the house, they saw the houseke"
she,say,female,pronoun,nsubj,False,"[Illustration] Two days after Mr. Bennet’s return, as Jane and Elizabeth were walking together in the shrubbery behind the house, they saw the houseke"
he,walk,male,pronoun,nsubj,False,They ran through the vestibule into the breakfast-room; from thence to the library;--their father was in neither; and they were on the point of seekin
jane,lag,female,name,nsubj,False,"Jane, who was not so light, nor so much in the habit of running as Elizabeth, soon lagged behind, while her sister, panting for breath, came up with h"
sister,come,female,role_noun,nsubj,False,"Jane, who was not so light, nor so much in the habit of running as Elizabeth, soon lagged behind, while her sister, panting for breath, came up with h"
he,say,male,pronoun,nsubj,False,"“What is there of good to be expected?” said he, taking the letter from his pocket; “but perhaps you would like to read it.”"
elizabeth,catch,female,name,nsubj,False,Elizabeth impatiently caught it from his hand.
jane,come,female,name,nsubj,False,Jane now came up.
father,say,male,role_noun,nsubj,False,"“Read it aloud,” said their father, “for I hardly know myself what it is about.”"
jane,cry,female,name,nsubj,False,"[_Copyright 1894 by George Allen._]] “Then it is as I always hoped,” cried Jane: “they are married!”"
elizabeth,read,female,name,nsubj,False,Elizabeth read on: “I have seen them both.
she,come,female,pronoun,nsubj,False,She comes to us to-day.
elizabeth,cry,female,name,nsubj,False,"“Is it possible?” cried Elizabeth, when she had finished."
she,finish,female,pronoun,nsubj,False,"“Is it possible?” cried Elizabeth, when she had finished."
he,marry,male,pronoun,nsubj,False,“Can it be possible that he will marry her?”
sister,say,female,role_noun,nsubj,False,"“Wickham is not so undeserving, then, as we have thought him,” said her sister."
elizabeth,say,female,name,nsubj,False,“And have you answered the letter?” said Elizabeth.
she,entreat,female,pronoun,nsubj,False,Most earnestly did she then entreat him to lose no more time before he wrote.
he,write,male,pronoun,nsubj,False,Most earnestly did she then entreat him to lose no more time before he wrote.
she,cry,female,pronoun,nsubj,False,"my dear father,” she cried, “come back and write immediately."
jane,say,female,name,nsubj,False,"“Let me write for you,” said Jane, “if you dislike the trouble yourself.”"
he,reply,male,pronoun,nsubj,False,"“I dislike it very much,” he replied; “but it must be done.”"
he,turn,male,pronoun,nsubj,False,"And so saying, he turned back with them, and walked towards the house."
elizabeth,say,female,name,nsubj,False,"“And--may I ask?” said Elizabeth; “but the terms, I suppose, must be complied with.”"
jane,cry,female,name,nsubj,False,"my uncle!” cried Jane, “what do you mean, sir?”"
man,marry,male,role_noun,nsubj,False,"“I mean that no man in his proper senses would marry Lydia on so slight a temptation as one hundred a year during my life, and fifty after I am gone.”"
elizabeth,say,female,name,nsubj,False,"“That is very true,” said Elizabeth; “though it had not occurred to me before."
he,distress,male,pronoun,nsubj,False,"Generous, good man, I am afraid he has distressed himself."
father,say,male,role_noun,nsubj,False,"“No,” said her father."
he,take,male,pronoun,nsubj,False,"“Wickham’s a fool if he takes her with a farthing less than ten thousand pounds: I should be sorry to think so ill of him, in the very beginning of ou"
bennet,make,male,name,nsubj,False,"Mr. Bennet made no answer; and each of them, deep in thought, continued silent till they reached the house."
father,go,male,role_noun,nsubj,False,"Their father then went to the library to write, and the girls walked into the breakfast-room."
girl,walk,female,role_noun,nsubj,False,"Their father then went to the library to write, and the girls walked into the breakfast-room."
elizabeth,cry,female,name,nsubj,False,"“And they are really to be married!” cried Elizabeth, as soon as they were by themselves."
jane,reply,female,name,nsubj,False,"“I comfort myself with thinking,” replied Jane, “that he certainly would not marry Lydia, if he had not a real regard for her."
he,marry,male,pronoun,nsubj,False,"“I comfort myself with thinking,” replied Jane, “that he certainly would not marry Lydia, if he had not a real regard for her."
he,have,male,pronoun,nsubj,False,"“I comfort myself with thinking,” replied Jane, “that he certainly would not marry Lydia, if he had not a real regard for her."
he,have,male,pronoun,nsubj,False,"He has children of his own, and may have more."
he,spare,male,pronoun,nsubj,False,How could he spare half ten thousand pounds?”
elizabeth,say,female,name,nsubj,False,"“If we are ever able to learn what Wickham’s debts have been,” said Elizabeth, “and how much is settled on his side on our sister, we shall exactly kn"
she,deserve,female,pronoun,nsubj,False,"If such goodness does not make her miserable now, she will never deserve to be happy!"
she,see,female,pronoun,nsubj,False,"What a meeting for her, when she first sees my aunt!”"
jane,say,female,name,nsubj,False,"“We must endeavour to forget all that has passed on either side,” said Jane: “I hope and trust they will yet be happy."
he,come,male,pronoun,nsubjpass,True,"His consenting to marry her is a proof, I will believe, that he is come to a right way of thinking."
elizabeth,reply,female,name,nsubj,False,"“Their conduct has been such,” replied Elizabeth, “as neither you, nor I, nor anybody, can ever forget."
he,wish,male,pronoun,nsubj,False,"They went to the library, therefore, and asked their father whether he would not wish them to make it known to her."
he,write,male,pronoun,nsubj,False,"He was writing, and, without raising his head, coolly replied,-- “Just as you please.”"
elizabeth,take,female,name,nsubj,False,"Elizabeth took the letter from his writing-table, and they went upstairs together."
bennet,contain,male,name,nsubj,False,Mrs. Bennet could hardly contain herself.
jane,read,female,name,nsubj,False,"As soon as Jane had read Mr. Gardiner’s hope of Lydia’s being soon married, her joy burst forth, and every following sentence added to its exuberance."
daughter,marry,female,role_noun,nsubjpass,True,To know that her daughter would be married was enough.
she,disturb,female,pronoun,nsubjpass,True,"She was disturbed by no fear for her felicity, nor humbled by any remembrance of her misconduct."
she,cry,female,pronoun,nsubj,False,she cried: “this is delightful indeed!
she,marry,female,pronoun,nsubjpass,True,She will be married!
she,marry,female,pronoun,nsubjpass,True,She will be married at sixteen!
he,manage,male,pronoun,nsubj,False,I knew how it would be--I knew he would manage everything.
he,give,male,pronoun,nsubj,False,"Lizzy, my dear, run down to your father, and ask him how much he will give her."
daughter,endeavour,female,role_noun,nsubj,False,"Her eldest daughter endeavoured to give some relief to the violence of these transports, by leading her thoughts to the obligations which Mr. Gardiner"
she,add,female,pronoun,nsubj,False,"“For we must attribute this happy conclusion,” she added, “in a great measure to his kindness."
he,pledge,male,pronoun,nsubj,False,We are persuaded that he has pledged himself to assist Mr. Wickham with money.”
he,have,male,pronoun,nsubj,False,"If he had not had a family of his own, I and my children must have had all his money, you know; and it is the first time we have ever had anything fro"
daughter,marry,female,role_noun,nsubj,False,"In a short time, I shall have a daughter married."
she,proceed,female,pronoun,nsubj,False,"She was then proceeding to all the particulars of calico, muslin, and cambric, and would shortly have dictated some very plentiful orders, had not Jan"
she,observe,female,pronoun,nsubj,False,"One day’s delay, she observed, would be of small importance; and her mother was too happy to be quite so obstinate as usual."
she,say,female,pronoun,nsubj,False,"“I will go to Meryton,” said she, “as soon as I am dressed, and tell the good, good news to my sister Philips."
kitty,run,female,name,nsubj,False,"Kitty, run down and order the carriage."
girl,do,female,role_noun,nsubj,False,"Girls, can I do anything for you in Meryton?"
lydia,go,female,name,nsubj,False,Miss Lydia is going to be married; and you shall all have a bowl of punch to make merry at her wedding.”
elizabeth,receive,female,name,nsubj,False,"Elizabeth received her congratulations amongst the rest, and then, sick of this folly, took refuge in her own room, that she might think with freedom."
she,think,female,pronoun,nsubj,False,"Elizabeth received her congratulations amongst the rest, and then, sick of this folly, took refuge in her own room, that she might think with freedom."
she,need,female,pronoun,nsubj,False,"Poor Lydia’s situation must, at best, be bad enough; but that it was no worse, she had need to be thankful."
she,feel,female,pronoun,nsubj,False,"She felt it so; and though, in looking forward, neither rational happiness, nor worldly prosperity could be justly expected for her sister, in looking"
she,feel,female,pronoun,nsubj,False,"She felt it so; and though, in looking forward, neither rational happiness, nor worldly prosperity could be justly expected for her sister, in looking"
bennet,wish,male,name,nsubj,False,"] CHAPTER L. [Illustration] Mr. Bennet had very often wished, before this period of his life, that, instead of spending his whole income, he had laid "
he,lay,male,pronoun,nsubj,False,"] CHAPTER L. [Illustration] Mr. Bennet had very often wished, before this period of his life, that, instead of spending his whole income, he had laid "
she,survive,female,pronoun,nsubj,False,"] CHAPTER L. [Illustration] Mr. Bennet had very often wished, before this period of his life, that, instead of spending his whole income, he had laid "
he,wish,male,pronoun,nsubj,False,He now wished it more than ever.
he,do,male,pronoun,nsubj,False,"Had he done his duty in that respect, Lydia need not have been indebted to her uncle for whatever of honour or credit could now be purchased for her."
he,determine,male,pronoun,nsubjpass,True,He was seriously concerned that a cause of so little advantage to anyone should be forwarded at the sole expense of his brother-in-law; and he was det
bennet,marry,male,name,nsubj,False,"When first Mr. Bennet had married, economy was held to be perfectly useless; for, of course, they were to have a son."
daughter,enter,female,role_noun,nsubj,False,"Five daughters successively entered the world, but yet the son was to come; and Mrs. Bennet, for many years after Lydia’s birth, had been certain that"
bennet,have,male,name,nsubj,False,Mrs. Bennet had no turn for economy; and her husband’s love of independence had alone prevented their exceeding their income.
bennet,have,male,name,nsubj,False,"This was one point, with regard to Lydia at least, which was now to be settled, and Mr. Bennet could have no hesitation in acceding to the proposal be"
he,deliver,male,pronoun,nsubj,False,"In terms of grateful acknowledgment for the kindness of his brother, though expressed most concisely, he then delivered on paper his perfect approbati"
he,suppose,male,pronoun,nsubj,False,"He had never before supposed that, could Wickham be prevailed on to marry his daughter, it would be done with so little inconvenience to himself as by"
wickham,prevail,male,name,nsubjpass,True,"He had never before supposed that, could Wickham be prevailed on to marry his daughter, it would be done with so little inconvenience to himself as by"
he,return,male,pronoun,nsubj,False,"When the first transports of rage which had produced his activity in seeking her were over, he naturally returned to all his former indolence."
he,beg,male,pronoun,nsubj,False,He begged to know further particulars of what he was indebted to his brother; but was too angry with Lydia to send any message to her.
bennet,come,male,name,nsubj,False,"To be sure, it would have been more for the advantage of conversation, had Miss Lydia Bennet come upon the town; or, as the happiest alternative, been"
she,take,female,pronoun,nsubj,False,"It was a fortnight since Mrs. Bennet had been down stairs, but on this happy day she again took her seat at the head of her table, and in spirits oppr"
she,search,female,pronoun,nsubj,False,"She was busily searching through the neighbourhood for a proper situation for her daughter; and, without knowing or considering what their income migh"
she,say,female,pronoun,nsubj,False,"“Haye Park might do,” said she, “if the Gouldings would quit it, or the great house at Stoke, if the drawing-room were larger; but Ashworth is too far"
husband,allow,male,role_noun,nsubj,False,Her husband allowed her to talk on without interruption while the servants remained.
she,talk,female,pronoun,nsubj,False,Her husband allowed her to talk on without interruption while the servants remained.
he,say,male,pronoun,nsubj,False,"But when they had withdrawn, he said to her, “Mrs. Bennet, before you take any, or all of these houses, for your son and daughter, let us come to a ri"
bennet,find,male,name,nsubj,False,"A long dispute followed this declaration; but Mr. Bennet was firm: it soon led to another; and Mrs. Bennet found, with amazement and horror, that her "
husband,advance,male,role_noun,nsubj,False,"A long dispute followed this declaration; but Mr. Bennet was firm: it soon led to another; and Mrs. Bennet found, with amazement and horror, that her "
he,protest,male,pronoun,nsubj,False,He protested that she should receive from him no mark of affection whatever on the occasion.
she,receive,female,pronoun,nsubj,False,He protested that she should receive from him no mark of affection whatever on the occasion.
bennet,comprehend,male,name,nsubj,False,Mrs. Bennet could hardly comprehend it.
she,believe,female,pronoun,nsubj,False,"That his anger could be carried to such a point of inconceivable resentment as to refuse his daughter a privilege, without which her marriage would sc"
she,have,female,pronoun,nsubj,False,"Elizabeth was now most heartily sorry that she had, from the distress of the moment, been led to make Mr. Darcy acquainted with their fears for her si"
darcy,acquaint,male,name,nsubj,False,"Elizabeth was now most heartily sorry that she had, from the distress of the moment, been led to make Mr. Darcy acquainted with their fears for her si"
she,have,female,pronoun,nsubj,False,"She had no fear of its spreading farther, through his means."
she,depend,female,pronoun,nsubj,False,There were few people on whose secrecy she would have more confidently depended; but at the same time there was no one whose knowledge of a sister’s f
darcy,connect,male,name,nsubj,False,"Had Lydia’s marriage been concluded on the most honourable terms, it was not to be supposed that Mr. Darcy would connect himself with a family, where "
he,scorn,male,pronoun,nsubj,False,"Had Lydia’s marriage been concluded on the most honourable terms, it was not to be supposed that Mr. Darcy would connect himself with a family, where "
she,wonder,female,pronoun,nsubj,False,From such a connection she could not wonder that he should shrink.
he,shrink,male,pronoun,nsubj,False,From such a connection she could not wonder that he should shrink.
she,assure,female,pronoun,nsubj,False,"The wish of procuring her regard, which she had assured herself of his feeling in Derbyshire, could not in rational expectation survive such a blow as"
she,humble,female,pronoun,nsubjpass,True,"She was humbled, she was grieved; she repented, though she hardly knew of what."
she,grieve,female,pronoun,nsubjpass,True,"She was humbled, she was grieved; she repented, though she hardly knew of what."
she,repent,female,pronoun,nsubj,False,"She was humbled, she was grieved; she repented, though she hardly knew of what."
she,know,female,pronoun,nsubj,False,"She was humbled, she was grieved; she repented, though she hardly knew of what."
she,become,female,pronoun,nsubj,False,"She became jealous of his esteem, when she could no longer hope to be benefited by it."
she,hope,female,pronoun,nsubj,False,"She became jealous of his esteem, when she could no longer hope to be benefited by it."
she,want,female,pronoun,nsubj,False,"She wanted to hear of him, when there seemed the least chance of gaining intelligence."
she,think,female,pronoun,nsubj,False,"What a triumph for him, as she often thought, could he know that the proposals which she had proudly spurned only four months ago would now have been "
he,know,male,pronoun,nsubj,False,"What a triumph for him, as she often thought, could he know that the proposals which she had proudly spurned only four months ago would now have been "
she,spurn,female,pronoun,nsubj,False,"What a triumph for him, as she often thought, could he know that the proposals which she had proudly spurned only four months ago would now have been "
she,doubt,female,pronoun,nsubj,False,"He was as generous, she doubted not, as the most generous of his sex."
she,begin,female,pronoun,nsubj,False,"She began now to comprehend that he was exactly the man who, in disposition and talents, would most suit her."
she,receive,female,pronoun,nsubj,False,"It was an union that must have been to the advantage of both: by her ease and liveliness, his mind might have been softened, his manners improved; and"
she,imagine,female,pronoun,nsubj,False,How Wickham and Lydia were to be supported in tolerable independence she could not imagine.
she,conjecture,female,pronoun,nsubj,False,"But how little of permanent happiness could belong to a couple who were only brought together because their passions were stronger than their virtue, "
he,reply,male,pronoun,nsubj,False,"To Mr. Bennet’s acknowledgments he briefly replied, with assurances of his eagerness to promote the welfare of any of his family; and concluded with e"
wickham,resolve,male,name,nsubj,False,"The principal purport of his letter was to inform them, that Mr. Wickham had resolved on quitting the militia."
he,add,male,pronoun,nsubj,False,"“It was greatly my wish that he should do so,” he added, “as soon as his marriage was fixed on."
he,have,male,pronoun,nsubj,False,"He has the promise of an ensigncy in General----’s regiment, now quartered in the north."
he,promise,male,pronoun,nsubj,False,"He promises fairly; and I hope among different people, where they may each have a character to preserve, they will both be more prudent."
he,satisfy,male,pronoun,nsubj,False,"I have written to Colonel Forster, to inform him of our present arrangements, and to request that he will satisfy the various creditors of Mr. Wickham"
he,give,male,pronoun,nsubj,False,He has given in all his debts; I hope at least he has not deceived us.
he,deceive,male,pronoun,nsubj,False,He has given in all his debts; I hope at least he has not deceived us.
she,leave,female,pronoun,nsubj,False,"They will then join his regiment, unless they are first invited to Longbourn; and I understand from Mrs. Gardiner that my niece is very desirous of se"
bennet,see,male,name,nsubj,False,"Mr. Bennet and his daughters saw all the advantages of Wickham’s removal from the ----shire, as clearly as Mr. Gardiner could do."
lydia,settle,female,name,nsubjpass,True,"Lydia’s being settled in the north, just when she had expected most pleasure and pride in her company, for she had by no means given up her plan of th"
she,expect,female,pronoun,nsubj,False,"Lydia’s being settled in the north, just when she had expected most pleasure and pride in her company, for she had by no means given up her plan of th"
lydia,take,female,name,nsubjpass,True,"Lydia’s being settled in the north, just when she had expected most pleasure and pride in her company, for she had by no means given up her plan of th"
she,acquaint,female,pronoun,nsubjpass,True,"Lydia’s being settled in the north, just when she had expected most pleasure and pride in her company, for she had by no means given up her plan of th"
she,say,female,pronoun,nsubj,False,"“She is so fond of Mrs. Forster,” said she, “it will be quite shocking to send her away!"
she,like,female,pronoun,nsubj,False,"And there are several of the young men, too, that she likes very much."
she,set,female,pronoun,nsubj,False,"His daughter’s request, for such it might be considered, of being admitted into her family again, before she set off for the north, received at first "
she,notice,female,pronoun,nsubjpass,True,"But Jane and Elizabeth, who agreed in wishing, for the sake of their sister’s feelings and consequence, that she should be noticed on her marriage by "
he,prevail,male,pronoun,nsubjpass,True,"But Jane and Elizabeth, who agreed in wishing, for the sake of their sister’s feelings and consequence, that she should be noticed on her marriage by "
mother,have,female,role_noun,nsubj,False,"And their mother had the satisfaction of knowing, that she should be able to show her married daughter in the neighbourhood, before she was banished t"
she,banish,female,pronoun,nsubjpass,True,"And their mother had the satisfaction of knowing, that she should be able to show her married daughter in the neighbourhood, before she was banished t"
bennet,write,male,name,nsubj,False,"When Mr. Bennet wrote again to his brother, therefore, he sent his permission for them to come; and it was settled, that, as soon as the ceremony was "
he,send,male,pronoun,nsubj,False,"When Mr. Bennet wrote again to his brother, therefore, he sent his permission for them to come; and it was settled, that, as soon as the ceremony was "
wickham,consent,male,name,nsubj,False,"Elizabeth was surprised, however, that Wickham should consent to such a scheme; and, had she consulted only her own inclination, any meeting with him "
she,consult,female,pronoun,nsubj,False,"Elizabeth was surprised, however, that Wickham should consent to such a scheme; and, had she consulted only her own inclination, any meeting with him "
jane,feel,female,name,nsubj,False,[Illustration] Their sister’s wedding-day arrived; and Jane and Elizabeth felt for her probably more than she felt for herself.
she,feel,female,pronoun,nsubj,False,[Illustration] Their sister’s wedding-day arrived; and Jane and Elizabeth felt for her probably more than she felt for herself.
jane,have,female,name,nsubj,False,"Their arrival was dreaded by the elder Miss Bennets--and Jane more especially, who gave Lydia the feelings which would have attended herself, had _she"
sister,endure,female,role_noun,nsubj,False,"Their arrival was dreaded by the elder Miss Bennets--and Jane more especially, who gave Lydia the feelings which would have attended herself, had _she"
husband,look,male,role_noun,nsubj,False,"Smiles decked the face of Mrs. Bennet, as the carriage drove up to the door; her husband looked impenetrably grave; her daughters, alarmed, anxious, u"
she,run,female,pronoun,nsubj,False,"Lydia’s voice was heard in the vestibule; the door was thrown open, and she ran into the room."
mother,step,female,role_noun,nsubj,False,"Her mother stepped forwards, embraced her, and welcomed her with rapture; gave her hand with an affectionate smile to Wickham, who followed his lady; "
he,open,male,pronoun,nsubj,False,His countenance rather gained in austerity; and he scarcely opened his lips.
bennet,shock,male,name,nsubjpass,True,"Elizabeth was disgusted, and even Miss Bennet was shocked."
she,turn,female,pronoun,nsubj,False,"She turned from sister to sister, demanding their congratulations; and when at length they all sat down, looked eagerly round the room, took notice of"
he,claim,male,pronoun,nsubj,False,"Wickham was not at all more distressed than herself; but his manners were always so pleasing, that, had his character and his marriage been exactly wh"
elizabeth,believe,female,name,nsubj,False,"Elizabeth had not before believed him quite equal to such assurance; but she sat down, resolving within herself to draw no limits in future to the imp"
she,sit,female,pronoun,nsubj,False,"Elizabeth had not before believed him quite equal to such assurance; but she sat down, resolving within herself to draw no limits in future to the imp"
she,blush,female,pronoun,nsubj,False,"She_ blushed, and Jane blushed; but the cheeks of the two who caused their confusion suffered no variation of colour."
jane,blush,female,name,nsubj,False,"She_ blushed, and Jane blushed; but the cheeks of the two who caused their confusion suffered no variation of colour."
wickham,begin,male,name,nsubj,False,"The bride and her mother could neither of them talk fast enough; and Wickham, who happened to sit near Elizabeth, began inquiring after his acquaintan"
she,feel,female,pronoun,nsubj,False,"The bride and her mother could neither of them talk fast enough; and Wickham, who happened to sit near Elizabeth, began inquiring after his acquaintan"
lydia,lead,female,name,nsubj,False,Nothing of the past was recollected with pain; and Lydia led voluntarily to subjects which her sisters would not have alluded to for the world.
sister,allude,female,role_noun,nsubj,False,Nothing of the past was recollected with pain; and Lydia led voluntarily to subjects which her sisters would not have alluded to for the world.
she,cry,female,pronoun,nsubj,False,"“Only think of its being three months,” she cried, “since I went away: it seems but a fortnight, I declare; and yet there have been things enough happ"
father,lift,male,role_noun,nsubj,False,"Her father lifted up his eyes, Jane was distressed, Elizabeth looked expressively at Lydia; but she, who never heard nor saw anything of which she cho"
elizabeth,look,female,name,nsubj,False,"Her father lifted up his eyes, Jane was distressed, Elizabeth looked expressively at Lydia; but she, who never heard nor saw anything of which she cho"
she,choose,female,pronoun,nsubj,False,"Her father lifted up his eyes, Jane was distressed, Elizabeth looked expressively at Lydia; but she, who never heard nor saw anything of which she cho"
he,know,male,pronoun,nsubj,False,"I was afraid they might not; and we overtook William Goulding in his curricle, so I was determined he should know it, and so I let down the side glass"
he,see,male,pronoun,nsubj,False,"I was afraid they might not; and we overtook William Goulding in his curricle, so I was determined he should know it, and so I let down the side glass"
elizabeth,bear,female,name,nsubj,False,Elizabeth could bear it no longer.
she,get,female,pronoun,nsubj,False,"She got up and ran out of the room; and returned no more, till she heard them passing through the hall to the dining-parlour."
she,hear,female,pronoun,nsubj,False,"She got up and ran out of the room; and returned no more, till she heard them passing through the hall to the dining-parlour."
she,join,female,pronoun,nsubj,False,"She then joined them soon enough to see Lydia, with anxious parade, walk up to her mother’s right hand, and hear her say to her eldest sister,-- “Ah, "
she,say,female,pronoun,nsubj,False,"She then joined them soon enough to see Lydia, with anxious parade, walk up to her mother’s right hand, and hear her say to her eldest sister,-- “Ah, "
she,long,female,pronoun,nsubj,False,"She longed to see Mrs. Philips, the Lucases, and all their other neighbours, and to hear herself called “Mrs. Wickham” by each of them; and in the mea"
herself,call,female,pronoun,nsubj,False,"She longed to see Mrs. Philips, the Lucases, and all their other neighbours, and to hear herself called “Mrs. Wickham” by each of them; and in the mea"
she,go,female,pronoun,nsubj,False,"She longed to see Mrs. Philips, the Lucases, and all their other neighbours, and to hear herself called “Mrs. Wickham” by each of them; and in the mea"
she,say,female,pronoun,nsubj,False,"“Well, mamma,” said she, when they were all returned to the breakfast-room, “and what do you think of my husband?"
sister,envy,female,role_noun,nsubj,False,I am sure my sisters must all envy me.
mother,say,female,role_noun,nsubj,False,“I should like it beyond anything!” said her mother.
elizabeth,say,female,name,nsubj,False,"“I thank you for my share of the favour,” said Elizabeth; “but I do not particularly like your way of getting husbands.”"
wickham,receive,male,name,nsubj,False,"Mr. Wickham had received his commission before he left London, and he was to join his regiment at the end of a fortnight."
he,leave,male,pronoun,nsubj,False,"Mr. Wickham had received his commission before he left London, and he was to join his regiment at the end of a fortnight."
she,make,female,pronoun,nsubj,False,"No one but Mrs. Bennet regretted that their stay would be so short; and she made the most of the time by visiting about with her daughter, and having "
elizabeth,expect,female,name,nsubj,False,Wickham’s affection for Lydia was just what Elizabeth had expected to find it; not equal to Lydia’s for him.
she,need,female,pronoun,nsubj,False,"She had scarcely needed her present observation to be satisfied, from the reason of things, that their elopement had been brought on by the strength o"
she,wonder,female,pronoun,nsubj,False,"She had scarcely needed her present observation to be satisfied, from the reason of things, that their elopement had been brought on by the strength o"
he,choose,male,pronoun,nsubj,False,"She had scarcely needed her present observation to be satisfied, from the reason of things, that their elopement had been brought on by the strength o"
she,feel,female,pronoun,nsubj,False,"She had scarcely needed her present observation to be satisfied, from the reason of things, that their elopement had been brought on by the strength o"
he,do,male,pronoun,nsubj,False,He did everything best in the world; and she was sure he would kill more birds on the first of September than anybody else in the country.
he,kill,male,pronoun,nsubj,False,He did everything best in the world; and she was sure he would kill more birds on the first of September than anybody else in the country.
she,sit,female,pronoun,nsubj,False,"One morning, soon after their arrival, as she was sitting with her two elder sisters, she said to Elizabeth,-- “Lizzy, I never gave _you_ an account o"
she,say,female,pronoun,nsubj,False,"One morning, soon after their arrival, as she was sitting with her two elder sisters, she said to Elizabeth,-- “Lizzy, I never gave _you_ an account o"
elizabeth,reply,female,name,nsubj,False,"“No, really,” replied Elizabeth; “I think there cannot be too little said on the subject.”"
she,read,female,pronoun,nsubj,False,"And there was my aunt, all the time I was dressing, preaching and talking away just as if she was reading a sermon."
he,marry,male,pronoun,nsubjpass,True,I longed to know whether he would be married in his blue coat.
he,come,male,pronoun,nsubj,False,"But, luckily, he came back again in ten minutes’ time, and then we all set out."
darcy,do,male,name,nsubj,False,"However, I recollected afterwards, that if he _had_ been prevented going, the wedding need not be put off, for Mr. Darcy might have done as well.”"
darcy,repeat,male,name,nsubj,False,"“Mr. Darcy!” repeated Elizabeth, in utter amazement."
elizabeth,repeat,female,name,nsubj,False,"“Mr. Darcy!” repeated Elizabeth, in utter amazement."
wickham,say,male,name,nsubj,False,What will Wickham say?
jane,say,female,name,nsubj,False,"“If it was to be a secret,” said Jane, “say not another word on the subject."
elizabeth,say,female,name,nsubj,False,"“Oh, certainly,” said Elizabeth, though burning with curiosity; “we will ask you no questions.”"
lydia,say,female,name,nsubj,False,"“Thank you,” said Lydia; “for if you did, I should certainly tell you all, and then Wickham would be so angry.”"
elizabeth,force,female,name,nsubjpass,True,"On such encouragement to ask, Elizabeth was forced to put it out of her power, by running away."
she,bear,female,pronoun,nsubj,False,"She could not bear such suspense; and hastily seizing a sheet of paper, wrote a short letter to her aunt, to request an explanation of what Lydia had "
lydia,drop,female,name,nsubj,False,"She could not bear such suspense; and hastily seizing a sheet of paper, wrote a short letter to her aunt, to request an explanation of what Lydia had "
she,add,female,pronoun,nsubj,False,"“You may readily comprehend,” she added, “what my curiosity must be to know how a person unconnected with any of us, and, comparatively speaking, a st"
lydia,seem,female,name,nsubj,False,"Pray write instantly, and let me understand it--unless it is, for very cogent reasons, to remain in the secrecy which Lydia seems to think necessary; "
she,add,female,pronoun,nsubj,False,"“Not that I _shall_, though,” she added to herself, and she finished the letter; “and, my dear aunt, if you do not tell me in an honourable manner, I "
she,finish,female,pronoun,nsubj,False,"“Not that I _shall_, though,” she added to herself, and she finished the letter; “and, my dear aunt, if you do not tell me in an honourable manner, I "
she,speak,female,pronoun,nsubj,False,Jane’s delicate sense of honour would not allow her to speak to Elizabeth privately of what Lydia had let fall; Elizabeth was glad of it:--till it app
lydia,let,female,name,nsubj,False,Jane’s delicate sense of honour would not allow her to speak to Elizabeth privately of what Lydia had let fall; Elizabeth was glad of it:--till it app
she,listen,female,pronoun,nsubj,False,[Illustration: “I am sure she did not listen.”
elizabeth,have,female,name,nsubj,False,[Illustration] Elizabeth had the satisfaction of receiving an answer to her letter as soon as she possibly could.
she,sit,female,pronoun,nsubj,False,"She was no sooner in possession of it, than hurrying into the little copse, where she was least likely to be interrupted, she sat down on one of the b"
he,act,male,pronoun,nsubj,False,Your uncle is as much surprised as I am; and nothing but the belief of your being a party concerned would have allowed him to act as he has done.
he,do,male,pronoun,nsubj,False,Your uncle is as much surprised as I am; and nothing but the belief of your being a party concerned would have allowed him to act as he has done.
darcy,call,male,name,nsubj,False,"Mr. Darcy called, and was shut up with him several hours."
he,come,male,pronoun,nsubj,False,"He came to tell Mr. Gardiner that he had found out where your sister and Mr. Wickham were, and that he had seen and talked with them both--Wickham rep"
he,find,male,pronoun,nsubj,False,"He came to tell Mr. Gardiner that he had found out where your sister and Mr. Wickham were, and that he had seen and talked with them both--Wickham rep"
he,see,male,pronoun,nsubj,False,"He came to tell Mr. Gardiner that he had found out where your sister and Mr. Wickham were, and that he had seen and talked with them both--Wickham rep"
he,leave,male,pronoun,nsubj,False,"From what I can collect, he left Derbyshire only one day after ourselves, and came to town with the resolution of hunting for them."
woman,love,female,role_noun,nsubj,False,The motive professed was his conviction of its being owing to himself that Wickham’s worthlessness had not been so well known as to make it impossible
he,impute,male,pronoun,nsubj,False,"He generously imputed the whole to his mistaken pride, and confessed that he had before thought it beneath him to lay his private actions open to the "
he,think,male,pronoun,nsubj,False,"He generously imputed the whole to his mistaken pride, and confessed that he had before thought it beneath him to lay his private actions open to the "
he,call,male,pronoun,nsubj,False,"He called it, therefore, his duty to step forward, and endeavour to remedy an evil which had been brought on by himself."
he,have,male,pronoun,nsubj,False,"He had been some days in town before he was able to discover them; but he had something to direct his search, which was more than _we_ had; and the co"
he,say,male,pronoun,nsubj,False,"There is a lady, it seems, a Mrs. Younge, who was some time ago governess to Miss Darcy, and was dismissed from her charge on some cause of disapproba"
she,take,female,pronoun,nsubj,False,"She then took a large house in Edward Street, and has since maintained herself by letting lodgings."
he,know,male,pronoun,nsubj,False,"This Mrs. Younge was, he knew, intimately acquainted with Wickham; and he went to her for intelligence of him, as soon as he got to town."
he,go,male,pronoun,nsubj,False,"This Mrs. Younge was, he knew, intimately acquainted with Wickham; and he went to her for intelligence of him, as soon as he got to town."
he,get,male,pronoun,nsubj,False,"This Mrs. Younge was, he knew, intimately acquainted with Wickham; and he went to her for intelligence of him, as soon as he got to town."
he,get,male,pronoun,nsubj,False,But it was two or three days before he could get from her what he wanted.
he,want,male,pronoun,nsubj,False,But it was two or three days before he could get from her what he wanted.
she,betray,female,pronoun,nsubj,False,"She would not betray her trust, I suppose, without bribery and corruption, for she really did know where her friend was to be found."
she,know,female,pronoun,nsubj,False,"She would not betray her trust, I suppose, without bribery and corruption, for she really did know where her friend was to be found."
wickham,go,male,name,nsubj,False,"Wickham, indeed, had gone to her on their first arrival in London; and had she been able to receive them into her house, they would have taken up thei"
he,see,male,pronoun,nsubj,False,"He saw Wickham, and afterwards insisted on seeing Lydia."
he,acknowledge,male,pronoun,nsubj,False,"His first object with her, he acknowledged, had been to persuade her to quit her present disgraceful situation, and return to her friends as soon as t"
he,find,male,pronoun,nsubj,False,But he found Lydia absolutely resolved on remaining where she was.
lydia,resolve,female,name,nsubj,False,But he found Lydia absolutely resolved on remaining where she was.
she,care,female,pronoun,nsubj,False,She cared for none of her friends; she wanted no help of his; she would not hear of leaving Wickham.
she,want,female,pronoun,nsubj,False,She cared for none of her friends; she wanted no help of his; she would not hear of leaving Wickham.
she,hear,female,pronoun,nsubj,False,She cared for none of her friends; she wanted no help of his; she would not hear of leaving Wickham.
he,think,male,pronoun,nsubj,False,"Since such were her feelings, it only remained, he thought, to secure and expedite a marriage, which, in his very first conversation with Wickham, he "
he,learn,male,pronoun,nsubj,False,"Since such were her feelings, it only remained, he thought, to secure and expedite a marriage, which, in his very first conversation with Wickham, he "
he,confess,male,pronoun,nsubj,False,He confessed himself obliged to leave the regiment on account of some debts of honour which were very pressing; and scrupled not to lay all the ill co
himself,oblige,male,pronoun,nsubj,False,He confessed himself obliged to leave the regiment on account of some debts of honour which were very pressing; and scrupled not to lay all the ill co
he,mean,male,pronoun,nsubj,False,"He meant to resign his commission immediately; and as to his future situation, he could conjecture very little about it."
he,conjecture,male,pronoun,nsubj,False,"He meant to resign his commission immediately; and as to his future situation, he could conjecture very little about it."
he,go,male,pronoun,nsubj,False,"He must go somewhere, but he did not know where, and he knew he should have nothing to live on."
he,know,male,pronoun,nsubj,False,"He must go somewhere, but he did not know where, and he knew he should have nothing to live on."
he,know,male,pronoun,nsubj,False,"He must go somewhere, but he did not know where, and he knew he should have nothing to live on."
he,have,male,pronoun,nsubj,False,"He must go somewhere, but he did not know where, and he knew he should have nothing to live on."
darcy,ask,male,name,nsubj,False,Mr. Darcy asked why he did not marry your sister at once.
he,marry,male,pronoun,nsubj,False,Mr. Darcy asked why he did not marry your sister at once.
bennet,imagine,male,name,nsubjpass,True,"Though Mr. Bennet was not imagined to be very rich, he would have been able to do something for him, and his situation must have been benefited by mar"
he,find,male,pronoun,nsubj,False,"But he found, in reply to this question, that Wickham still cherished the hope of more effectually making his fortune by marriage, in some other count"
wickham,cherish,male,name,nsubj,False,"But he found, in reply to this question, that Wickham still cherished the hope of more effectually making his fortune by marriage, in some other count"
wickham,want,male,name,nsubj,False,"Wickham, of course, wanted more than he could get; but at length was reduced to be reasonable."
he,get,male,pronoun,nsubj,False,"Wickham, of course, wanted more than he could get; but at length was reduced to be reasonable."
he,call,male,pronoun,nsubj,False,"Everything being settled between _them_, Mr. Darcy’s next step was to make your uncle acquainted with it, and he first called in Gracechurch Street th"
darcy,find,male,name,nsubj,False,"But Mr. Gardiner could not be seen; and Mr. Darcy found, on further inquiry, that your father was still with him, but would quit town the next morning"
he,judge,male,pronoun,nsubj,False,"He did not judge your father to be a person whom he could so properly consult as your uncle, and therefore readily postponed seeing him till after the"
he,consult,male,pronoun,nsubj,False,"He did not judge your father to be a person whom he could so properly consult as your uncle, and therefore readily postponed seeing him till after the"
he,leave,male,pronoun,nsubj,False,"He did not leave his name, and till the next day it was only known that a gentleman had called on business."
gentleman,call,male,role_noun,nsubj,False,"He did not leave his name, and till the next day it was only known that a gentleman had called on business."
he,come,male,pronoun,nsubj,False,On Saturday he came again.
he,accuse,male,pronoun,nsubjpass,True,He has been accused of many faults at different times; but _this_ is the true one.
he,do,male,pronoun,nsubj,False,"Nothing was to be done that he did not do himself; though I am sure (and I do not speak it to be thanked, therefore say nothing about it) your uncle w"
he,receive,male,pronoun,nsubjpass,True,"It was owing to him, to his reserve and want of proper consideration, that Wickham’s character had been so misunderstood, and consequently that he had"
he,return,male,pronoun,nsubj,False,"When all this was resolved on, he returned again to his friends, who were still staying at Pemberley; but it was agreed that he should be in London on"
lydia,come,female,name,nsubj,False,"Lydia came to us, and Wickham had constant admission to the house."
wickham,have,male,name,nsubj,False,"Lydia came to us, and Wickham had constant admission to the house."
she,stay,female,pronoun,nsubj,False,He_ was exactly what he had been when I knew him in Hertfordshire; but I would not tell you how little I was satisfied with _her_ behaviour while she 
she,do,female,pronoun,nsubj,False,"I talked to her repeatedly in the most serious manner, representing to her the wickedness of what she had done, and all the unhappiness she had brough"
she,bring,female,pronoun,nsubj,False,"I talked to her repeatedly in the most serious manner, representing to her the wickedness of what she had done, and all the unhappiness she had brough"
she,hear,female,pronoun,nsubj,False,"If she heard me, it was by good luck, for I am sure she did not listen."
she,listen,female,pronoun,nsubj,False,"If she heard me, it was by good luck, for I am sure she did not listen."
lydia,inform,female,name,nsubj,False,"Mr. Darcy was punctual in his return, and, as Lydia informed you, attended the wedding."
he,dine,male,pronoun,nsubj,False,"He dined with us the next day, and was to leave town again on Wednesday or Thursday."
he,want,male,pronoun,nsubj,False,"His understanding and opinions all please me; he wants nothing but a little more liveliness, and _that_, if he marry _prudently_, his wife may teach h"
he,marry,male,pronoun,nsubj,False,"His understanding and opinions all please me; he wants nothing but a little more liveliness, and _that_, if he marry _prudently_, his wife may teach h"
wife,teach,female,role_noun,nsubj,False,"His understanding and opinions all please me; he wants nothing but a little more liveliness, and _that_, if he marry _prudently_, his wife may teach h"
he,mention,male,pronoun,nsubj,False,I thought him very sly; he hardly ever mentioned your name.
darcy,do,male,name,nsubj,False,"The vague and unsettled suspicions which uncertainty had produced, of what Mr. Darcy might have been doing to forward her sister’s match--which she ha"
she,fear,female,pronoun,nsubj,False,"The vague and unsettled suspicions which uncertainty had produced, of what Mr. Darcy might have been doing to forward her sister’s match--which she ha"
he,follow,male,pronoun,nsubj,False,"He had followed them purposely to town, he had taken on himself all the trouble and mortification attendant on such a research; in which supplication "
he,take,male,pronoun,nsubj,False,"He had followed them purposely to town, he had taken on himself all the trouble and mortification attendant on such a research; in which supplication "
he,abominate,male,pronoun,nsubj,False,"He had followed them purposely to town, he had taken on himself all the trouble and mortification attendant on such a research; in which supplication "
he,reduce,male,pronoun,nsubjpass,True,"He had followed them purposely to town, he had taken on himself all the trouble and mortification attendant on such a research; in which supplication "
he,wish,male,pronoun,nsubj,False,"He had followed them purposely to town, he had taken on himself all the trouble and mortification attendant on such a research; in which supplication "
he,do,male,pronoun,nsubj,False,He had done all this for a girl whom he could neither regard nor esteem.
he,regard,male,pronoun,nsubj,False,He had done all this for a girl whom he could neither regard nor esteem.
he,do,male,pronoun,nsubj,False,Her heart did whisper that he had done it for her.
she,feel,female,pronoun,nsubj,False,"But it was a hope shortly checked by other considerations; and she soon felt that even her vanity was insufficient, when required to depend on his aff"
he,give,male,pronoun,nsubj,False,"But he had given a reason for his interference, which asked no extraordinary stretch of belief."
he,feel,male,pronoun,nsubj,False,"It was reasonable that he should feel he had been wrong; he had liberality, and he had the means of exercising it; and though she would not place hers"
he,have,male,pronoun,nsubj,False,"It was reasonable that he should feel he had been wrong; he had liberality, and he had the means of exercising it; and though she would not place hers"
he,have,male,pronoun,nsubj,False,"It was reasonable that he should feel he had been wrong; he had liberality, and he had the means of exercising it; and though she would not place hers"
she,place,female,pronoun,nsubj,False,"It was reasonable that he should feel he had been wrong; he had liberality, and he had the means of exercising it; and though she would not place hers"
she,believe,female,pronoun,nsubj,False,"It was reasonable that he should feel he had been wrong; he had liberality, and he had the means of exercising it; and though she would not place hers"
she,grieve,female,pronoun,nsubj,False,"Oh, how heartily did she grieve over every ungracious sensation she had ever encouraged, every saucy speech she had ever directed towards him!"
she,encourage,female,pronoun,nsubj,False,"Oh, how heartily did she grieve over every ungracious sensation she had ever encouraged, every saucy speech she had ever directed towards him!"
she,direct,female,pronoun,nsubj,False,"Oh, how heartily did she grieve over every ungracious sensation she had ever encouraged, every saucy speech she had ever directed towards him!"
she,humble,female,pronoun,nsubjpass,True,"For herself she was humbled; but she was proud of him,--proud that in a cause of compassion and honour he had been able to get the better of himself."
she,read,female,pronoun,nsubj,False,She read over her aunt’s commendation of him again and again.
she,persuade,female,pronoun,nsubjpass,True,"She was even sensible of some pleasure, though mixed with regret, on finding how steadfastly both she and her uncle had been persuaded that affection "
she,rouse,female,pronoun,nsubjpass,True,"She was roused from her seat and her reflections, by someone’s approach; and, before she could strike into another path, she was overtaken by Wickham."
she,strike,female,pronoun,nsubj,False,"She was roused from her seat and her reflections, by someone’s approach; and, before she could strike into another path, she was overtaken by Wickham."
she,overtake,female,pronoun,nsubjpass,True,"She was roused from her seat and her reflections, by someone’s approach; and, before she could strike into another path, she was overtaken by Wickham."
he,say,male,pronoun,nsubj,False,"“I am afraid I interrupt your solitary ramble, my dear sister?” said he, as he joined her."
he,join,male,pronoun,nsubj,False,"“I am afraid I interrupt your solitary ramble, my dear sister?” said he, as he joined her."
she,reply,female,pronoun,nsubj,False,"“You certainly do,” she replied with a smile; “but it does not follow that the interruption must be unwelcome.”"
bennet,go,male,name,nsubj,False,Mrs. Bennet and Lydia are going in the carriage to Meryton.
she,reply,female,pronoun,nsubj,False,She replied in the affirmative.
she,mention,female,pronoun,nsubj,False,But of course she did not mention my name to you.”
she,do,female,pronoun,nsubj,False,"“Yes, she did.”"
she,say,female,pronoun,nsubj,False,“And what did she say?”
he,reply,male,pronoun,nsubj,False,"“Certainly,” he replied, biting his lips."
elizabeth,hope,female,name,nsubj,False,"Elizabeth hoped she had silenced him; but he soon afterwards said,-- “I was surprised to see Darcy in town last month."
she,silence,female,pronoun,nsubj,False,"Elizabeth hoped she had silenced him; but he soon afterwards said,-- “I was surprised to see Darcy in town last month."
he,do,male,pronoun,nsubj,False,I wonder what he can be doing there.”
elizabeth,say,female,name,nsubj,False,"“Perhaps preparing for his marriage with Miss de Bourgh,” said Elizabeth."
he,introduce,male,pronoun,nsubj,False,“Yes; he introduced us to his sister.”
she,improve,female,pronoun,nsubjpass,True,"“I have heard, indeed, that she is uncommonly improved within this year or two."
she,turn,female,pronoun,nsubj,False,I hope she will turn out well.”
she,get,female,pronoun,nsubj,False,“I dare say she will; she has got over the most trying age.”
darcy,mention,male,name,nsubj,False,Did you ever hear Darcy mention the circumstance when you were in Kent?”
she,walk,female,pronoun,nsubj,False,"They were now almost at the door of the house, for she had walked fast to get rid of him; and unwilling, for her sister’s sake, to provoke him, she on"
she,say,female,pronoun,nsubj,False,"They were now almost at the door of the house, for she had walked fast to get rid of him; and unwilling, for her sister’s sake, to provoke him, she on"
she,hold,female,pronoun,nsubj,False,"She held out her hand: he kissed it with affectionate gallantry, though he hardly knew how to look, and they entered the house."
he,kiss,male,pronoun,nsubj,False,"She held out her hand: he kissed it with affectionate gallantry, though he hardly knew how to look, and they entered the house."
he,know,male,pronoun,nsubj,False,"She held out her hand: he kissed it with affectionate gallantry, though he hardly knew how to look, and they entered the house."
he,distress,male,pronoun,nsubj,False,"[Illustration] Mr. Wickham was so perfectly satisfied with this conversation, that he never again distressed himself, or provoked his dear sister Eliz"
she,say,female,pronoun,nsubj,False,"[Illustration] Mr. Wickham was so perfectly satisfied with this conversation, that he never again distressed himself, or provoked his dear sister Eliz"
bennet,force,male,name,nsubjpass,True,"The day of his and Lydia’s departure soon came; and Mrs. Bennet was forced to submit to a separation, which, as her husband by no means entered into h"
husband,enter,male,role_noun,nsubj,False,"The day of his and Lydia’s departure soon came; and Mrs. Bennet was forced to submit to a separation, which, as her husband by no means entered into h"
she,cry,female,pronoun,nsubj,False,"“Oh, my dear Lydia,” she cried, “when shall we meet again?”"
woman,have,female,role_noun,nsubj,False,But you know married women have never much time for writing.
sister,write,female,role_noun,nsubj,False,My sisters may write to _me_.
he,smile,male,pronoun,nsubj,False,"He smiled, looked handsome, and said many pretty things."
bennet,say,male,name,nsubj,False,"“He is as fine a fellow,” said Mr. Bennet, as soon as they were out of the house, “as ever I saw."
he,simper,male,pronoun,nsubj,False,"He simpers, and smirks, and makes love to us all."
she,say,female,pronoun,nsubj,False,"“I often think,” said she, “that there is nothing so bad as parting with one’s friends."
elizabeth,say,female,name,nsubj,False,"“This is the consequence, you see, madam, of marrying a daughter,” said Elizabeth."
lydia,leave,female,name,nsubj,False,Lydia does not leave me because she is married; but only because her husband’s regiment happens to be so far off.
she,marry,female,pronoun,nsubjpass,True,Lydia does not leave me because she is married; but only because her husband’s regiment happens to be so far off.
she,go,female,pronoun,nsubj,False,"If that had been nearer, she would not have gone so soon.”"
she,look,female,pronoun,nsubj,False,"She looked at Jane, and smiled, and shook her head, by turns."
bingley,come,male,name,nsubj,False,"“Well, well, and so Mr. Bingley is coming down, sister,” (for Mrs. Philips first brought her the news)."
he,like,male,pronoun,nsubj,False,"But, however, he is very welcome to come to Netherfield, if he likes it."
he,come,male,pronoun,nsubj,False,"And so, it is quite certain he is coming?”"
she,pass,female,pronoun,nsubj,False,"“You may depend on it,” replied the other, “for Mrs. Nichols was in Meryton last night: I saw her passing by, and went out myself on purpose to know t"
she,tell,female,pronoun,nsubj,False,"“You may depend on it,” replied the other, “for Mrs. Nichols was in Meryton last night: I saw her passing by, and went out myself on purpose to know t"
he,come,male,pronoun,nsubj,False,"He comes down on Thursday, at the latest, very likely on Wednesday."
she,go,female,pronoun,nsubj,False,"She was going to the butcher’s, she told me, on purpose to order in some meat on Wednesday, and she has got three couple of ducks just fit to be kille"
she,tell,female,pronoun,nsubj,False,"She was going to the butcher’s, she told me, on purpose to order in some meat on Wednesday, and she has got three couple of ducks just fit to be kille"
she,get,female,pronoun,nsubj,False,"She was going to the butcher’s, she told me, on purpose to order in some meat on Wednesday, and she has got three couple of ducks just fit to be kille"
his,come,male,pronoun,nsubj,False,Miss Bennet had not been able to hear of his coming without changing colour.
she,mention,female,pronoun,nsubj,False,"It was many months since she had mentioned his name to Elizabeth; but now, as soon as they were alone together, she said,-- “I saw you look at me to-d"
he,come,male,pronoun,nsubj,False,"I am glad of one thing, that he comes alone; because we shall see the less of him."
elizabeth,know,female,name,nsubj,False,Elizabeth did not know what to make of it.
she,see,female,pronoun,nsubj,False,"Had she not seen him in Derbyshire, she might have supposed him capable of coming there with no other view than what was acknowledged; but she still t"
she,suppose,female,pronoun,nsubj,False,"Had she not seen him in Derbyshire, she might have supposed him capable of coming there with no other view than what was acknowledged; but she still t"
she,think,female,pronoun,nsubj,False,"Had she not seen him in Derbyshire, she might have supposed him capable of coming there with no other view than what was acknowledged; but she still t"
she,waver,female,pronoun,nsubj,False,"Had she not seen him in Derbyshire, she might have supposed him capable of coming there with no other view than what was acknowledged; but she still t"
his,come,male,pronoun,nsubj,False,"Had she not seen him in Derbyshire, she might have supposed him capable of coming there with no other view than what was acknowledged; but she still t"
she,think,female,pronoun,nsubj,False,"“Yet it is hard,” she sometimes thought, “that this poor man cannot come to a house, which he has legally hired, without raising all this speculation!"
man,come,male,role_noun,nsubj,False,"“Yet it is hard,” she sometimes thought, “that this poor man cannot come to a house, which he has legally hired, without raising all this speculation!"
he,hire,male,pronoun,nsubj,False,"“Yet it is hard,” she sometimes thought, “that this poor man cannot come to a house, which he has legally hired, without raising all this speculation!"
sister,declare,female,role_noun,nsubj,False,"In spite of what her sister declared, and really believed to be her feelings, in the expectation of his arrival, Elizabeth could easily perceive that "
elizabeth,perceive,female,name,nsubj,False,"In spite of what her sister declared, and really believed to be her feelings, in the expectation of his arrival, Elizabeth could easily perceive that "
she,see,female,pronoun,nsubj,False,"They were more disturbed, more unequal, than she had often seen them."
bingley,come,male,name,nsubj,False,"“As soon as ever Mr. Bingley comes, my dear,” said Mrs. Bennet, “you will wait on him, of course.”"
bennet,say,male,name,nsubj,False,"“As soon as ever Mr. Bingley comes, my dear,” said Mrs. Bennet, “you will wait on him, of course.”"
he,marry,male,pronoun,nsubj,False,"You forced me into visiting him last year, and promised, if I went to see him, he should marry one of my daughters."
wife,represent,female,role_noun,nsubj,False,"His wife represented to him how absolutely necessary such an attention would be from all the neighbouring gentlemen, on his returning to Netherfield."
he,say,male,pronoun,nsubj,False,"I despise,” said he."
he,want,male,pronoun,nsubj,False,"“If he wants our society, let him seek it."
he,seek,male,pronoun,nsubj,False,"“If he wants our society, let him seek it."
he,know,male,pronoun,nsubj,False,He knows where we live.
he,come,male,pronoun,nsubj,False,"As the day of his arrival drew near,-- “I begin to be sorry that he comes at all,” said Jane to her sister."
jane,say,female,name,nsubj,False,"As the day of his arrival drew near,-- “I begin to be sorry that he comes at all,” said Jane to her sister."
mother,mean,female,role_noun,nsubj,False,"My mother means well; but she does not know, no one can know, how much I suffer from what she says."
she,know,female,pronoun,nsubj,False,"My mother means well; but she does not know, no one can know, how much I suffer from what she says."
she,say,female,pronoun,nsubj,False,"My mother means well; but she does not know, no one can know, how much I suffer from what she says."
elizabeth,reply,female,name,nsubj,False,"“I wish I could say anything to comfort you,” replied Elizabeth; “but it is wholly out of my power."
bingley,arrive,male,name,nsubj,False,Mr. Bingley arrived.
bennet,contrive,male,name,nsubj,False,"Mrs. Bennet, through the assistance of servants, contrived to have the earliest tidings of it, that the period of anxiety and fretfulness on her side "
she,count,female,pronoun,nsubj,False,She counted the days that must intervene before their invitation could be sent--hopeless of seeing him before.
she,see,female,pronoun,nsubj,False,"But on the third morning after his arrival in Hertfordshire, she saw him from her dressing-room window enter the paddock, and ride towards the house."
daughter,call,female,role_noun,nsubjpass,True,Her daughters were eagerly called to partake of her joy.
jane,keep,female,name,nsubj,False,"Jane resolutely kept her place at the table; but Elizabeth, to satisfy her mother, went to the window--she looked--she saw Mr. Darcy with him, and sat"
she,look,female,pronoun,nsubj,False,"Jane resolutely kept her place at the table; but Elizabeth, to satisfy her mother, went to the window--she looked--she saw Mr. Darcy with him, and sat"
she,see,female,pronoun,nsubj,False,"Jane resolutely kept her place at the table; but Elizabeth, to satisfy her mother, went to the window--she looked--she saw Mr. Darcy with him, and sat"
kitty,say,female,name,nsubj,False,"“There is a gentleman with him, mamma,” said Kitty; “who can it be?”"
jane,look,female,name,nsubj,False,Jane looked at Elizabeth with surprise and concern.
she,know,female,pronoun,nsubj,False,"She knew but little of their meeting in Derbyshire, and therefore felt for the awkwardness which must attend her sister, in seeing him almost for the "
mother,talk,female,role_noun,nsubj,False,"Each felt for the other, and of course for themselves; and their mother talked on of her dislike of Mr. Darcy, and her resolution to be civil to him o"
elizabeth,have,female,name,nsubj,False,"But Elizabeth had sources of uneasiness which could not yet be suspected by Jane, to whom she had never yet had courage to show Mrs. Gardiner’s letter"
she,have,female,pronoun,nsubj,False,"But Elizabeth had sources of uneasiness which could not yet be suspected by Jane, to whom she had never yet had courage to show Mrs. Gardiner’s letter"
she,refuse,female,pronoun,nsubj,False,"To Jane, he could be only a man whose proposals she had refused, and whose merits she had undervalued; but to her own more extensive information, he w"
she,undervalue,female,pronoun,nsubj,False,"To Jane, he could be only a man whose proposals she had refused, and whose merits she had undervalued; but to her own more extensive information, he w"
she,regard,female,pronoun,nsubj,False,"To Jane, he could be only a man whose proposals she had refused, and whose merits she had undervalued; but to her own more extensive information, he w"
jane,feel,female,name,nsubj,False,"To Jane, he could be only a man whose proposals she had refused, and whose merits she had undervalued; but to her own more extensive information, he w"
his,come,male,pronoun,nsubj,False,"Her astonishment at his coming--at his coming to Netherfield, to Longbourn, and voluntarily seeking her again, was almost equal to what she had known "
she,know,female,pronoun,nsubj,False,"Her astonishment at his coming--at his coming to Netherfield, to Longbourn, and voluntarily seeking her again, was almost equal to what she had known "
she,think,female,pronoun,nsubj,False,"The colour which had been driven from her face returned for half a minute with an additional glow, and a smile of delight added lustre to her eyes, as"
he,behave,male,pronoun,nsubj,False,"“Let me first see how he behaves,” said she; “it will then be early enough for expectation.”"
she,say,female,pronoun,nsubj,False,"“Let me first see how he behaves,” said she; “it will then be early enough for expectation.”"
she,sit,female,pronoun,nsubj,False,"She sat intently at work, striving to be composed, and without daring to lift up her eyes, till anxious curiosity carried them to the face of her sist"
jane,look,female,name,nsubj,False,"Jane looked a little paler than usual, but more sedate than Elizabeth had expected."
elizabeth,expect,female,name,nsubj,False,"Jane looked a little paler than usual, but more sedate than Elizabeth had expected."
she,receive,female,pronoun,nsubj,False,"On the gentlemen’s appearing, her colour increased; yet she received them with tolerable ease, and with a propriety of behaviour equally free from any"
elizabeth,say,female,name,nsubj,False,"Elizabeth said as little to either as civility would allow, and sat down again to her work, with an eagerness which it did not often command."
she,venture,female,pronoun,nsubj,False,She had ventured only one glance at Darcy.
he,look,male,pronoun,nsubj,False,"He looked serious as usual; and, she thought, more as he had been used to look in Hertfordshire, than as she had seen him at Pemberley."
she,think,female,pronoun,nsubj,False,"He looked serious as usual; and, she thought, more as he had been used to look in Hertfordshire, than as she had seen him at Pemberley."
he,use,male,pronoun,nsubjpass,True,"He looked serious as usual; and, she thought, more as he had been used to look in Hertfordshire, than as she had seen him at Pemberley."
she,see,female,pronoun,nsubj,False,"He looked serious as usual; and, she thought, more as he had been used to look in Hertfordshire, than as she had seen him at Pemberley."
she,see,female,pronoun,nsubj,False,"Bingley she had likewise seen for an instant, and in that short period saw him looking both pleased and embarrassed."
he,look,male,pronoun,nsubj,False,"Bingley she had likewise seen for an instant, and in that short period saw him looking both pleased and embarrassed."
he,receive,male,pronoun,nsubjpass,True,"He was received by Mrs. Bennet with a degree of civility which made her two daughters ashamed, especially when contrasted with the cold and ceremoniou"
daughter,ashame,female,role_noun,nsubj,False,"He was received by Mrs. Bennet with a degree of civility which made her two daughters ashamed, especially when contrasted with the cold and ceremoniou"
elizabeth,hurt,female,name,nsubjpass,True,"Elizabeth particularly, who knew that her mother owed to the latter the preservation of her favourite daughter from irremediable infamy, was hurt and "
mother,owe,female,role_noun,nsubj,False,"Elizabeth particularly, who knew that her mother owed to the latter the preservation of her favourite daughter from irremediable infamy, was hurt and "
she,answer,female,pronoun,nsubj,False,"Darcy, after inquiring of her how Mr. and Mrs. Gardiner did--a question which she could not answer without confusion--said scarcely anything."
he,seat,male,pronoun,nsubjpass,True,He was not seated by her: perhaps that was the reason of his silence; but it had not been so in Derbyshire.
he,talk,male,pronoun,nsubj,False,There he had talked to her friends when he could not to herself.
she,raise,female,pronoun,nsubj,False,"But now several minutes elapsed, without bringing the sound of his voice; and when occasionally, unable to resist the impulse of curiosity, she raised"
she,find,female,pronoun,nsubj,False,"But now several minutes elapsed, without bringing the sound of his voice; and when occasionally, unable to resist the impulse of curiosity, she raised"
he,look,male,pronoun,nsubj,False,"But now several minutes elapsed, without bringing the sound of his voice; and when occasionally, unable to resist the impulse of curiosity, she raised"
she,say,female,pronoun,nsubj,False,“Could I expect it to be otherwise?” said she.
he,come,male,pronoun,nsubj,False,“Yet why did he come?”
she,inquire,female,pronoun,nsubj,False,"She inquired after his sister, but could do no more."
bingley,say,male,name,nsubj,False,"“It is a long time, Mr. Bingley, since you went away,” said Mrs. Bennet."
bennet,say,male,name,nsubj,False,"“It is a long time, Mr. Bingley, since you went away,” said Mrs. Bennet."
he,agree,male,pronoun,nsubj,False,He readily agreed to it.
wickham,say,male,name,nsubj,False,"It was only said, ‘Lately, George Wickham, Esq., to Miss Lydia Bennet,’ without there being a syllable said of her father, or the place where she live"
she,live,female,pronoun,nsubj,False,"It was only said, ‘Lately, George Wickham, Esq., to Miss Lydia Bennet,’ without there being a syllable said of her father, or the place where she live"
he,come,male,pronoun,nsubj,False,"It was my brother Gardiner’s drawing up, too, and I wonder how he came to make such an awkward business of it."
bingley,reply,male,name,nsubj,False,"Bingley replied that he did, and made his congratulations."
he,do,male,pronoun,nsubj,False,"Bingley replied that he did, and made his congratulations."
elizabeth,lift,female,name,nsubj,False,Elizabeth dared not lift up her eyes.
darcy,look,male,name,nsubj,False,"How Mr. Darcy looked, therefore, she could not tell."
she,tell,female,pronoun,nsubj,False,"How Mr. Darcy looked, therefore, she could not tell."
she,take,female,pronoun,nsubj,False,"“It is a delightful thing, to be sure, to have a daughter well married,” continued her mother; “but at the same time, Mr. Bingley, it is very hard to "
his,leave,male,pronoun,nsubj,False,"His regiment is there; for I suppose you have heard of his leaving the ----shire, and of his being gone into the Regulars."
his,go,male,pronoun,nsubjpass,True,"His regiment is there; for I suppose you have heard of his leaving the ----shire, and of his being gone into the Regulars."
he,have,male,pronoun,nsubj,False,"he has _some_ friends, though, perhaps, not so many as he deserves.”"
he,deserve,male,pronoun,nsubj,False,"he has _some_ friends, though, perhaps, not so many as he deserves.”"
she,keep,female,pronoun,nsubj,False,"Elizabeth, who knew this to be levelled at Mr. Darcy, was in such misery of shame that she could hardly keep her seat."
she,ask,female,pronoun,nsubj,False,"It drew from her, however, the exertion of speaking, which nothing else had so effectually done before; and she asked Bingley whether he meant to make"
he,mean,male,pronoun,nsubj,False,"It drew from her, however, the exertion of speaking, which nothing else had so effectually done before; and she asked Bingley whether he meant to make"
he,believe,male,pronoun,nsubj,False,"A few weeks, he believed."
mother,say,female,role_noun,nsubj,False,"“When you have killed all your own birds, Mr. Bingley,” said her mother, “I beg you will come here and shoot as many as you please on Mr. Bennet’s man"
she,persuade,female,pronoun,nsubjpass,True,"Were the same fair prospect to arise at present, as had flattered them a year ago, everything, she was persuaded, would be hastening to the same vexat"
she,feel,female,pronoun,nsubj,False,"At that instant she felt, that years of happiness could not make Jane or herself amends for moments of such painful confusion."
she,say,female,pronoun,nsubj,False,"“The first wish of my heart,” said she to herself, “is never more to be in company with either of them."
he,come,male,pronoun,nsubj,False,"When first he came in, he had spoken to her but little, but every five minutes seemed to be giving her more of his attention."
he,speak,male,pronoun,nsubj,False,"When first he came in, he had spoken to her but little, but every five minutes seemed to be giving her more of his attention."
he,find,male,pronoun,nsubj,False,"He found her as handsome as she had been last year; as good-natured, and as unaffected, though not quite so chatty."
she,talk,female,pronoun,nsubj,False,"Jane was anxious that no difference should be perceived in her at all, and was really persuaded that she talked as much as ever; but her mind was so b"
she,know,female,pronoun,nsubj,False,"Jane was anxious that no difference should be perceived in her at all, and was really persuaded that she talked as much as ever; but her mind was so b"
gentleman,rise,male,role_noun,nsubj,False,"When the gentlemen rose to go away, Mrs. Bennet was mindful of her intended civility, and they were invited and engaged to dine at Longbourn in a few "
she,add,female,pronoun,nsubj,False,"“You are quite a visit in my debt, Mr. Bingley,” she added; “for when you went to town last winter, you promised to take a family dinner with us as so"
bingley,look,male,name,nsubj,False,"Bingley looked a little silly at this reflection, and said something of his concern at having been prevented by business."
she,keep,female,pronoun,nsubj,False,"Mrs. Bennet had been strongly inclined to ask them to stay and dine there that day; but, though she always kept a very good table, she did not think a"
she,think,female,pronoun,nsubj,False,"Mrs. Bennet had been strongly inclined to ask them to stay and dine there that day; but, though she always kept a very good table, she did not think a"
she,have,female,pronoun,nsubj,False,"Mrs. Bennet had been strongly inclined to ask them to stay and dine there that day; but, though she always kept a very good table, she did not think a"
jane,happen,female,name,nsubj,False,[Illustration: “Jane happened to look round” ] CHAPTER LIV.
elizabeth,walk,female,name,nsubj,False,"[Illustration] As soon as they were gone, Elizabeth walked out to recover her spirits; or, in other words, to dwell without interruption on those subj"
he,come,male,pronoun,nsubj,False,"“Why, if he came only to be silent, grave, and indifferent,” said she, “did he come at all?”"
she,say,female,pronoun,nsubj,False,"“Why, if he came only to be silent, grave, and indifferent,” said she, “did he come at all?”"
he,come,male,pronoun,nsubj,False,"“Why, if he came only to be silent, grave, and indifferent,” said she, “did he come at all?”"
she,settle,female,pronoun,nsubj,False,She could settle it in no way that gave her pleasure.
he,fear,male,pronoun,nsubj,False,"If he fears me, why come hither?"
he,care,male,pronoun,nsubj,False,"If he no longer cares for me, why silent?"
she,say,female,pronoun,nsubj,False,"“Now,” said she, “that this first meeting is over, I feel perfectly easy."
he,dine,male,pronoun,nsubj,False,I am glad he dines here on Tuesday.
elizabeth,say,female,name,nsubj,False,"“Yes, very indifferent, indeed,” said Elizabeth, laughingly."
bennet,give,male,name,nsubj,False,"They did not see the gentlemen again till Tuesday; and Mrs. Bennet, in the meanwhile, was giving way to all the happy schemes which the good-humour an"
elizabeth,watch,female,name,nsubj,False,"When they repaired to the dining-room, Elizabeth eagerly watched to see whether Bingley would take the place which, in all their former parties, had b"
bingley,take,male,name,nsubj,False,"When they repaired to the dining-room, Elizabeth eagerly watched to see whether Bingley would take the place which, in all their former parties, had b"
he,seem,male,pronoun,nsubj,False,"On entering the room, he seemed to hesitate; but Jane happened to look round, and happened to smile: it was decided."
jane,happen,female,name,nsubj,False,"On entering the room, he seemed to hesitate; but Jane happened to look round, and happened to smile: it was decided."
he,place,male,pronoun,nsubj,False,He placed himself by her.
elizabeth,look,female,name,nsubj,False,"Elizabeth, with a triumphant sensation, looked towards his friend."
he,bear,male,pronoun,nsubj,False,"He bore it with noble indifference; and she would have imagined that Bingley had received his sanction to be happy, had she not seen his eyes likewise"
she,imagine,female,pronoun,nsubj,False,"He bore it with noble indifference; and she would have imagined that Bingley had received his sanction to be happy, had she not seen his eyes likewise"
bingley,receive,male,name,nsubj,False,"He bore it with noble indifference; and she would have imagined that Bingley had received his sanction to be happy, had she not seen his eyes likewise"
she,see,female,pronoun,nsubj,False,"He bore it with noble indifference; and she would have imagined that Bingley had received his sanction to be happy, had she not seen his eyes likewise"
she,depend,female,pronoun,nsubj,False,"Though she dared not depend upon the consequence, she yet received pleasure from observing his behaviour."
she,receive,female,pronoun,nsubj,False,"Though she dared not depend upon the consequence, she yet received pleasure from observing his behaviour."
she,know,female,pronoun,nsubj,False,"She knew how little such a situation would give pleasure to either, or make either appear to advantage."
she,see,female,pronoun,nsubj,False,"She was not near enough to hear any of their discourse; but she could see how seldom they spoke to each other, and how formal and cold was their manne"
she,give,female,pronoun,nsubj,False,"Her mother’s ungraciousness made the sense of what they owed him more painful to Elizabeth’s mind; and she would, at times, have given anything to be "
gentleman,come,male,role_noun,nsubj,False,"Anxious and uneasy, the period which passed in the drawing-room before the gentlemen came, was wearisome and dull to a degree that almost made her unc"
she,look,female,pronoun,nsubj,False,She looked forward to their entrance as the point on which all her chance of pleasure for the evening must depend.
he,come,male,pronoun,nsubj,False,"“If he does not come to me, _then_,” said she, “I shall give him up for ever.”"
she,say,female,pronoun,nsubj,False,"“If he does not come to me, _then_,” said she, “I shall give him up for ever.”"
gentleman,come,male,role_noun,nsubj,False,"The gentlemen came; and she thought he looked as if he would have answered her hopes; but, alas!"
she,think,female,pronoun,nsubj,False,"The gentlemen came; and she thought he looked as if he would have answered her hopes; but, alas!"
he,look,male,pronoun,nsubj,False,"The gentlemen came; and she thought he looked as if he would have answered her hopes; but, alas!"
he,answer,male,pronoun,nsubj,False,"The gentlemen came; and she thought he looked as if he would have answered her hopes; but, alas!"
lady,crowd,female,role_noun,nsubj,False,"the ladies had crowded round the table, where Miss Bennet was making tea, and Elizabeth pouring out the coffee, in so close a confederacy, that there "
bennet,make,male,name,nsubj,False,"the ladies had crowded round the table, where Miss Bennet was making tea, and Elizabeth pouring out the coffee, in so close a confederacy, that there "
elizabeth,pour,female,name,nsubj,False,"the ladies had crowded round the table, where Miss Bennet was making tea, and Elizabeth pouring out the coffee, in so close a confederacy, that there "
man,come,male,role_noun,nsubj,False,"And on the gentlemen’s approaching, one of the girls moved closer to her than ever, and said, in a whisper,-- “The men shan’t come and part us, I am d"
darcy,walk,male,name,nsubj,False,Darcy had walked away to another part of the room.
she,follow,female,pronoun,nsubj,False,"She followed him with her eyes, envied everyone to whom he spoke, had scarcely patience enough to help anybody to coffee, and then was enraged against"
he,speak,male,pronoun,nsubj,False,"She followed him with her eyes, envied everyone to whom he spoke, had scarcely patience enough to help anybody to coffee, and then was enraged against"
his,bring,male,pronoun,nsubj,False,"She was a little revived, however, by his bringing back his coffee-cup himself; and she seized the opportunity of saying,-- “Is your sister at Pemberl"
she,seize,female,pronoun,nsubj,False,"She was a little revived, however, by his bringing back his coffee-cup himself; and she seized the opportunity of saying,-- “Is your sister at Pemberl"
she,remain,female,pronoun,nsubj,False,“Yes; she will remain there till Christmas.”
she,think,female,pronoun,nsubj,False,"She could think of nothing more to say; but if he wished to converse with her, he might have better success."
he,wish,male,pronoun,nsubj,False,"She could think of nothing more to say; but if he wished to converse with her, he might have better success."
he,have,male,pronoun,nsubj,False,"She could think of nothing more to say; but if he wished to converse with her, he might have better success."
he,stand,male,pronoun,nsubj,False,"He stood by her, however, for some minutes, in silence; and, at last, on the young lady’s whispering to Elizabeth again, he walked away."
he,walk,male,pronoun,nsubj,False,"He stood by her, however, for some minutes, in silence; and, at last, on the young lady’s whispering to Elizabeth again, he walked away."
lady,rise,female,role_noun,nsubj,False,"When the tea things were removed, and the card tables placed, the ladies all rose; and Elizabeth was then hoping to be soon joined by him, when all he"
elizabeth,hope,female,name,nsubj,False,"When the tea things were removed, and the card tables placed, the ladies all rose; and Elizabeth was then hoping to be soon joined by him, when all he"
he,fall,male,pronoun,nsubj,False,"When the tea things were removed, and the card tables placed, the ladies all rose; and Elizabeth was then hoping to be soon joined by him, when all he"
she,lose,female,pronoun,nsubj,False,She now lost every expectation of pleasure.
she,have,female,pronoun,nsubj,False,"They were confined for the evening at different tables; and she had nothing to hope, but that his eyes were so often turned towards her side of the ro"
he,play,male,pronoun,nsubj,False,"They were confined for the evening at different tables; and she had nothing to hope, but that his eyes were so often turned towards her side of the ro"
bennet,design,male,name,nsubj,False,"Mrs. Bennet had designed to keep the two Netherfield gentlemen to supper; but their carriage was, unluckily, ordered before any of the others, and she"
she,have,female,pronoun,nsubj,False,"Mrs. Bennet had designed to keep the two Netherfield gentlemen to supper; but their carriage was, unluckily, ordered before any of the others, and she"
girl,say,female,role_noun,nsubj,False,"“Well, girls,” said she, as soon as they were left to themselves, “what say you to the day?"
she,say,female,pronoun,nsubj,False,"“Well, girls,” said she, as soon as they were left to themselves, “what say you to the day?"
darcy,acknowledge,male,name,nsubj,False,The soup was fifty times better than what we had at the Lucases’ last week; and even Mr. Darcy acknowledged that the partridges were remarkably well d
he,have,male,pronoun,nsubj,False,The soup was fifty times better than what we had at the Lucases’ last week; and even Mr. Darcy acknowledged that the partridges were remarkably well d
she,say,female,pronoun,nsubj,False,And what do you think she said besides?
she,do,female,pronoun,nsubj,False,"She did, indeed."
she,see,female,pronoun,nsubj,False,"] Mrs. Bennet, in short, was in very great spirits: she had seen enough of Bingley’s behaviour to Jane to be convinced that she would get him at last;"
she,get,female,pronoun,nsubj,False,"] Mrs. Bennet, in short, was in very great spirits: she had seen enough of Bingley’s behaviour to Jane to be convinced that she would get him at last;"
bennet,say,male,name,nsubj,False,"“It has been a very agreeable day,” said Miss Bennet to Elizabeth."
elizabeth,smile,female,name,nsubj,False,Elizabeth smiled.
he,have,male,pronoun,nsubj,False,"I am perfectly satisfied, from what his manners now are, that he never had any design of engaging my affection."
he,bless,male,pronoun,nsubjpass,True,"It is only that he is blessed with greater sweetness of address, and a stronger desire of generally pleasing, than any other man.”"
sister,say,female,role_noun,nsubj,False,"“You are very cruel,” said her sister, “you will not let me smile, and are provoking me to it every moment.”"
bingley,call,male,name,nsubj,False,"[Illustration] A few days after this visit, Mr. Bingley called again, and alone."
he,sit,male,pronoun,nsubj,False,"He sat with them above an hour, and was in remarkably good spirits."
bennet,invite,male,name,nsubj,False,"Mrs. Bennet invited him to dine with them; but, with many expressions of concern, he confessed himself engaged elsewhere."
he,confess,male,pronoun,nsubj,False,"Mrs. Bennet invited him to dine with them; but, with many expressions of concern, he confessed himself engaged elsewhere."
himself,engage,male,pronoun,nsubj,False,"Mrs. Bennet invited him to dine with them; but, with many expressions of concern, he confessed himself engaged elsewhere."
she,say,female,pronoun,nsubj,False,"“Next time you call,” said she, “I hope we shall be more lucky.”"
she,give,female,pronoun,nsubj,False,"He should be particularly happy at any time, etc., etc.; and if she would give him leave, would take an early opportunity of waiting on them."
he,have,male,pronoun,nsubj,False,"Yes, he had no engagement at all for to-morrow; and her invitation was accepted with alacrity."
he,come,male,pronoun,nsubj,False,"He came, and in such very good time, that the ladies were none of them dressed."
bennet,run,male,name,nsubj,False,"In ran Mrs. Bennet to her daughters’ room, in her dressing-gown, and with her hair half finished, crying out,-- “My dear Jane, make haste and hurry do"
he,come,male,pronoun,nsubjpass,True,He is come--Mr. Bingley is come.
bingley,come,male,name,nsubjpass,True,He is come--Mr. Bingley is come.
jane,say,female,name,nsubj,False,"“We will be down as soon as we can,” said Jane; “but I dare say Kitty is forwarder than either of us, for she went upstairs half an hour ago.”"
she,go,female,pronoun,nsubj,False,"“We will be down as soon as we can,” said Jane; “but I dare say Kitty is forwarder than either of us, for she went upstairs half an hour ago.”"
she,do,female,pronoun,nsubj,False,what has she to do with it?
jane,prevail,female,name,nsubjpass,True,"But when her mother was gone, Jane would not be prevailed on to go down without one of her sisters."
bennet,retire,male,name,nsubj,False,"After tea, Mr. Bennet retired to the library, as was his custom, and Mary went upstairs to her instrument."
mary,go,female,name,nsubj,False,"After tea, Mr. Bennet retired to the library, as was his custom, and Mary went upstairs to her instrument."
bennet,sit,male,name,nsubj,False,"Two obstacles of the five being thus removed, Mrs. Bennet sat looking and winking at Elizabeth and Catherine for a considerable time, without making a"
elizabeth,observe,female,name,nsubj,False,"Elizabeth would not observe her; and when at last Kitty did, she very innocently said, “What is the matter, mamma?"
kitty,do,female,name,nsubj,False,"Elizabeth would not observe her; and when at last Kitty did, she very innocently said, “What is the matter, mamma?"
she,say,female,pronoun,nsubj,False,"Elizabeth would not observe her; and when at last Kitty did, she very innocently said, “What is the matter, mamma?"
she,sit,female,pronoun,nsubj,False,"She then sat still five minutes longer; but unable to waste such a precious occasion, she suddenly got up, and saying to Kitty,-- “Come here, my love,"
she,get,female,pronoun,nsubj,False,"She then sat still five minutes longer; but unable to waste such a precious occasion, she suddenly got up, and saying to Kitty,-- “Come here, my love,"
jane,give,female,name,nsubj,False,"Jane instantly gave a look at Elizabeth which spoke her distress at such premeditation, and her entreaty that _"
she,give,female,pronoun,nsubj,False,she_ would not give in to it.
elizabeth,force,female,name,nsubjpass,True,Elizabeth was forced to go.
mother,say,female,role_noun,nsubj,False,"“We may as well leave them by themselves, you know,” said her mother as soon as she was in the hall."
kitty,go,female,name,nsubj,False,“Kitty and I are going upstairs to sit in my dressing-room.”
elizabeth,make,female,name,nsubj,False,"Elizabeth made no attempt to reason with her mother, but remained quietly in the hall till she and Kitty were out of sight, then returned into the dra"
he,bear,male,pronoun,nsubj,False,"His ease and cheerfulness rendered him a most agreeable addition to their evening party; and he bore with the ill-judged officiousness of the mother, "
he,need,male,pronoun,nsubj,False,"He scarcely needed an invitation to stay supper; and before he went away an engagement was formed, chiefly through his own and Mrs. Bennet’s means, fo"
he,go,male,pronoun,nsubj,False,"He scarcely needed an invitation to stay supper; and before he went away an engagement was formed, chiefly through his own and Mrs. Bennet’s means, fo"
his,come,male,pronoun,nsubj,False,"He scarcely needed an invitation to stay supper; and before he went away an engagement was formed, chiefly through his own and Mrs. Bennet’s means, fo"
jane,say,female,name,nsubj,False,"After this day, Jane said no more of her indifference."
elizabeth,go,female,name,nsubj,False,"Not a word passed between the sisters concerning Bingley; but Elizabeth went to bed in the happy belief that all must speedily be concluded, unless Mr"
darcy,return,male,name,nsubj,False,"Not a word passed between the sisters concerning Bingley; but Elizabeth went to bed in the happy belief that all must speedily be concluded, unless Mr"
she,persuade,female,pronoun,nsubj,False,"Seriously, however, she felt tolerably persuaded that all this must have taken place with that gentleman’s concurrence."
he,spend,male,pronoun,nsubj,False,"Bingley was punctual to his appointment; and he and Mr. Bennet spent the morning together, as had been agreed on."
bingley,return,male,name,nsubj,False,Bingley of course returned with him to dinner; and in the evening Mrs. Bennet’s invention was again at work to get everybody away from him and her dau
elizabeth,go,female,name,nsubj,False,"Elizabeth, who had a letter to write, went into the breakfast-room for that purpose soon after tea; for as the others were all going to sit down to ca"
she,want,female,pronoun,nsubjpass,True,"Elizabeth, who had a letter to write, went into the breakfast-room for that purpose soon after tea; for as the others were all going to sit down to ca"
she,return,female,pronoun,nsubj,False,"But on her returning to the drawing-room, when her letter was finished, she saw, to her infinite surprise, there was reason to fear that her mother ha"
she,see,female,pronoun,nsubj,False,"But on her returning to the drawing-room, when her letter was finished, she saw, to her infinite surprise, there was reason to fear that her mother ha"
she,perceive,female,pronoun,nsubj,False,"On opening the door, she perceived her sister and Bingley standing together over the hearth, as if engaged in earnest conversation; and had this led t"
sister,stand,female,role_noun,nsubj,False,"On opening the door, she perceived her sister and Bingley standing together over the hearth, as if engaged in earnest conversation; and had this led t"
she,think,female,pronoun,nsubj,False,she thought was still worse.
bingley,rise,male,name,nsubj,False,"Not a syllable was uttered by either; and Elizabeth was on the point of going away again, when Bingley, who as well as the other had sat down, suddenl"
jane,have,female,name,nsubj,False,"Jane could have no reserves from Elizabeth, where confidence would give pleasure; and, instantly embracing her, acknowledged, with the liveliest emoti"
she,add,female,pronoun,nsubj,False,"she added, “by far too much."
she,allow,female,pronoun,nsubj,False,"But she would not allow herself to stay with her sister, or say half that remained to be said, for the present."
herself,stay,female,pronoun,nsubj,False,"But she would not allow herself to stay with her sister, or say half that remained to be said, for the present."
she,cry,female,pronoun,nsubj,False,"“I must go instantly to my mother,” she cried."
she,hear,female,pronoun,nsubj,False,"“I would not on any account trifle with her affectionate solicitude, or allow her to hear it from anyone but myself."
he,go,male,pronoun,nsubjpass,True,He is gone to my father already.
she,hasten,female,pronoun,nsubj,False,"She then hastened away to her mother, who had purposely broken up the card-party, and was sitting upstairs with Kitty."
elizabeth,smile,female,name,nsubj,False,"Elizabeth, who was left by herself, now smiled at the rapidity and ease with which an affair was finally settled, that had given them so many previous"
she,join,female,pronoun,nsubjpass,True,"In a few minutes she was joined by Bingley, whose conference with her father had been short and to the purpose."
he,say,male,pronoun,nsubj,False,"“Where is your sister?” said he hastily, as he opened the door."
he,open,male,pronoun,nsubj,False,"“Where is your sister?” said he hastily, as he opened the door."
he,shut,male,pronoun,nsubj,False,"He then shut the door, and, coming up to her, claimed the good wishes and affection of a sister."
elizabeth,express,female,name,nsubj,False,Elizabeth honestly and heartily expressed her delight in the prospect of their relationship.
sister,come,female,role_noun,nsubj,False,"They shook hands with great cordiality; and then, till her sister came down, she had to listen to all he had to say of his own happiness, and of Jane’"
she,have,female,pronoun,nsubj,False,"They shook hands with great cordiality; and then, till her sister came down, she had to listen to all he had to say of his own happiness, and of Jane’"
he,have,male,pronoun,nsubj,False,"They shook hands with great cordiality; and then, till her sister came down, she had to listen to all he had to say of his own happiness, and of Jane’"
elizabeth,believe,female,name,nsubj,False,"They shook hands with great cordiality; and then, till her sister came down, she had to listen to all he had to say of his own happiness, and of Jane’"
she,look,female,pronoun,nsubj,False,"It was an evening of no common delight to them all; the satisfaction of Miss Bennet’s mind gave such a glow of sweet animation to her face, as made he"
kitty,simper,female,name,nsubj,False,"Kitty simpered and smiled, and hoped her turn was coming soon."
bennet,give,male,name,nsubj,False,"Mrs. Bennet could not give her consent, or speak her approbation in terms warm enough to satisfy her feelings, though she talked to Bingley of nothing"
she,talk,female,pronoun,nsubj,False,"Mrs. Bennet could not give her consent, or speak her approbation in terms warm enough to satisfy her feelings, though she talked to Bingley of nothing"
bennet,join,male,name,nsubj,False,"Mrs. Bennet could not give her consent, or speak her approbation in terms warm enough to satisfy her feelings, though she talked to Bingley of nothing"
he,go,male,pronoun,nsubjpass,True,"Not a word, however, passed his lips in allusion to it, till their visitor took his leave for the night; but as soon as he was gone, he turned to his "
he,turn,male,pronoun,nsubj,False,"Not a word, however, passed his lips in allusion to it, till their visitor took his leave for the night; but as soon as he was gone, he turned to his "
jane,go,female,name,nsubj,False,"Jane went to him instantly, kissed him, and thanked him for his goodness."
he,reply,male,pronoun,nsubj,False,"“You are a good girl,” he replied, “and I have great pleasure in thinking you will be so happily settled."
he,have,male,pronoun,nsubj,False,"Why, he has four or five thousand a year, and very likely more.”"
he,come,male,pronoun,nsubj,False,"I remember, as soon as ever I saw him, when he first came into Hertfordshire last year, I thought how likely it was that you should come together."
wickham,forget,male,name,nsubjpass,True,"Wickham, Lydia, were all forgotten."
she,care,female,pronoun,nsubj,False,At that moment she cared for no other.
sister,begin,female,role_noun,nsubj,False,Her younger sisters soon began to make interest with her for objects of happiness which she might in future be able to dispense.
mary,petition,female,name,nsubj,False,Mary petitioned for the use of the library at Netherfield; and Kitty begged very hard for a few balls there every winter.
kitty,beg,female,name,nsubj,False,Mary petitioned for the use of the library at Netherfield; and Kitty begged very hard for a few balls there every winter.
he,think,male,pronoun,nsubj,False,"Bingley, from this time, was of course a daily visitor at Longbourn; coming frequently before breakfast, and always remaining till after supper; unles"
himself,oblige,male,pronoun,nsubj,False,"Bingley, from this time, was of course a daily visitor at Longbourn; coming frequently before breakfast, and always remaining till after supper; unles"
elizabeth,have,female,name,nsubj,False,Elizabeth had now but little time for conversation with her sister; for while he was present Jane had no attention to bestow on anyone else: but she f
jane,have,female,name,nsubj,False,Elizabeth had now but little time for conversation with her sister; for while he was present Jane had no attention to bestow on anyone else: but she f
she,find,female,pronoun,nsubj,False,Elizabeth had now but little time for conversation with her sister; for while he was present Jane had no attention to bestow on anyone else: but she f
he,attach,male,pronoun,nsubj,False,"In the absence of Jane, he always attached himself to Elizabeth for the pleasure of talking of her; and when Bingley was gone, Jane constantly sought "
jane,seek,female,name,nsubj,False,"In the absence of Jane, he always attached himself to Elizabeth for the pleasure of talking of her; and when Bingley was gone, Jane constantly sought "
he,make,male,pronoun,nsubj,False,"“He has made me so happy,” said she, one evening, “by telling me that he was totally ignorant of my being in town last spring!"
she,say,female,pronoun,nsubj,False,"“He has made me so happy,” said she, one evening, “by telling me that he was totally ignorant of my being in town last spring!"
he,account,male,pronoun,nsubj,False,“But how did he account for it?”
he,choose,male,pronoun,nsubj,False,"They were certainly no friends to his acquaintance with me, which I cannot wonder at, since he might have chosen so much more advantageously in many r"
elizabeth,say,female,name,nsubj,False,"“That is the most unforgiving speech,” said Elizabeth, “that I ever heard you utter."
he,go,male,pronoun,nsubj,False,"“Would you believe it, Lizzy, that when he went to town last November he really loved me, and nothing but a persuasion of _my_ being indifferent would"
he,love,male,pronoun,nsubj,False,"“Would you believe it, Lizzy, that when he went to town last November he really loved me, and nothing but a persuasion of _my_ being indifferent would"
his,come,male,pronoun,nsubj,False,"“Would you believe it, Lizzy, that when he went to town last November he really loved me, and nothing but a persuasion of _my_ being indifferent would"
he,make,male,pronoun,nsubj,False,"“He made a little mistake, to be sure; but it is to the credit of his modesty.”"
he,put,male,pronoun,nsubj,False,"This naturally introduced a panegyric from Jane on his diffidence, and the little value he put on his own good qualities."
he,betray,male,pronoun,nsubj,False,"Elizabeth was pleased to find that he had not betrayed the interference of his friend; for, though Jane had the most generous and forgiving heart in t"
jane,have,female,name,nsubj,False,"Elizabeth was pleased to find that he had not betrayed the interference of his friend; for, though Jane had the most generous and forgiving heart in t"
she,know,female,pronoun,nsubj,False,"Elizabeth was pleased to find that he had not betrayed the interference of his friend; for, though Jane had the most generous and forgiving heart in t"
jane,cry,female,name,nsubj,False,“I am certainly the most fortunate creature that ever existed!” cried Jane.
she,venture,female,pronoun,nsubj,False,"Mrs. Bennet was privileged to whisper it to Mrs. Philips, and she ventured, without any permission, to do the same by all her neighbours in Meryton."
lydia,run,female,name,nsubj,False,"The Bennets were speedily pronounced to be the luckiest family in the world; though only a few weeks before, when Lydia had first run away, they had b"
he,sit,male,pronoun,nsubj,False,"[Illustration] One morning, about a week after Bingley’s engagement with Jane had been formed, as he and the females of the family were sitting togeth"
bingley,prevail,male,name,nsubj,False,"As it was certain, however, that somebody was coming, Bingley instantly prevailed on Miss Bennet to avoid the confinement of such an intrusion, and wa"
elizabeth,feel,female,name,nsubj,False,"They were of course all intending to be surprised: but their astonishment was beyond their expectation; and on the part of Mrs. Bennet and Kitty, thou"
she,enter,female,pronoun,nsubj,False,"She entered the room with an air more than usually ungracious, made no other reply to Elizabeth’s salutation than a slight inclination of the head, an"
elizabeth,mention,female,name,nsubj,False,"Elizabeth had mentioned her name to her mother on her Ladyship’s entrance, though no request of introduction had been made."
bennet,receive,male,name,nsubj,False,"Mrs. Bennet, all amazement, though flattered by having a guest of such high importance, received her with the utmost politeness."
she,say,female,pronoun,nsubj,False,"After sitting for a moment in silence, she said, very stiffly, to Elizabeth,-- “I hope you are well, Miss Bennet."
elizabeth,reply,female,name,nsubj,False,Elizabeth replied very concisely that she was.
bennet,say,male,name,nsubj,False,"“Yes, madam,” said Mrs. Bennet, delighted to speak to a Lady Catherine."
catherine,return,female,name,nsubj,False,"“You have a very small park here,” returned Lady Catherine, after a short silence."
bennet,assure,male,name,nsubj,False,"Mrs. Bennet assured her that they never sat there after dinner; and then added,-- “May I take the liberty of asking your Ladyship whether you left Mr."
elizabeth,expect,female,name,nsubj,False,"Elizabeth now expected that she would produce a letter for her from Charlotte, as it seemed the only probable motive for her calling."
she,produce,female,pronoun,nsubj,False,"Elizabeth now expected that she would produce a letter for her from Charlotte, as it seemed the only probable motive for her calling."
she,puzzle,female,pronoun,nsubjpass,True,"But no letter appeared, and she was completely puzzled."
bennet,beg,male,name,nsubj,False,"Mrs. Bennet, with great civility, begged her Ladyship to take some refreshment: but Lady Catherine very resolutely, and not very politely, declined ea"
elizabeth,obey,female,name,nsubj,False,"Elizabeth obeyed; and, running into her own room for her parasol, attended her noble guest downstairs."
catherine,open,female,name,nsubj,False,"As they passed through the hall, Lady Catherine opened the doors into the dining-parlour and drawing-room, and pronouncing them, after a short survey,"
elizabeth,see,female,name,nsubj,False,"Her carriage remained at the door, and Elizabeth saw that her waiting-woman was in it."
she,say,female,pronoun,nsubj,False,"[_Copyright 1894 by George Allen._]] “How could I ever think her like her nephew?” said she, as she looked in her face."
she,look,female,pronoun,nsubj,False,"[_Copyright 1894 by George Allen._]] “How could I ever think her like her nephew?” said she, as she looked in her face."
catherine,begin,female,name,nsubj,False,"As soon as they entered the copse, Lady Catherine began in the following manner:-- “You can be at no loss, Miss Bennet, to understand the reason of my"
elizabeth,look,female,name,nsubj,False,Elizabeth looked with unaffected astonishment.
elizabeth,say,female,name,nsubj,False,"“If you believed it impossible to be true,” said Elizabeth, colouring with astonishment and disdain, “I wonder you took the trouble of coming so far."
elizabeth,say,female,name,nsubj,False,"“Your coming to Longbourn, to see me and my family,” said Elizabeth coolly, “will be rather a confirmation of it--if, indeed, such a report is in exis"
he,have,male,pronoun,nsubj,False,"Has he, has my nephew, made you an offer of marriage?”"
he,retain,male,pronoun,nsubj,False,"“It ought to be so; it must be so, while he retains the use of his reason."
he,forget,male,pronoun,nsubj,False,"But _your_ arts and allurements may, in a moment of infatuation, have made him forget what he owes to himself and to all his family."
he,owe,male,pronoun,nsubj,False,"But _your_ arts and allurements may, in a moment of infatuation, have made him forget what he owes to himself and to all his family."
he,have,male,pronoun,nsubj,False,"I am almost the nearest relation he has in the world, and am entitled to know all his dearest concerns.”"
darcy,engage,male,name,nsubjpass,True,Mr. Darcy is engaged to _my daughter_.
he,make,male,pronoun,nsubj,False,"“Only this,--that if he is so, you can have no reason to suppose he will make an offer to me.”"
catherine,hesitate,female,name,nsubj,False,"Lady Catherine hesitated for a moment, and then replied,-- “The engagement between them is of a peculiar kind."
he,destine,male,pronoun,nsubjpass,True,"Have you not heard me say, that from his earliest hours he was destined for his cousin?”"
mother,wish,female,role_noun,nsubj,False,"If there is no other objection to my marrying your nephew, I shall certainly not be kept from it by knowing that his mother and aunt wished him to mar"
he,marry,male,pronoun,nsubj,False,"If there is no other objection to my marrying your nephew, I shall certainly not be kept from it by knowing that his mother and aunt wished him to mar"
elizabeth,reply,female,name,nsubj,False,"“These are heavy misfortunes,” replied Elizabeth."
wife,have,female,role_noun,nsubj,False,"“But the wife of Mr. Darcy must have such extraordinary sources of happiness necessarily attached to her situation, that she could, upon the whole, ha"
she,have,female,pronoun,nsubj,False,"“But the wife of Mr. Darcy must have such extraordinary sources of happiness necessarily attached to her situation, that she could, upon the whole, ha"
daughter,form,female,role_noun,nsubjpass,True,My daughter and my nephew are formed for each other.
elizabeth,say,female,name,nsubj,False,"“Whatever my connections may be,” said Elizabeth, “if your nephew does not object to them, they can be nothing to _you_.”"
elizabeth,answer,female,name,nsubj,False,"Though Elizabeth would not, for the mere purpose of obliging Lady Catherine, have answered this question, she could not but say, after a moment’s deli"
she,say,female,pronoun,nsubj,False,"Though Elizabeth would not, for the mere purpose of obliging Lady Catherine, have answered this question, she could not but say, after a moment’s deli"
catherine,seem,female,name,nsubj,False,Lady Catherine seemed pleased.
darcy,marry,male,name,nsubj,False,Your Ladyship wants Mr. Darcy to marry your daughter; but would my giving you the wished-for promise make _their_ marriage at all more probable?
he,attach,male,pronoun,nsubjpass,True,"Supposing him to be attached to me, would _my_ refusing to accept his hand make him wish to bestow it on his cousin?"
he,wish,male,pronoun,nsubj,False,"Supposing him to be attached to me, would _my_ refusing to accept his hand make him wish to bestow it on his cousin?"
she,answer,female,pronoun,nsubj,False,"“You can _now_ have nothing further to say,” she resentfully answered."
she,rise,female,pronoun,nsubj,False,And she rose as she spoke.
she,speak,female,pronoun,nsubj,False,And she rose as she spoke.
catherine,rise,female,name,nsubj,False,"Lady Catherine rose also, and they turned back."
elizabeth,reply,female,name,nsubj,False,"“Neither duty, nor honour, nor gratitude,” replied Elizabeth, “has any possible claim on me, in the present instance."
his,marry,male,pronoun,nsubj,False,"And with regard to the resentment of his family, or the indignation of the world, if the former _were_ excited by his marrying me, it would not give m"
catherine,talk,female,name,nsubj,False,"In this manner Lady Catherine talked on till they were at the door of the carriage, when, turning hastily round, she added,-- “I take no leave of you,"
she,"added,--",female,pronoun,nsubj,False,"In this manner Lady Catherine talked on till they were at the door of the carriage, when, turning hastily round, she added,-- “I take no leave of you,"
elizabeth,make,female,name,nsubj,False,"Elizabeth made no answer; and without attempting to persuade her Ladyship to return into the house, walked quietly into it herself."
she,hear,female,pronoun,nsubj,False,She heard the carriage drive away as she proceeded upstairs.
she,proceed,female,pronoun,nsubj,False,She heard the carriage drive away as she proceeded upstairs.
mother,meet,female,role_noun,nsubj,False,"Her mother impatiently met her at the door of her dressing-room, to ask why Lady Catherine would not come in again and rest herself."
catherine,come,female,name,nsubj,False,"Her mother impatiently met her at the door of her dressing-room, to ask why Lady Catherine would not come in again and rest herself."
she,choose,female,pronoun,nsubj,False,"“She did not choose it,” said her daughter; “she would go.”"
daughter,say,female,role_noun,nsubj,False,"“She did not choose it,” said her daughter; “she would go.”"
she,go,female,pronoun,nsubj,False,"“She did not choose it,” said her daughter; “she would go.”"
her,call,female,pronoun,nsubj,False,and her calling here was prodigiously civil!
she,come,female,pronoun,nsubj,False,"for she only came, I suppose, to tell us the Collinses were well."
she,call,female,pronoun,nsubj,False,"She is on her road somewhere, I dare say; and so, passing through Meryton, thought she might as well call on you."
she,have,female,pronoun,nsubj,False,"I suppose she had nothing particular to say to you, Lizzy?”"
elizabeth,force,female,name,nsubjpass,True,Elizabeth was forced to give in to a little falsehood here; for to acknowledge the substance of their conversation was impossible.
she,learn,female,pronoun,nsubj,False,[Illustration] The discomposure of spirits which this extraordinary visit threw Elizabeth into could not be easily overcome; nor could she for many ho
catherine,take,female,name,nsubj,False,"Lady Catherine, it appeared, had actually taken the trouble of this journey from Rosings for the sole purpose of breaking off her supposed engagement "
she,recollect,female,pronoun,nsubj,False,"but from what the report of their engagement could originate, Elizabeth was at a loss to imagine; till she recollected that _his_ being the intimate f"
she,forget,female,pronoun,nsubj,False,She had not herself forgotten to feel that the marriage of her sister must bring them more frequently together.
herself,forget,female,pronoun,nsubj,False,She had not herself forgotten to feel that the marriage of her sister must bring them more frequently together.
she,conclude,female,pronoun,nsubj,False,"And her neighbours at Lucas Lodge, therefore, (for through their communication with the Collinses, the report, she concluded, had reached Lady Catheri"
she,look,female,pronoun,nsubj,False,she_ had looked forward to as possible at some future time.
she,help,female,pronoun,nsubj,False,"In revolving Lady Catherine’s expressions, however, she could not help feeling some uneasiness as to the possible consequence of her persisting in thi"
she,persist,female,pronoun,nsubj,False,"In revolving Lady Catherine’s expressions, however, she could not help feeling some uneasiness as to the possible consequence of her persisting in thi"
she,say,female,pronoun,nsubj,False,"From what she had said of her resolution to prevent the marriage, it occurred to Elizabeth that she must meditate an application to her nephew; and ho"
she,meditate,female,pronoun,nsubj,False,"From what she had said of her resolution to prevent the marriage, it occurred to Elizabeth that she must meditate an application to her nephew; and ho"
he,take,male,pronoun,nsubj,False,"From what she had said of her resolution to prevent the marriage, it occurred to Elizabeth that she must meditate an application to her nephew; and ho"
she,dare,female,pronoun,nsubj,False,"From what she had said of her resolution to prevent the marriage, it occurred to Elizabeth that she must meditate an application to her nephew; and ho"
she,know,female,pronoun,nsubj,False,"She knew not the exact degree of his affection for his aunt, or his dependence on her judgment, but it was natural to suppose that he thought much hig"
he,think,male,pronoun,nsubj,False,"She knew not the exact degree of his affection for his aunt, or his dependence on her judgment, but it was natural to suppose that he thought much hig"
she,do,female,pronoun,nsubj,False,"She knew not the exact degree of his affection for his aunt, or his dependence on her judgment, but it was natural to suppose that he thought much hig"
he,feel,male,pronoun,nsubj,False,"With his notions of dignity, he would probably feel that the arguments, which to Elizabeth had appeared weak and ridiculous, contained much good sense"
he,waver,male,pronoun,nsubj,False,"If he had been wavering before, as to what he should do, which had often seemed likely, the advice and entreaty of so near a relation might settle eve"
he,return,male,pronoun,nsubj,False,In that case he would return no more.
catherine,see,female,name,nsubj,False,Lady Catherine might see him in her way through town; and his engagement to Bingley of coming again to Netherfield must give way.
she,add,female,pronoun,nsubj,False,"“If, therefore, an excuse for not keeping his promise should come to his friend within a few days,” she added, “I shall know how to understand it."
he,obtain,male,pronoun,nsubj,False,"If he is satisfied with only regretting me, when he might have obtained my affections and hand, I shall soon cease to regret him at all.”"
elizabeth,spare,female,name,nsubjpass,True,"The surprise of the rest of the family, on hearing who their visitor had been, was very great: but they obligingly satisfied it with the same kind of "
she,go,female,pronoun,nsubj,False,"The next morning, as she was going down stairs, she was met by her father, who came out of his library with a letter in his hand."
she,meet,female,pronoun,nsubjpass,True,"The next morning, as she was going down stairs, she was met by her father, who came out of his library with a letter in his hand."
he,say,male,pronoun,nsubj,False,"“Lizzy,” said he, “I was going to look for you: come into my room.”"
she,follow,female,pronoun,nsubj,False,She followed him thither; and her curiosity to know what he had to tell her was heightened by the supposition of its being in some manner connected wi
he,have,male,pronoun,nsubj,False,She followed him thither; and her curiosity to know what he had to tell her was heightened by the supposition of its being in some manner connected wi
he,hold,male,pronoun,nsubj,False,She followed him thither; and her curiosity to know what he had to tell her was heightened by the supposition of its being in some manner connected wi
she,anticipate,female,pronoun,nsubj,False,"It suddenly struck her that it might be from Lady Catherine, and she anticipated with dismay all the consequent explanations."
she,follow,female,pronoun,nsubj,False,"She followed her father to the fireplace, and they both sat down."
he,explain,male,pronoun,nsubj,False,"The colour now rushed into Elizabeth’s cheeks in the instantaneous conviction of its being a letter from the nephew, instead of the aunt; and she was "
father,look,male,role_noun,nsubj,False,"The colour now rushed into Elizabeth’s cheeks in the instantaneous conviction of its being a letter from the nephew, instead of the aunt; and she was "
lady,have,female,role_noun,nsubj,False,Young ladies have great penetration in such matters as these; but I think I may defy even _your_ sagacity to discover the name of your admirer.
he,have,male,pronoun,nsubj,False,and what can _he_ have to say?”
he,begin,male,pronoun,nsubj,False,"He begins with congratulations on the approaching nuptials of my eldest daughter, of which, it seems, he has been told by some of the good-natured, go"
he,tell,male,pronoun,nsubjpass,True,"He begins with congratulations on the approaching nuptials of my eldest daughter, of which, it seems, he has been told by some of the good-natured, go"
he,say,male,pronoun,nsubj,False,I shall not sport with your impatience by reading what he says on that point.
sister,resign,female,role_noun,nsubj,False,"Your daughter Elizabeth, it is presumed, will not long bear the name of Bennet, after her eldest sister has resigned it; and the chosen partner of her"
gentleman,bless,male,role_noun,nsubjpass,True,"‘This young gentleman is blessed, in a peculiar way, with everything the heart of mortal can most desire,--splendid property, noble kindred, and exten"
he,pitch,male,pronoun,nsubj,False,"Could he, or the Lucases, have pitched on any man, within the circle of our acquaintance, whose name would have given the lie more effectually to what"
elizabeth,try,female,name,nsubj,False,"Elizabeth tried to join in her father’s pleasantry, but could only force one most reluctant smile."
she,express,female,pronoun,nsubj,False,"“‘After mentioning the likelihood of this marriage to her Ladyship last night, she immediately, with her usual condescension, expressed what she felt "
she,feel,female,pronoun,nsubj,False,"“‘After mentioning the likelihood of this marriage to her Ladyship last night, she immediately, with her usual condescension, expressed what she felt "
she,give,female,pronoun,nsubj,False,"“‘After mentioning the likelihood of this marriage to her Ladyship last night, she immediately, with her usual condescension, expressed what she felt "
she,term,female,pronoun,nsubj,False,"“‘After mentioning the likelihood of this marriage to her Ladyship last night, she immediately, with her usual condescension, expressed what she felt "
collins,add,male,name,nsubj,False,"Mr. Collins, moreover, adds, ‘I am truly rejoiced that my cousin Lydia’s sad business has been so well hushed up, and am only concerned that their liv"
elizabeth,cry,female,name,nsubj,False,"For what do we live, but to make sport for our neighbours, and laugh at them in our turn?” “Oh,” cried Elizabeth, “I am exceedingly diverted."
catherine,say,female,name,nsubj,False,"And pray, Lizzy, what said Lady Catherine about this report?"
she,call,female,pronoun,nsubj,False,Did she call to refuse her consent?”
daughter,reply,female,role_noun,nsubj,False,"To this question his daughter replied only with a laugh; and as it had been asked without the least suspicion, she was not distressed by his repeating"
she,distress,female,pronoun,nsubjpass,True,"To this question his daughter replied only with a laugh; and as it had been asked without the least suspicion, she was not distressed by his repeating"
his,repeat,male,pronoun,nsubj,False,"To this question his daughter replied only with a laugh; and as it had been asked without the least suspicion, she was not distressed by his repeating"
she,cry,female,pronoun,nsubj,False,It was necessary to laugh when she would rather have cried.
father,mortify,male,role_noun,nsubj,False,Her father had most cruelly mortified her by what he said of Mr. Darcy’s indifference; and she could do nothing but wonder at such a want of penetrati
he,say,male,pronoun,nsubj,False,Her father had most cruelly mortified her by what he said of Mr. Darcy’s indifference; and she could do nothing but wonder at such a want of penetrati
she,do,female,pronoun,nsubj,False,Her father had most cruelly mortified her by what he said of Mr. Darcy’s indifference; and she could do nothing but wonder at such a want of penetrati
she,fancy,female,pronoun,nsubj,False,Her father had most cruelly mortified her by what he said of Mr. Darcy’s indifference; and she could do nothing but wonder at such a want of penetrati
bingley,do,male,name,nsubj,False,"[Illustration] Instead of receiving any such letter of excuse from his friend, as Elizabeth half expected Mr. Bingley to do, he was able to bring Darc"
gentleman,arrive,male,role_noun,nsubj,False,"The gentlemen arrived early; and, before Mrs. Bennet had time to tell him of their having seen his aunt, of which her daughter sat in momentary dread,"
bennet,have,male,name,nsubj,False,"The gentlemen arrived early; and, before Mrs. Bennet had time to tell him of their having seen his aunt, of which her daughter sat in momentary dread,"
daughter,sit,female,role_noun,nsubj,False,"The gentlemen arrived early; and, before Mrs. Bennet had time to tell him of their having seen his aunt, of which her daughter sat in momentary dread,"
mary,spare,female,name,nsubj,False,"Mrs. Bennet was not in the habit of walking, Mary could never spare time, but the remaining five set off together."
bingley,allow,male,name,nsubj,False,"Bingley and Jane, however, soon allowed the others to outstrip them."
elizabeth,form,female,name,nsubj,False,"Very little was said by either; Kitty was too much afraid of him to talk; Elizabeth was secretly forming a desperate resolution; and, perhaps, he migh"
he,do,male,pronoun,nsubj,False,"Very little was said by either; Kitty was too much afraid of him to talk; Elizabeth was secretly forming a desperate resolution; and, perhaps, he migh"
kitty,wish,female,name,nsubj,False,"They walked towards the Lucases’, because Kitty wished to call upon Maria; and as Elizabeth saw no occasion for making it a general concern, when Kitt"
elizabeth,see,female,name,nsubj,False,"They walked towards the Lucases’, because Kitty wished to call upon Maria; and as Elizabeth saw no occasion for making it a general concern, when Kitt"
kitty,leave,female,name,nsubj,False,"They walked towards the Lucases’, because Kitty wished to call upon Maria; and as Elizabeth saw no occasion for making it a general concern, when Kitt"
she,go,female,pronoun,nsubj,False,"They walked towards the Lucases’, because Kitty wished to call upon Maria; and as Elizabeth saw no occasion for making it a general concern, when Kitt"
darcy,reply,male,name,nsubj,False,"“I am sorry, exceedingly sorry,” replied Darcy, in a tone of surprise and emotion, “that you have ever been informed of what may, in a mistaken light,"
he,reply,male,pronoun,nsubj,False,"“If you _will_ thank me,” he replied, “let it be for yourself alone."
elizabeth,feel,female,name,nsubj,False,"Elizabeth, feeling all the more than common awkwardness and anxiety of his situation, now forced herself to speak; and immediately, though not very fl"
he,allude,male,pronoun,nsubj,False,"Elizabeth, feeling all the more than common awkwardness and anxiety of his situation, now forced herself to speak; and immediately, though not very fl"
she,receive,female,pronoun,nsubj,False,"Elizabeth, feeling all the more than common awkwardness and anxiety of his situation, now forced herself to speak; and immediately, though not very fl"
he,feel,male,pronoun,nsubj,False,The happiness which this reply produced was such as he had probably never felt before; and he expressed himself on the occasion as sensibly and as war
he,express,male,pronoun,nsubj,False,The happiness which this reply produced was such as he had probably never felt before; and he expressed himself on the occasion as sensibly and as war
man,suppose,male,role_noun,nsubjpass,True,The happiness which this reply produced was such as he had probably never felt before; and he expressed himself on the occasion as sensibly and as war
she,see,female,pronoun,nsubj,False,"Had Elizabeth been able to encounter his eyes, she might have seen how well the expression of heartfelt delight diffused over his face became him: but"
she,look,female,pronoun,nsubj,False,"Had Elizabeth been able to encounter his eyes, she might have seen how well the expression of heartfelt delight diffused over his face became him: but"
she,listen,female,pronoun,nsubj,False,"Had Elizabeth been able to encounter his eyes, she might have seen how well the expression of heartfelt delight diffused over his face became him: but"
he,tell,male,pronoun,nsubj,False,"Had Elizabeth been able to encounter his eyes, she might have seen how well the expression of heartfelt delight diffused over his face became him: but"
she,learn,female,pronoun,nsubj,False,"She soon learnt that they were indebted for their present good understanding to the efforts of his aunt, who _did_ call on him in her return through L"
he,say,male,pronoun,nsubj,False,"“It taught me to hope,” said he, “as I had scarcely ever allowed myself to hope before."
elizabeth,colour,female,name,nsubj,False,"Elizabeth coloured and laughed as she replied, “Yes, you know enough of my _frankness_ to believe me capable of _that_."
she,reply,female,pronoun,nsubj,False,"Elizabeth coloured and laughed as she replied, “Yes, you know enough of my _frankness_ to believe me capable of _that_."
elizabeth,say,female,name,nsubj,False,"“We will not quarrel for the greater share of blame annexed to that evening,” said Elizabeth."
darcy,mention,male,name,nsubj,False,Darcy mentioned his letter.
she,explain,female,pronoun,nsubj,False,"She explained what its effects on her had been, and how gradually all her former prejudices had been removed."
he,say,male,pronoun,nsubj,False,"“I knew,” said he, “that what I wrote must give you pain, but it was necessary."
he,tell,male,pronoun,nsubj,False,"He then told her of Georgiana’s delight in her acquaintance, and of her disappointment at its sudden interruption; which naturally leading to the caus"
she,learn,female,pronoun,nsubj,False,"He then told her of Georgiana’s delight in her acquaintance, and of her disappointment at its sudden interruption; which naturally leading to the caus"
he,quit,male,pronoun,nsubj,False,"He then told her of Georgiana’s delight in her acquaintance, and of her disappointment at its sudden interruption; which naturally leading to the caus"
she,express,female,pronoun,nsubj,False,"She expressed her gratitude again, but it was too painful a subject to each to be dwelt on farther."
elizabeth,say,female,name,nsubj,False,“I must ask whether you were surprised?” said Elizabeth.
he,exclaim,male,pronoun,nsubj,False,"And though he exclaimed at the term, she found that it had been pretty much the case."
she,find,female,pronoun,nsubj,False,"And though he exclaimed at the term, she found that it had been pretty much the case."
he,say,male,pronoun,nsubj,False,"“On the evening before my going to London,” said he, “I made a confession to him, which I believe I ought to have made long ago."
he,have,male,pronoun,nsubj,False,He had never had the slightest suspicion.
elizabeth,help,female,name,nsubj,False,Elizabeth could not help smiling at his easy manner of directing his friend.
she,say,female,pronoun,nsubj,False,"“Did you speak from your own observation,” said she, “when you told him that my sister loved him, or merely from my information last spring?”"
sister,love,female,role_noun,nsubj,False,"“Did you speak from your own observation,” said she, “when you told him that my sister loved him, or merely from my information last spring?”"
he,remain,male,pronoun,nsubj,False,"But his anger, I am persuaded, lasted no longer than he remained in any doubt of your sister’s sentiments."
he,forgive,male,pronoun,nsubj,False,He has heartily forgiven me now.”
elizabeth,long,female,name,nsubj,False,Elizabeth longed to observe that Mr. Bingley had been a most delightful friend; so easily guided that his worth was invaluable; but she checked hersel
she,check,female,pronoun,nsubj,False,Elizabeth longed to observe that Mr. Bingley had been a most delightful friend; so easily guided that his worth was invaluable; but she checked hersel
she,remember,female,pronoun,nsubj,False,"She remembered that he had yet to learn to be laughed at, and it was rather too early to begin."
he,have,male,pronoun,nsubj,False,"She remembered that he had yet to learn to be laughed at, and it was rather too early to begin."
he,continue,male,pronoun,nsubj,False,"In anticipating the happiness of Bingley, which of course was to be inferior only to his own, he continued the conversation till they reached the hous"
elizabeth,receive,female,name,nsubj,False,"[Illustration] “My dear Lizzy, where can you have been walking to?” was a question which Elizabeth received from Jane as soon as she entered the room,"
she,enter,female,pronoun,nsubj,False,"[Illustration] “My dear Lizzy, where can you have been walking to?” was a question which Elizabeth received from Jane as soon as she entered the room,"
she,have,female,pronoun,nsubj,False,"She had only to say in reply, that they had wandered about till she was beyond her own knowledge."
she,colour,female,pronoun,nsubj,False,"She coloured as she spoke; but neither that, nor anything else, awakened a suspicion of the truth."
she,speak,female,pronoun,nsubj,False,"She coloured as she spoke; but neither that, nor anything else, awakened a suspicion of the truth."
elizabeth,know,female,name,nsubj,False,"Darcy was not of a disposition in which happiness overflows in mirth; and Elizabeth, agitated and confused, rather _knew_ that she was happy than _fel"
she,anticipate,female,pronoun,nsubj,False,She anticipated what would be felt in the family when her situation became known: she was aware that no one liked him but Jane; and even feared that w
she,open,female,pronoun,nsubj,False,At night she opened her heart to Jane.
he,love,male,pronoun,nsubj,False,"He still loves me, and we are engaged.”"
jane,look,female,name,nsubj,False,Jane looked at her doubtingly.
bennet,look,male,name,nsubj,False,Miss Bennet still looked all amazement.
elizabeth,assure,female,name,nsubj,False,"Elizabeth again, and more seriously, assured her of its truth."
jane,cry,female,name,nsubj,False,"Yet now I must believe you,” cried Jane."
she,satisfy,female,pronoun,nsubj,False,"Another entreaty that she would be serious, however, produced the desired effect; and she soon satisfied Jane by her solemn assurances of attachment."
bennet,have,male,name,nsubj,False,"When convinced on that article, Miss Bennet had nothing further to wish."
she,say,female,pronoun,nsubj,False,"“Now I am quite happy,” said she, “for you will be as happy as myself."
elizabeth,tell,female,name,nsubj,False,Elizabeth told her the motives of her secrecy.
she,avoid,female,pronoun,nsubj,False,She had been unwilling to mention Bingley; and the unsettled state of her own feelings had made her equally avoid the name of his friend: but now she 
she,conceal,female,pronoun,nsubj,False,She had been unwilling to mention Bingley; and the unsettled state of her own feelings had made her equally avoid the name of his friend: but now she 
bennet,cry,male,name,nsubj,False,"cried Mrs. Bennet, as she stood at a window the next morning, “if that disagreeable Mr. Darcy is not coming here again with our dear Bingley!"
she,stand,female,pronoun,nsubj,False,"cried Mrs. Bennet, as she stood at a window the next morning, “if that disagreeable Mr. Darcy is not coming here again with our dear Bingley!"
darcy,come,male,name,nsubj,False,"cried Mrs. Bennet, as she stood at a window the next morning, “if that disagreeable Mr. Darcy is not coming here again with our dear Bingley!"
he,mean,male,pronoun,nsubj,False,What can he mean by being so tiresome as to be always coming here?
he,go,male,pronoun,nsubj,False,"I had no notion but he would go a-shooting, or something or other, and not disturb us with his company."
elizabeth,help,female,name,nsubj,False,Elizabeth could hardly help laughing at so convenient a proposal; yet was really vexed that her mother should be always giving him such an epithet.
mother,give,female,role_noun,nsubj,False,Elizabeth could hardly help laughing at so convenient a proposal; yet was really vexed that her mother should be always giving him such an epithet.
bingley,look,male,name,nsubj,False,"As soon as they entered, Bingley looked at her so expressively, and shook hands with such warmth, as left no doubt of his good information; and he soo"
he,say,male,pronoun,nsubj,False,"As soon as they entered, Bingley looked at her so expressively, and shook hands with such warmth, as left no doubt of his good information; and he soo"
bennet,say,male,name,nsubj,False,"“I advise Mr. Darcy, and Lizzy, and Kitty,” said Mrs. Bennet, “to walk to Oakham Mount this morning."
darcy,see,male,name,nsubj,False,"It is a nice long walk, and Mr. Darcy has never seen the view.”"
bingley,reply,male,name,nsubj,False,"“It may do very well for the others,” replied Mr. Bingley; “but I am sure it will be too much for Kitty."
kitty,own,female,name,nsubj,False,Kitty owned that she had rather stay at home.
she,stay,female,pronoun,nsubj,False,Kitty owned that she had rather stay at home.
darcy,profess,male,name,nsubj,False,"Darcy professed a great curiosity to see the view from the Mount, and Elizabeth silently consented."
elizabeth,consent,female,name,nsubj,False,"Darcy professed a great curiosity to see the view from the Mount, and Elizabeth silently consented."
she,go,female,pronoun,nsubj,False,"As she went upstairs to get ready, Mrs. Bennet followed her, saying,-- “I am quite sorry, Lizzy, that you should be forced to have that disagreeable m"
bennet,follow,male,name,nsubj,False,"As she went upstairs to get ready, Mrs. Bennet followed her, saying,-- “I am quite sorry, Lizzy, that you should be forced to have that disagreeable m"
elizabeth,reserve,female,name,nsubj,False,"During their walk, it was resolved that Mr. Bennet’s consent should be asked in the course of the evening: Elizabeth reserved to herself the applicati"
she,determine,female,pronoun,nsubj,False,She could not determine how her mother would take it; sometimes doubting whether all his wealth and grandeur would be enough to overcome her abhorrenc
mother,take,female,role_noun,nsubj,False,She could not determine how her mother would take it; sometimes doubting whether all his wealth and grandeur would be enough to overcome her abhorrenc
she,set,female,pronoun,nsubjpass,True,She could not determine how her mother would take it; sometimes doubting whether all his wealth and grandeur would be enough to overcome her abhorrenc
she,bear,female,pronoun,nsubj,False,She could not determine how her mother would take it; sometimes doubting whether all his wealth and grandeur would be enough to overcome her abhorrenc
darcy,hear,male,name,nsubj,False,She could not determine how her mother would take it; sometimes doubting whether all his wealth and grandeur would be enough to overcome her abhorrenc
bennet,withdraw,male,name,nsubj,False,"In the evening, soon after Mr. Bennet withdrew to the library, she saw Mr. Darcy rise also and follow him, and her agitation on seeing it was extreme."
she,see,female,pronoun,nsubj,False,"In the evening, soon after Mr. Bennet withdrew to the library, she saw Mr. Darcy rise also and follow him, and her agitation on seeing it was extreme."
darcy,rise,male,name,nsubj,False,"In the evening, soon after Mr. Bennet withdrew to the library, she saw Mr. Darcy rise also and follow him, and her agitation on seeing it was extreme."
she,fear,female,pronoun,nsubj,False,"She did not fear her father’s opposition, but he was going to be made unhappy, and that it should be through her means; that _she_, his favourite chil"
he,go,male,pronoun,nsubj,False,"She did not fear her father’s opposition, but he was going to be made unhappy, and that it should be through her means; that _she_, his favourite chil"
she,sit,female,pronoun,nsubj,False,"She did not fear her father’s opposition, but he was going to be made unhappy, and that it should be through her means; that _she_, his favourite chil"
darcy,appear,male,name,nsubj,False,"She did not fear her father’s opposition, but he was going to be made unhappy, and that it should be through her means; that _she_, his favourite chil"
he,approach,male,pronoun,nsubj,False,"In a few minutes he approached the table where she was sitting with Kitty; and, while pretending to admire her work, said in a whisper, “Go to your fa"
she,sit,female,pronoun,nsubj,False,"In a few minutes he approached the table where she was sitting with Kitty; and, while pretending to admire her work, said in a whisper, “Go to your fa"
he,want,male,pronoun,nsubj,False,"In a few minutes he approached the table where she was sitting with Kitty; and, while pretending to admire her work, said in a whisper, “Go to your fa"
she,go,female,pronoun,nsubjpass,True,She was gone directly.
father,walk,male,role_noun,nsubj,False,"Her father was walking about the room, looking grave and anxious."
he,say,male,pronoun,nsubj,False,"“Lizzy,” said he, “what are you doing?"
she,wish,female,pronoun,nsubj,False,"How earnestly did she then wish that her former opinions had been more reasonable, her expressions more moderate!"
she,assure,female,pronoun,nsubj,False,"It would have spared her from explanations and professions which it was exceedingly awkward to give; but they were now necessary, and she assured him,"
elizabeth,say,female,name,nsubj,False,"“Have you any other objection,” said Elizabeth, “than your belief of my indifference?”"
she,reply,female,pronoun,nsubj,False,"“I do, I do like him,” she replied, with tears in her eyes; “I love him."
he,have,male,pronoun,nsubj,False,Indeed he has no improper pride.
father,say,male,role_noun,nsubj,False,"“Lizzy,” said her father, “I have given him my consent."
he,condescend,male,pronoun,nsubj,False,"He is the kind of man, indeed, to whom I should never dare refuse anything, which he condescended to ask."
she,conquer,female,pronoun,nsubj,False,"Elizabeth, still more affected, was earnest and solemn in her reply; and, at length, by repeated assurances that Mr. Darcy was really the object of he"
he,say,male,pronoun,nsubj,False,"“Well, my dear,” said he, when she ceased speaking, “I have no more to say."
she,cease,female,pronoun,nsubj,False,"“Well, my dear,” said he, when she ceased speaking, “I have no more to say."
he,deserve,male,pronoun,nsubj,False,"If this be the case, he deserves you."
she,tell,female,pronoun,nsubj,False,"To complete the favourable impression, she then told him what Mr. Darcy had voluntarily done for Lydia."
darcy,do,male,name,nsubj,False,"To complete the favourable impression, she then told him what Mr. Darcy had voluntarily done for Lydia."
he,hear,male,pronoun,nsubj,False,He heard her with astonishment.
darcy,do,male,name,nsubj,False,"And so, Darcy did everything; made up the match, gave the money, paid the fellow’s debts, and got him his commission!"
he,rant,male,pronoun,nsubj,False,"I shall offer to pay him to-morrow, he will rant and storm about his love for you, and there will be an end of the matter.”"
he,recollect,male,pronoun,nsubj,False,"He then recollected her embarrassment a few days before on his reading Mr. Collins’s letter; and after laughing at her some time, allowed her at last "
she,quit,female,pronoun,nsubj,False,"He then recollected her embarrassment a few days before on his reading Mr. Collins’s letter; and after laughing at her some time, allowed her at last "
man,come,male,role_noun,nsubj,False,"He then recollected her embarrassment a few days before on his reading Mr. Collins’s letter; and after laughing at her some time, allowed her at last "
mother,go,female,role_noun,nsubj,False,"When her mother went up to her dressing-room at night, she followed her, and made the important communication."
she,follow,female,pronoun,nsubj,False,"When her mother went up to her dressing-room at night, she followed her, and made the important communication."
bennet,sit,male,name,nsubj,False,"Its effect was most extraordinary; for, on first hearing it, Mrs. Bennet sat quite still, and unable to utter a syllable."
she,comprehend,female,pronoun,nsubj,False,"Nor was it under many, many minutes, that she could comprehend what she heard, though not in general backward to credit what was for the advantage of "
she,hear,female,pronoun,nsubj,False,"Nor was it under many, many minutes, that she could comprehend what she heard, though not in general backward to credit what was for the advantage of "
she,begin,female,pronoun,nsubj,False,"She began at length to recover, to fidget about in her chair, get up, sit down again, wonder, and bless herself."
he,overlook,male,pronoun,nsubj,False,I hope he will overlook it.
daughter,marry,female,role_noun,nsubj,False,Three daughters married!
mother,follow,female,role_noun,nsubj,False,"But before she had been three minutes in her own room, her mother followed her."
she,cry,female,pronoun,nsubj,False,"“My dearest child,” she cried, “I can think of nothing else."
elizabeth,find,female,name,nsubj,False,"This was a sad omen of what her mother’s behaviour to the gentleman himself might be; and Elizabeth found that, though in the certain possession of hi"
she,expect,female,pronoun,nsubj,False,"But the morrow passed off much better than she expected; for Mrs. Bennet luckily stood in such awe of her intended son-in-law, that she ventured not t"
bennet,stand,male,name,nsubj,False,"But the morrow passed off much better than she expected; for Mrs. Bennet luckily stood in such awe of her intended son-in-law, that she ventured not t"
she,venture,female,pronoun,nsubj,False,"But the morrow passed off much better than she expected; for Mrs. Bennet luckily stood in such awe of her intended son-in-law, that she ventured not t"
elizabeth,have,female,name,nsubj,False,Elizabeth had the satisfaction of seeing her father taking pains to get acquainted with him; and Mr. Bennet soon assured her that he was rising every 
father,take,male,role_noun,nsubj,False,Elizabeth had the satisfaction of seeing her father taking pains to get acquainted with him; and Mr. Bennet soon assured her that he was rising every 
bennet,assure,male,name,nsubj,False,Elizabeth had the satisfaction of seeing her father taking pains to get acquainted with him; and Mr. Bennet soon assured her that he was rising every 
he,rise,male,pronoun,nsubj,False,Elizabeth had the satisfaction of seeing her father taking pains to get acquainted with him; and Mr. Bennet soon assured her that he was rising every 
he,say,male,pronoun,nsubj,False,"“I admire all my three sons-in-law highly,” said he."
she,want,female,pronoun,nsubj,False,"[Illustration] Elizabeth’s spirits soon rising to playfulness again, she wanted Mr. Darcy to account for his having ever fallen in love with her."
darcy,account,male,name,nsubj,False,"[Illustration] Elizabeth’s spirits soon rising to playfulness again, she wanted Mr. Darcy to account for his having ever fallen in love with her."
his,fall,male,pronoun,nsubj,False,"[Illustration] Elizabeth’s spirits soon rising to playfulness again, she wanted Mr. Darcy to account for his having ever fallen in love with her."
she,say,female,pronoun,nsubj,False,“How could you begin?” said she.
she,love,female,pronoun,nsubj,False,"“Lady Catherine has been of infinite use, which ought to make her happy, for she loves to be of use."
lady,do,female,role_noun,nsubj,False,"“And if I had not a letter to write myself, I might sit by you, and admire the evenness of your writing, as another young lady once did."
elizabeth,answer,female,name,nsubj,False,"From an unwillingness to confess how much her intimacy with Mr. Darcy had been overrated, Elizabeth had never yet answered Mrs. Gardiner’s long letter"
she,know,female,pronoun,nsubj,False,"From an unwillingness to confess how much her intimacy with Mr. Darcy had been overrated, Elizabeth had never yet answered Mrs. Gardiner’s long letter"
she,smile,female,pronoun,nsubj,False,"I am happier even than Jane; she only smiles, I laugh."
darcy,send,male,name,nsubj,False,Mr. Darcy sends you all the love in the world that can be spared from me.
bennet,send,male,name,nsubj,False,"Mr. Darcy’s letter to Lady Catherine was in a different style, and still different from either was what Mr. Bennet sent to Mr. Collins, in return for "
he,have,male,pronoun,nsubj,False,He has more to give.
she,write,female,pronoun,nsubj,False,"She wrote even to Jane on the occasion, to express her delight, and repeat all her former professions of regard."
jane,deceive,female,name,nsubjpass,True,"Jane was not deceived, but she was affected; and though feeling no reliance on her, could not help writing her a much kinder answer than she knew was "
she,affect,female,pronoun,nsubjpass,True,"Jane was not deceived, but she was affected; and though feeling no reliance on her, could not help writing her a much kinder answer than she knew was "
she,know,female,pronoun,nsubj,False,"Jane was not deceived, but she was affected; and though feeling no reliance on her, could not help writing her a much kinder answer than she knew was "
darcy,express,male,name,nsubj,False,The joy which Miss Darcy expressed on receiving similar information was as sincere as her brother’s in sending it.
catherine,render,female,name,nsubjpass,True,"Lady Catherine had been rendered so exceedingly angry by the contents of her nephew’s letter, that Charlotte, really rejoicing in the match, was anxio"
charlotte,rejoice,female,name,nsubj,False,"Lady Catherine had been rendered so exceedingly angry by the contents of her nephew’s letter, that Charlotte, really rejoicing in the match, was anxio"
she,think,female,pronoun,nsubj,False,"At such a moment, the arrival of her friend was a sincere pleasure to Elizabeth, though in the course of their meetings she must sometimes think the p"
she,see,female,pronoun,nsubj,False,"At such a moment, the arrival of her friend was a sincere pleasure to Elizabeth, though in the course of their meetings she must sometimes think the p"
darcy,expose,male,name,nsubj,False,"At such a moment, the arrival of her friend was a sincere pleasure to Elizabeth, though in the course of their meetings she must sometimes think the p"
he,bear,male,pronoun,nsubj,False,"He bore it, however, with admirable calmness."
he,listen,male,pronoun,nsubj,False,"He could even listen to Sir William Lucas, when he complimented him on carrying away the brightest jewel of the country, and expressed his hopes of th"
he,compliment,male,pronoun,nsubj,False,"He could even listen to Sir William Lucas, when he complimented him on carrying away the brightest jewel of the country, and expressed his hopes of th"
bingley,encourage,male,name,nsubj,False,"Mrs. Philips’s vulgarity was another, and, perhaps, a greater tax on his forbearance; and though Mrs. Philips, as well as her sister, stood in too muc"
she,speak,female,pronoun,nsubj,False,"Mrs. Philips’s vulgarity was another, and, perhaps, a greater tax on his forbearance; and though Mrs. Philips, as well as her sister, stood in too muc"
elizabeth,do,female,name,nsubj,False,"Elizabeth did all she could to shield him from the frequent notice of either, and was ever anxious to keep him to herself, and to those of her family "
he,converse,male,pronoun,nsubj,False,"Elizabeth did all she could to shield him from the frequent notice of either, and was ever anxious to keep him to herself, and to those of her family "
she,look,female,pronoun,nsubj,False,"Elizabeth did all she could to shield him from the frequent notice of either, and was ever anxious to keep him to herself, and to those of her family "
bennet,rid,male,name,nsubjpass,True,[Illustration] Happy for all her maternal feelings was the day on which Mrs. Bennet got rid of her two most deserving daughters.
she,visit,female,pronoun,nsubj,False,"With what delighted pride she afterwards visited Mrs. Bingley, and talked of Mrs. Darcy, may be guessed."
bennet,miss,male,name,nsubj,False,Mr. Bennet missed his second daughter exceedingly; his affection for her drew him oftener from home than anything else could do.
he,delight,male,pronoun,nsubj,False,"He delighted in going to Pemberley, especially when he was least expected."
he,expect,male,pronoun,nsubjpass,True,"He delighted in going to Pemberley, especially when he was least expected."
bingley,remain,male,name,nsubj,False,Mr. Bingley and Jane remained at Netherfield only a twelvemonth.
he,buy,male,pronoun,nsubj,False,"The darling wish of his sisters was then gratified: he bought an estate in a neighbouring county to Derbyshire; and Jane and Elizabeth, in addition to"
kitty,spend,female,name,nsubj,False,"Kitty, to her very material advantage, spent the chief of her time with her two elder sisters."
she,know,female,pronoun,nsubj,False,"In society so superior to what she had generally known, her improvement was great."
she,become,female,pronoun,nsubj,False,"She was not of so ungovernable a temper as Lydia; and, removed from the influence of Lydia’s example, she became, by proper attention and management, "
wickham,invite,male,name,nsubj,False,From the further disadvantage of Lydia’s society she was of course carefully kept; and though Mrs. Wickham frequently invited her to come and stay wit
father,consent,male,role_noun,nsubj,False,From the further disadvantage of Lydia’s society she was of course carefully kept; and though Mrs. Wickham frequently invited her to come and stay wit
she,go,female,pronoun,nsubj,False,From the further disadvantage of Lydia’s society she was of course carefully kept; and though Mrs. Wickham frequently invited her to come and stay wit
she,draw,female,pronoun,nsubjpass,True,Mary was the only daughter who remained at home; and she was necessarily drawn from the pursuit of accomplishments by Mrs. Bennet’s being quite unable
mary,oblige,female,name,nsubjpass,True,"Mary was obliged to mix more with the world, but she could still moralize over every morning visit; and as she was no longer mortified by comparisons "
she,moralize,female,pronoun,nsubj,False,"Mary was obliged to mix more with the world, but she could still moralize over every morning visit; and as she was no longer mortified by comparisons "
she,mortify,female,pronoun,nsubjpass,True,"Mary was obliged to mix more with the world, but she could still moralize over every morning visit; and as she was no longer mortified by comparisons "
she,submit,female,pronoun,nsubj,False,"Mary was obliged to mix more with the world, but she could still moralize over every morning visit; and as she was no longer mortified by comparisons "
he,bear,male,pronoun,nsubj,False,He bore with philosophy the conviction that Elizabeth must now become acquainted with whatever of his ingratitude and falsehood had before been unknow
elizabeth,become,female,name,nsubj,False,He bore with philosophy the conviction that Elizabeth must now become acquainted with whatever of his ingratitude and falsehood had before been unknow
darcy,prevail,male,name,nsubjpass,True,He bore with philosophy the conviction that Elizabeth must now become acquainted with whatever of his ingratitude and falsehood had before been unknow
elizabeth,receive,female,name,nsubj,False,"The congratulatory letter which Elizabeth received from Lydia on her marriage explained to her that, by his wife at least, if not by himself, such a h"
wickham,like,male,name,nsubj,False,I am sure Wickham would like a place at court very much; and I do not think we shall have quite money enough to live upon without some help.
elizabeth,have,female,name,nsubj,False,"As it happened that Elizabeth had much rather not, she endeavoured in her answer to put an end to every entreaty and expectation of the kind."
she,endeavour,female,pronoun,nsubj,False,"As it happened that Elizabeth had much rather not, she endeavoured in her answer to put an end to every entreaty and expectation of the kind."
she,send,female,pronoun,nsubj,False,"Such relief, however, as it was in her power to afford, by the practice of what might be called economy in her own private expenses, she frequently se"
hers,last,female,pronoun,nsubj,False,"His affection for her soon sunk into indifference: hers lasted a little longer; and, in spite of her youth and her manners, she retained all the claim"
she,retain,female,pronoun,nsubj,False,"His affection for her soon sunk into indifference: hers lasted a little longer; and, in spite of her youth and her manners, she retained all the claim"
darcy,receive,male,name,nsubj,False,"Though Darcy could never receive _him_ at Pemberley, yet, for Elizabeth’s sake, he assisted him further in his profession."
he,assist,male,pronoun,nsubj,False,"Though Darcy could never receive _him_ at Pemberley, yet, for Elizabeth’s sake, he assisted him further in his profession."
husband,go,male,role_noun,nsubjpass,True,"Lydia was occasionally a visitor there, when her husband was gone to enjoy himself in London or Bath; and with the Bingleys they both of them frequent"
he,proceed,male,pronoun,nsubj,False,"Lydia was occasionally a visitor there, when her husband was gone to enjoy himself in London or Bath; and with the Bingleys they both of them frequent"
bingley,mortify,male,name,nsubjpass,True,"Miss Bingley was very deeply mortified by Darcy’s marriage; but as she thought it advisable to retain the right of visiting at Pemberley, she dropped "
she,think,female,pronoun,nsubj,False,"Miss Bingley was very deeply mortified by Darcy’s marriage; but as she thought it advisable to retain the right of visiting at Pemberley, she dropped "
she,drop,female,pronoun,nsubj,False,"Miss Bingley was very deeply mortified by Darcy’s marriage; but as she thought it advisable to retain the right of visiting at Pemberley, she dropped "
darcy,hope,male,name,nsubj,False,Pemberley was now Georgiana’s home; and the attachment of the sisters was exactly what Darcy had hoped to see.
georgiana,have,female,name,nsubj,False,"Georgiana had the highest opinion in the world of Elizabeth; though at first she often listened with an astonishment bordering on alarm at her lively,"
she,listen,female,pronoun,nsubj,False,"Georgiana had the highest opinion in the world of Elizabeth; though at first she often listened with an astonishment bordering on alarm at her lively,"
he,see,male,pronoun,nsubj,False,"He, who had always inspired in herself a respect which almost overcame her affection, she now saw the object of open pleasantry."
she,see,female,pronoun,nsubj,False,"He, who had always inspired in herself a respect which almost overcame her affection, she now saw the object of open pleasantry."
she,begin,female,pronoun,nsubj,False,"By Elizabeth’s instructions she began to comprehend that a woman may take liberties with her husband, which a brother will not always allow in a siste"
woman,take,female,role_noun,nsubj,False,"By Elizabeth’s instructions she began to comprehend that a woman may take liberties with her husband, which a brother will not always allow in a siste"
brother,allow,male,role_noun,nsubj,False,"By Elizabeth’s instructions she began to comprehend that a woman may take liberties with her husband, which a brother will not always allow in a siste"
she,give,female,pronoun,nsubj,False,"Lady Catherine was extremely indignant on the marriage of her nephew; and as she gave way to all the genuine frankness of her character, in her reply "
she,send,female,pronoun,nsubj,False,"Lady Catherine was extremely indignant on the marriage of her nephew; and as she gave way to all the genuine frankness of her character, in her reply "
he,prevail,male,pronoun,nsubjpass,True,"But at length, by Elizabeth’s persuasion, he was prevailed on to overlook the offence, and seek a reconciliation; and, after a little further resistan"
wife,conduct,female,role_noun,nsubj,False,"But at length, by Elizabeth’s persuasion, he was prevailed on to overlook the offence, and seek a reconciliation; and, after a little further resistan"
she,condescend,female,pronoun,nsubj,False,"But at length, by Elizabeth’s persuasion, he was prevailed on to overlook the offence, and seek a reconciliation; and, after a little further resistan"
darcy,love,male,name,nsubj,False,"Darcy, as well as Elizabeth, really loved them; and they were both ever sensible of the warmest gratitude towards the persons who, by bringing her int"
